Student_ID,week1_attendance_pct,week1_lms_logins,week1_resource_accesses,week1_submission_delay_days,week1_assessment_score,week2_attendance_pct,week2_lms_logins,week2_resource_accesses,week2_submission_delay_days,week2_assessment_score,week3_attendance_pct,week3_lms_logins,week3_resource_accesses,week3_submission_delay_days,week3_assessment_score,week4_attendance_pct,week4_lms_logins,week4_resource_accesses,week4_submission_delay_days,week4_assessment_score,week5_attendance_pct,week5_lms_logins,week5_resource_accesses,week5_submission_delay_days,week5_assessment_score,week6_attendance_pct,week6_lms_logins,week6_resource_accesses,week6_submission_delay_days,week6_assessment_score,At_Risk
S0001,62.7776185232011,4.0,15.0,2.0,68.10446338099332,88.40894705299402,4.0,11.0,2.0,60.61580330927518,59.26673389400955,8.0,14.0,3.0,73.86053768249916,80.5023641105886,5.0,14.0,2.0,59.037835467773235,84.90364641466232,4.0,9.0,1.0,50.792842636314944,62.80862299800741,3.0,18.0,2.0,65.2920715690098,0
S0002,87.60549560025689,9.0,24.0,1.0,77.65303959095077,100.0,9.0,17.0,-0.0,79.24314748349514,81.73104143859202,7.0,12.0,0.0,100.0,84.59591039239098,10.0,20.0,3.0,91.9735314574938,86.21563696795776,2.0,1.0,1.0,77.736276751327,94.272590869976,10.0,10.0,1.0,86.61685194639644,0
S0003,78.787757359824,5.0,5.0,2.0,72.59209880697466,79.79539478445629,4.0,14.0,2.0,43.124904824570145,68.32703703607719,2.0,14.0,2.0,51.13241123987535,54.357812343779194,3.0,11.0,1.0,54.438385737492574,70.5404030933195,6.0,11.0,4.0,41.64636781130145,68.70232134106486,2.0,5.0,1.0,60.722889109025544,1
S0004,70.42502764036348,3.0,16.0,4.0,67.08861731985203,72.13685745193035,6.0,10.0,2.0,39.16580297228424,66.70777344774841,5.0,15.0,5.0,50.958008644683375,66.22839199903702,6.0,18.0,3.0,63.56393217113512,76.42106023712627,3.0,8.0,3.0,48.57936993528942,64.60960655121306,5.0,11.0,2.0,56.041993978580365,0
S0005,95.65462363032509,6.0,17.0,0.0,45.70883640899943,96.76886707193637,8.0,20.0,0.0,90.06252083927015,100.0,8.0,13.0,0.0,84.58621716432181,100.0,9.0,11.0,1.0,85.75468970925493,100.0,9.0,13.0,-0.0,84.09167296790316,93.17004734334023,6.0,13.0,0.0,87.89336374504633,0
S0006,88.23342503479138,4.0,18.0,0.0,88.65518593062157,86.14434289549324,9.0,18.0,0.0,70.41286712621371,100.0,7.0,12.0,2.0,85.09881796705963,100.0,5.0,18.0,-0.0,81.64404927265053,94.97300745381168,9.0,12.0,1.0,75.11540011382192,86.81533270828754,7.0,10.0,0.0,77.0040855740778,0
S0007,72.04571079220736,6.0,5.0,5.0,52.672884235269976,95.67262188629991,6.0,16.0,1.0,46.38643193023027,94.78480882225774,6.0,10.0,4.0,68.07984471504713,90.75478078924827,3.0,8.0,4.0,68.02411131688076,83.32106356584877,6.0,13.0,4.0,76.8983024015061,93.66144577968916,7.0,17.0,2.0,88.41206591360793,0
S0008,74.92455297187209,5.0,19.0,0.0,51.25822354315403,94.25631977649847,3.0,17.0,1.0,84.6772040158327,100.0,7.0,7.0,1.0,79.62273775497509,87.50946319688488,3.0,17.0,1.0,64.92253132779511,88.21765780033479,7.0,11.0,1.0,60.83283927975806,79.11075816093441,2.0,9.0,1.0,74.94579749106478,0
S0009,100.0,1.0,15.0,1.0,65.52938382981299,73.46516200614208,8.0,18.0,0.0,59.32288615406359,61.88592493216436,6.0,10.0,1.0,52.41539998403089,88.13437917280837,6.0,14.0,1.0,50.95331039473034,79.4780940844856,4.0,16.0,0.0,33.58827415012558,93.90991483537896,5.0,12.0,0.0,61.357534311934664,0
S0010,94.95361605753604,6.0,14.0,0.0,82.28403480215596,91.46146442198699,6.0,13.0,1.0,92.62780172985082,80.31287615927337,6.0,19.0,2.0,82.08639092588749,91.3672181810454,6.0,21.0,0.0,87.25628371376764,82.52063192655244,8.0,18.0,0.0,52.929618545094385,90.95580218175147,4.0,7.0,-0.0,51.218073271097225,0
S0011,82.96773092936574,3.0,13.0,3.0,36.23573570735617,68.32524116068872,6.0,5.0,3.0,59.604611326903694,79.90844416122594,8.0,6.0,2.0,48.81500492821256,57.86601236193526,3.0,12.0,3.0,81.51567534206049,79.63776945276891,4.0,9.0,3.0,58.95656635435503,56.734046805730785,4.0,10.0,3.0,56.44510025720684,1
S0012,67.57535909285448,8.0,7.0,2.0,70.08615048451624,59.50576024181257,6.0,13.0,2.0,64.34870471448477,67.19591412398127,7.0,16.0,0.0,58.21540601693242,61.37826592405235,1.0,9.0,2.0,83.45109638534684,75.34583424924529,0.0,8.0,3.0,52.00683486561592,73.73350550630857,2.0,15.0,4.0,52.146545815776065,1
S0013,79.04218220059404,2.0,10.0,2.0,78.02643688983024,83.00547884628224,4.0,15.0,1.0,64.3786965790319,90.80309996501741,7.0,10.0,1.0,91.25188380597473,72.78749122013417,6.0,10.0,3.0,59.59391426943614,54.70190573749961,7.0,12.0,1.0,50.02628877697448,65.01862761150862,6.0,17.0,0.0,58.744239758852174,1
S0014,61.037698946907376,1.0,8.0,3.0,57.38525467851264,64.21443475248128,2.0,16.0,6.0,19.555316506679915,71.28570788472956,4.0,18.0,3.0,37.15218860759555,85.21665564298759,4.0,9.0,2.0,46.463197318730266,58.09032048710918,6.0,9.0,2.0,84.14590653757071,74.88609431687546,3.0,14.0,3.0,69.92414611217609,0
S0015,45.036897216197076,7.0,4.0,2.0,51.17817575430087,65.02695723967926,6.0,16.0,5.0,47.40989570272769,95.00784775566909,3.0,8.0,3.0,59.412362019328356,88.57768600867283,3.0,9.0,1.0,55.564952307784964,69.48933791202914,8.0,4.0,2.0,74.92740827688851,72.36411701191973,6.0,11.0,1.0,64.44120582481916,0
S0016,74.91610576954123,9.0,17.0,0.0,62.88163257018229,73.30262644201447,6.0,22.0,0.0,74.83299219277023,100.0,9.0,13.0,0.0,58.74788381648363,77.29368633179372,5.0,19.0,1.0,74.1312009988193,87.43864081074987,11.0,22.0,1.0,75.77494438682682,99.71439918487441,9.0,18.0,-0.0,53.03869138185616,1
S0017,56.21631721532778,4.0,16.0,5.0,78.6755420012982,58.77809937262446,7.0,14.0,1.0,69.41870008127287,89.87594089380029,5.0,8.0,2.0,66.45544380289982,77.3844347600869,5.0,16.0,4.0,63.57803866140674,90.79108041185047,7.0,14.0,3.0,67.57865355416384,93.14629157508708,5.0,13.0,1.0,72.97613801430194,1
S0018,65.5503032736997,5.0,11.0,0.0,56.43170839734732,87.69059507678331,6.0,15.0,0.0,52.5333896948563,86.80524930479464,6.0,11.0,2.0,92.26408682375023,86.51642289608625,8.0,8.0,1.0,63.617827592687725,100.0,8.0,12.0,0.0,73.87685185419221,69.723567015887,9.0,12.0,0.0,55.44031278821306,0
S0019,57.992738994042774,6.0,11.0,3.0,74.11808343839577,70.91590704052102,6.0,5.0,4.0,58.46507307688082,70.36751653400076,4.0,15.0,2.0,61.590668650747055,69.27584021401181,4.0,10.0,5.0,38.499195135291615,41.231194951725826,7.0,2.0,-0.0,41.662083561193825,64.8032998354108,7.0,12.0,2.0,68.92197447065112,1
S0020,98.44865317342835,1.0,11.0,0.0,66.18647088203642,71.64557529890098,6.0,13.0,1.0,52.787561888866094,78.08614353004052,4.0,14.0,0.0,66.86523716316326,74.91667119342206,3.0,12.0,2.0,69.1984514009661,84.60206133644277,4.0,11.0,0.0,82.92934311933396,66.03566500477295,4.0,16.0,3.0,61.84820574634618,0
S0021,83.5002519865456,2.0,14.0,1.0,68.50694064045261,91.44235913088458,6.0,10.0,2.0,73.13330594670776,65.16278027519898,8.0,17.0,3.0,88.44625624218133,99.7017854726732,6.0,9.0,2.0,20.422896222901016,83.26851944219842,2.0,10.0,0.0,81.76724477097765,100.0,9.0,7.0,0.0,71.06532460199179,0
S0022,100.0,6.0,11.0,-0.0,50.89606756825286,88.3036664870478,6.0,14.0,4.0,74.53768444424186,100.0,8.0,8.0,0.0,79.43632953084943,88.06334654595973,8.0,15.0,2.0,73.40009997361807,85.72434752437154,5.0,13.0,0.0,47.12662248103125,82.20647625936695,6.0,9.0,0.0,74.46060274160735,0
S0023,73.48383619739617,7.0,6.0,5.0,53.72055379145949,75.07466900176946,4.0,10.0,3.0,66.18360904727373,76.69669298070421,4.0,12.0,4.0,67.24851140162505,69.94592692980095,4.0,15.0,5.0,42.548120095504785,73.46731981893143,6.0,1.0,5.0,58.94464164288026,50.77069823122919,2.0,9.0,3.0,53.700810951544284,1
S0024,93.09053021133873,5.0,17.0,0.0,78.1354920448473,81.10489482050433,8.0,14.0,2.0,84.4808158433133,78.75949881378557,6.0,8.0,0.0,79.55889823651991,85.1909227763567,6.0,16.0,3.0,80.46745819326782,83.8972891897106,4.0,10.0,0.0,74.2609459787739,100.0,6.0,7.0,1.0,72.47863014729987,1
S0025,75.90084210013927,6.0,13.0,2.0,53.57353699170333,76.8661944213089,6.0,13.0,2.0,78.70913681146747,100.0,5.0,8.0,1.0,32.01591256343641,73.17836394426193,5.0,18.0,0.0,86.95016650110311,80.77439833612873,7.0,11.0,2.0,67.77904101764787,75.99873196403911,6.0,8.0,1.0,73.4296574545104,0
S0026,92.16088050568257,8.0,21.0,0.0,78.50223764640813,86.84287990903388,7.0,17.0,0.0,83.56684575047035,77.50905729440466,2.0,14.0,2.0,70.44797222618902,85.97611342945684,4.0,10.0,2.0,86.51877614835338,84.62438102168585,7.0,12.0,2.0,100.0,64.41114107706429,3.0,11.0,1.0,97.69754658998544,0
S0027,84.88916976780531,9.0,11.0,1.0,63.923079695972824,60.59250481469329,5.0,-0.0,4.0,57.77211348153277,53.28698533744986,2.0,12.0,2.0,47.58386558012758,87.69240082035526,3.0,11.0,2.0,57.826651806397585,81.22339893571001,5.0,10.0,4.0,90.51933347209872,60.24380810377717,3.0,15.0,1.0,65.81218591266872,0
S0028,71.06034778519081,4.0,7.0,2.0,55.332980762706924,84.05337753963491,5.0,12.0,1.0,100.0,89.2685523267185,4.0,11.0,0.0,52.73512283816315,94.4524071177636,2.0,8.0,2.0,48.453543188871464,81.91777046617028,2.0,11.0,2.0,59.06044784289371,77.698409522902,8.0,15.0,1.0,67.8061694571394,0
S0029,84.17442571983813,5.0,16.0,4.0,75.83809709491838,65.81415079428652,8.0,16.0,4.0,46.809206533111784,61.31721847505216,3.0,14.0,0.0,84.51687938659423,62.48616165981081,7.0,12.0,0.0,52.46838144790746,78.12352896388036,6.0,17.0,4.0,60.75320493712279,76.00891041721518,6.0,12.0,3.0,53.93937899038198,0
S0030,84.0552220698113,9.0,14.0,0.0,32.860195204221384,87.87975928531468,7.0,19.0,1.0,56.30320907919068,74.1116633794255,6.0,15.0,4.0,58.44451233540489,57.83775411824855,6.0,12.0,-0.0,67.71833953446077,68.65959743387953,4.0,9.0,5.0,58.928003930192446,65.22893779372629,8.0,12.0,2.0,69.0243203022305,1
S0031,51.84724493686393,-0.0,10.0,2.0,51.43705447370731,53.98040743552195,3.0,10.0,3.0,59.20254414975189,60.11535287983005,4.0,13.0,4.0,73.0794787325795,57.987491350923186,3.0,11.0,3.0,23.54142134071872,90.67159098912575,6.0,4.0,3.0,38.02487076863325,50.62130331420329,2.0,16.0,5.0,32.253249144696866,1
S0032,72.99734399297884,8.0,18.0,0.0,94.73624237687224,98.82096737594978,6.0,20.0,0.0,82.60224843190005,90.29614931709592,6.0,8.0,3.0,52.356512280054176,98.58081608905118,7.0,18.0,0.0,91.57384301634266,89.18472491448978,8.0,6.0,2.0,59.173502987999896,85.10753748764111,4.0,11.0,3.0,88.16593837861788,1
S0033,73.42513003700765,4.0,11.0,0.0,93.28163123812465,73.76319175672712,5.0,14.0,-0.0,79.94587355870826,97.01548269423246,9.0,19.0,2.0,57.95103636683223,90.74982747119117,7.0,16.0,0.0,68.4936068455527,95.18422874782055,5.0,11.0,3.0,80.21842685440232,100.0,3.0,14.0,2.0,52.341548861137156,0
S0034,91.98956651378418,7.0,13.0,0.0,81.59502137001809,82.4182636019808,6.0,14.0,-0.0,85.59218849438228,97.1217171259368,5.0,21.0,2.0,86.81063653580637,97.91505292368431,5.0,10.0,2.0,83.14015869667986,83.257870576394,10.0,8.0,0.0,100.0,92.9508472963846,8.0,11.0,0.0,64.32650558379086,0
S0035,79.14834477714132,4.0,10.0,-0.0,57.6166749084132,79.39544571385238,5.0,13.0,0.0,32.67040560976047,81.02293667041387,4.0,9.0,2.0,57.06100449762592,57.70123810079127,4.0,5.0,1.0,36.90024018192927,75.899110681624,5.0,14.0,2.0,83.54135223277943,66.4662361125491,6.0,5.0,2.0,39.03234634975248,0
S0036,60.07099481457522,2.0,4.0,2.0,47.80904128112425,83.22726990119125,6.0,10.0,2.0,78.96045879632076,59.2922833953923,4.0,3.0,3.0,61.012859785205784,61.517454968830265,3.0,12.0,3.0,43.7465287121742,70.16060170167668,1.0,9.0,2.0,67.75875500148868,64.84020369650159,3.0,14.0,4.0,62.58528946322636,1
S0037,83.5724461301168,4.0,11.0,0.0,64.89851346186975,100.0,7.0,9.0,1.0,66.28500115241614,85.98434472141551,8.0,7.0,4.0,67.56717900737225,55.700074364688795,11.0,18.0,-0.0,42.459966537359435,58.710024573225226,5.0,16.0,2.0,35.439907724987776,90.48994120665027,4.0,11.0,2.0,63.20524567579935,1
S0038,98.08816568024965,7.0,19.0,0.0,84.01486624047597,91.33811521075829,4.0,12.0,2.0,93.8440833214172,72.37512160598655,7.0,12.0,1.0,74.40549743810118,88.33186465563631,9.0,14.0,1.0,90.6982176828414,81.04179212243288,10.0,20.0,0.0,50.29787200213316,100.0,9.0,17.0,1.0,86.00454708511495,0
S0039,98.48758194858725,9.0,15.0,2.0,64.94339888048056,100.0,9.0,9.0,1.0,47.775440051361,100.0,7.0,22.0,3.0,71.98550719466331,63.89866008248437,7.0,8.0,1.0,74.00194579866212,80.64757313761831,5.0,10.0,3.0,91.14309844784574,75.81399004254982,6.0,13.0,0.0,62.586541161651695,0
S0040,93.46604077539814,4.0,5.0,3.0,72.09800557445833,70.96750473602312,4.0,13.0,1.0,65.08603117048966,57.212701448109605,1.0,11.0,-0.0,64.00697916746131,89.63541975601402,7.0,19.0,0.0,69.49234146986029,66.03799813811378,5.0,9.0,3.0,84.16530039275648,86.21279383514405,4.0,16.0,1.0,68.93472908717268,0
S0041,89.14797410313865,5.0,4.0,3.0,90.43170554001212,86.6094155851178,3.0,10.0,2.0,52.6784263799377,68.866926051686,3.0,8.0,-0.0,69.55039431335622,91.28206173166934,7.0,12.0,1.0,61.45524984058664,59.38613449482907,2.0,16.0,3.0,68.31974302428446,68.07086406775417,3.0,6.0,2.0,68.68517099391626,1
S0042,64.00980585556432,6.0,17.0,1.0,61.70209202516452,64.31913108513119,7.0,9.0,2.0,70.5781394390863,59.39881218032146,7.0,8.0,4.0,85.17036743056272,76.51302495338405,2.0,11.0,0.0,69.1271080717211,74.9515754842542,2.0,12.0,0.0,58.290332906244444,54.53458107615177,4.0,15.0,-0.0,65.53362635341807,0
S0043,100.0,4.0,13.0,0.0,55.83356982692067,93.96301286253468,9.0,11.0,3.0,79.09408340745078,79.75861134978781,2.0,8.0,-0.0,71.8199215780875,69.96972948804047,6.0,9.0,2.0,69.93091102716757,100.0,5.0,16.0,0.0,93.58731120443083,65.45379020664711,7.0,17.0,2.0,75.087326056867,1
S0044,73.0745073915975,7.0,9.0,0.0,46.851960320903025,50.945908955988735,6.0,14.0,1.0,70.8030559343213,78.8073664314507,8.0,15.0,5.0,60.167450630430544,82.7547772932242,5.0,12.0,2.0,62.82874851669811,79.41208984307477,3.0,16.0,4.0,76.22869957563756,93.45632096184451,2.0,4.0,2.0,67.59917533506578,0
S0045,93.25492984890512,7.0,11.0,2.0,77.70505963255478,66.8573639596145,7.0,15.0,1.0,52.00795827335184,73.57135891725997,6.0,11.0,4.0,59.51868011816487,100.0,7.0,14.0,2.0,65.54888804526333,64.94121063138901,4.0,15.0,1.0,82.75737583885979,96.15674419992338,6.0,10.0,0.0,54.08344674761989,0
S0046,80.41026494859392,10.0,6.0,3.0,64.97666752726367,84.79454701295002,7.0,7.0,0.0,65.01554634124932,92.52538053372831,4.0,20.0,4.0,86.39008800316486,84.10325143222398,5.0,14.0,2.0,71.49195720169106,65.62357859759369,9.0,13.0,0.0,39.82114653104803,70.76543522837497,7.0,16.0,1.0,50.759340525051854,0
S0047,67.4684909010863,4.0,16.0,4.0,71.56134476541484,56.265017216163635,7.0,5.0,0.0,56.76337354950733,74.33709563412347,3.0,13.0,4.0,68.95026078011155,85.43409132846095,4.0,7.0,3.0,65.33537011757049,66.28966965205602,4.0,16.0,3.0,64.09247098896213,67.8685476547967,4.0,17.0,2.0,66.89992863821989,1
S0048,57.848086646179304,4.0,10.0,3.0,58.29316502402229,84.2638442929487,7.0,15.0,2.0,72.69838509615724,73.18553221273538,9.0,15.0,0.0,39.17757654211879,72.51846522312385,4.0,11.0,2.0,100.0,60.95317078873491,7.0,11.0,3.0,90.60804057212022,56.15214150992555,7.0,14.0,2.0,60.60237023621087,0
S0049,72.47317668361298,6.0,16.0,1.0,72.8395940348387,85.00944825595751,2.0,5.0,3.0,75.0610223053496,72.12896764652059,7.0,10.0,-0.0,34.00717453013171,62.87743023220854,7.0,8.0,2.0,84.75329415259554,76.58543581373945,7.0,13.0,3.0,68.59514239581016,81.6764421548105,7.0,9.0,4.0,67.55835184235536,0
S0050,62.54403141195489,7.0,12.0,2.0,65.10802087681492,74.84078792300285,9.0,14.0,3.0,69.43087221323168,95.09303572029343,5.0,7.0,4.0,55.703398992137885,79.2062861256704,3.0,19.0,1.0,42.421586302656166,95.89381667282356,3.0,11.0,1.0,80.5996355478283,78.91606443357868,7.0,8.0,2.0,89.03804774523712,1
S0051,90.42727744452344,4.0,17.0,1.0,54.85374923856487,66.79225114631978,7.0,18.0,3.0,47.24239397565978,88.92613721382376,5.0,8.0,-0.0,68.3308422298614,54.49922235512141,4.0,15.0,2.0,63.10532932211859,70.3088360616197,3.0,15.0,4.0,65.61802676017479,58.19235963158681,4.0,14.0,-0.0,58.70860044763518,0
S0052,93.25734140144704,4.0,12.0,2.0,56.073139038381214,68.96559012551918,4.0,17.0,6.0,63.19322107554935,60.59057878759113,3.0,5.0,5.0,61.218535792552935,100.0,1.0,9.0,2.0,56.004575977897645,74.36943639712364,6.0,8.0,1.0,63.1721694537188,75.5127186087935,5.0,9.0,-0.0,53.28585262788669,1
S0053,88.46578214685205,8.0,19.0,3.0,65.81279722263135,86.0389661882021,5.0,18.0,-0.0,100.0,89.06089344873708,8.0,19.0,1.0,89.77845792436818,98.50451457617824,5.0,11.0,3.0,100.0,91.28118576635786,6.0,8.0,1.0,100.0,79.3554849456638,8.0,14.0,0.0,78.03159327364969,0
S0054,89.14003229016157,4.0,16.0,0.0,99.04774598371557,83.9018206837393,7.0,16.0,1.0,94.24078674140202,90.41386120414278,5.0,11.0,1.0,68.7405039730071,94.71765883233441,7.0,14.0,1.0,66.77624068715599,76.36084916460844,7.0,15.0,1.0,61.819675284476276,90.20634354079893,5.0,12.0,1.0,71.74230791791321,0
S0055,78.46940093312506,5.0,16.0,1.0,71.35438115310913,87.99918669587773,6.0,22.0,0.0,31.062132664320167,90.61449822954523,6.0,17.0,2.0,92.26758934223315,80.43599685646628,7.0,11.0,1.0,79.20377082718127,87.84901201229047,9.0,9.0,1.0,61.95677888729096,72.18042392060913,5.0,17.0,2.0,81.30166986339931,0
S0056,81.48583956903529,7.0,15.0,3.0,83.41197572398417,84.95553485351505,7.0,4.0,2.0,75.27558263416125,75.62307783389161,10.0,14.0,1.0,85.19833778526964,69.3106198923773,6.0,12.0,1.0,41.66991565851175,79.46799036533822,3.0,9.0,0.0,67.69378213563395,91.07248635145099,5.0,21.0,3.0,73.99136180380364,1
S0057,94.32050120987799,8.0,12.0,0.0,63.23525465207565,100.0,7.0,11.0,1.0,83.80109586584166,93.21608383517301,6.0,11.0,1.0,71.83749501188645,100.0,8.0,8.0,3.0,49.56101115276094,73.72575933361381,5.0,18.0,1.0,71.0796721468414,75.19017507804821,11.0,17.0,4.0,99.85108057036734,0
S0058,65.0931864343007,2.0,16.0,2.0,38.32359737993851,56.52279974017795,2.0,12.0,4.0,50.49800871170433,54.065155894184905,1.0,4.0,5.0,69.08533891513352,50.86644220110207,6.0,5.0,2.0,82.34269139509048,44.5241489932686,3.0,13.0,3.0,30.509342128969656,35.16725526300465,3.0,9.0,2.0,58.94248009725162,0
S0059,100.0,3.0,10.0,-0.0,73.38398400408134,100.0,4.0,13.0,0.0,70.21703827491805,100.0,4.0,15.0,3.0,53.57362401651933,94.51020743545658,6.0,15.0,3.0,77.36173273184788,90.69920100548944,6.0,13.0,0.0,86.89313618224787,100.0,9.0,10.0,2.0,87.58985260957746,0
S0060,65.56214835505865,0.0,10.0,2.0,73.73391192139397,58.45406726374835,5.0,15.0,3.0,54.579717442916355,76.90232797448917,4.0,9.0,3.0,57.12617047677206,75.46595583532714,5.0,9.0,2.0,44.338776125518926,82.55305083892614,3.0,0.0,4.0,56.01776004907448,81.96015076881508,3.0,13.0,3.0,57.80117059572888,0
S0061,100.0,5.0,16.0,0.0,77.53845263658208,100.0,7.0,16.0,-0.0,92.55935051224317,86.12847408002519,6.0,19.0,0.0,86.75387000194984,100.0,7.0,26.0,3.0,88.22888991327359,100.0,7.0,18.0,0.0,96.78034735771078,92.2501670868168,11.0,22.0,0.0,98.99433492956119,0
S0062,86.85269628533692,3.0,14.0,2.0,59.161402681645924,99.48100023242036,6.0,13.0,1.0,55.27027065860762,78.53481491228258,6.0,10.0,3.0,79.77736129919288,75.06872449565715,7.0,15.0,2.0,56.606024951522535,100.0,6.0,15.0,3.0,41.68187132847566,86.97683587467091,5.0,17.0,0.0,68.47502905006756,1
S0063,89.75905240077574,5.0,10.0,3.0,68.54896877011795,93.38600211088475,3.0,11.0,1.0,83.01411047148113,72.85218890950145,2.0,14.0,0.0,42.360145309349264,77.21412943953017,3.0,7.0,-0.0,62.40523976241039,70.51553082709006,6.0,14.0,1.0,78.37779171973924,83.46785170160625,5.0,12.0,2.0,57.35333756673957,0
S0064,70.18566246708858,2.0,12.0,3.0,69.12409309645564,70.10845958264511,4.0,9.0,4.0,61.35387480263425,76.67007501067592,6.0,17.0,3.0,58.49207999016448,62.95094444253938,8.0,5.0,2.0,41.80112553699101,84.16126700352821,7.0,13.0,4.0,80.85430590175102,79.19742778064682,1.0,9.0,-0.0,74.8126041761198,0
S0065,73.5818015716596,3.0,10.0,1.0,83.88760856601601,80.43734426313473,6.0,8.0,5.0,47.797394364509756,70.9287848461287,2.0,12.0,3.0,66.4941853509865,82.68663993298584,7.0,12.0,4.0,49.84563715296342,59.34491620013293,5.0,10.0,4.0,67.02740387809565,92.88368961669401,7.0,12.0,1.0,60.085694551341405,1
S0066,71.8871938612136,3.0,4.0,3.0,65.01903434521567,77.92732941677153,6.0,11.0,1.0,75.80742990758249,58.72731345221943,5.0,13.0,1.0,66.74679741756346,78.93174354277939,2.0,9.0,2.0,54.23781399557997,80.18428416153557,7.0,9.0,3.0,60.48679348235147,76.2747580942436,7.0,15.0,1.0,63.50023339935574,1
S0067,75.80329041658337,5.0,13.0,-0.0,80.50314822192166,78.95670565161993,4.0,10.0,2.0,49.8554180509214,68.30486604006191,5.0,15.0,3.0,88.0930685028432,84.37914659755805,4.0,18.0,1.0,87.17704112319834,100.0,5.0,8.0,1.0,83.60009691320029,79.54409026486476,4.0,14.0,1.0,85.23360895400752,0
S0068,95.03084813429128,9.0,9.0,0.0,82.69337124353018,94.07726896508713,4.0,17.0,0.0,64.8505765686235,92.87414973208458,10.0,21.0,1.0,83.2845925803401,79.06565205896987,7.0,14.0,2.0,79.12016203420991,91.46644775665563,4.0,10.0,-0.0,90.4235135490185,90.220863682987,8.0,13.0,3.0,74.56928683279868,1
S0069,80.36525337311168,6.0,3.0,6.0,43.27802584037163,94.51217137079978,4.0,13.0,3.0,51.41679027343616,75.19710768094127,5.0,12.0,2.0,58.56839649621988,96.65008010355551,4.0,2.0,2.0,68.35957769061777,90.9040047094962,4.0,11.0,2.0,66.74121313723629,65.40288921768644,2.0,7.0,2.0,57.33075869113585,0
S0070,91.22700391256457,6.0,13.0,1.0,56.42639426224253,89.36475555444933,7.0,17.0,0.0,99.92823038412199,84.57079826015814,10.0,15.0,3.0,79.36267573409872,67.27957973985774,7.0,8.0,1.0,69.55219812972042,75.31956359678594,7.0,14.0,2.0,78.28001978252668,69.31769958669135,7.0,23.0,0.0,62.41749498581666,1
S0071,100.0,6.0,17.0,0.0,65.58231517890012,100.0,8.0,10.0,0.0,71.16657247242702,98.48133186424268,8.0,15.0,0.0,77.93777233561437,76.29719239438704,6.0,12.0,0.0,92.27675061055342,92.8217767705566,9.0,18.0,0.0,100.0,100.0,7.0,11.0,0.0,95.62039511725622,0
S0072,100.0,6.0,17.0,1.0,60.68283156035177,100.0,6.0,8.0,0.0,49.16335905303334,86.23912958373786,10.0,11.0,2.0,81.38770747871474,92.282087586502,10.0,16.0,3.0,67.10360236922943,81.87795501195315,10.0,9.0,2.0,89.9890699390897,98.87608520733961,10.0,11.0,1.0,74.54870259518621,0
S0073,87.61463886782809,7.0,16.0,0.0,88.33096110820176,74.18225585775603,7.0,14.0,0.0,69.04911124610813,93.52188343931945,6.0,9.0,0.0,88.32175576207918,87.81740722716684,7.0,10.0,0.0,66.93663963027271,90.93145332748288,7.0,7.0,-0.0,65.99089500192912,67.77454074456391,7.0,15.0,1.0,76.4791161196524,1
S0074,81.00785963661875,6.0,3.0,0.0,67.08909384275493,81.65392789388406,8.0,23.0,3.0,69.40609742312925,100.0,6.0,16.0,2.0,62.39418145482976,88.50222127246118,10.0,12.0,2.0,68.73466755985868,78.16731766066569,6.0,9.0,1.0,80.76137918616865,66.32724619238854,7.0,10.0,1.0,67.04509983968558,1
S0075,72.95010863212524,3.0,6.0,0.0,67.68868752257464,67.83220200516145,6.0,17.0,0.0,77.5529262914648,93.7281223521895,8.0,8.0,2.0,71.64359815274007,86.98671436258385,7.0,6.0,2.0,62.66767917891388,79.14573765481252,8.0,8.0,0.0,64.84364458154118,87.52500873028868,8.0,16.0,3.0,70.53473546956809,0
S0076,74.68492489862922,5.0,18.0,2.0,24.797115243690556,66.92601781688094,1.0,8.0,2.0,92.96670216752113,70.1437596937365,6.0,13.0,1.0,74.5534692297605,73.55896814903902,2.0,11.0,2.0,60.90130458224269,67.11499373758356,3.0,11.0,3.0,61.56110857976125,53.63876607835881,4.0,15.0,0.0,75.28694054753561,1
S0077,79.5027857202755,2.0,9.0,2.0,100.0,100.0,6.0,15.0,0.0,91.96909245716768,79.619318144487,7.0,15.0,2.0,82.24283451371208,91.50383250353555,10.0,14.0,0.0,69.974632572561,79.2111899812255,6.0,8.0,2.0,73.76885244729608,75.66458079966685,6.0,8.0,0.0,71.29505870717159,0
S0078,99.69690710778876,6.0,14.0,3.0,53.89479503108308,76.81692408225042,9.0,15.0,4.0,69.04551940404498,45.130790628257344,5.0,15.0,2.0,83.68320907157204,84.84205237715204,7.0,17.0,0.0,83.96290889309354,82.79811050195661,11.0,16.0,3.0,79.97875323641507,100.0,3.0,9.0,1.0,85.68398727397383,0
S0079,79.48288347047485,6.0,8.0,3.0,90.46947464347204,65.83641641482856,2.0,5.0,3.0,49.26427951427975,87.14283550217567,4.0,9.0,4.0,94.34237223166738,99.1611863085427,5.0,12.0,3.0,80.02183711783084,71.60706250215733,6.0,7.0,4.0,86.22803676751394,69.14549903189832,4.0,7.0,1.0,58.26150129141884,0
S0080,82.78646239966955,5.0,13.0,-0.0,50.80408466808396,98.83380288373931,6.0,18.0,0.0,93.8298494360654,94.04207618222037,8.0,10.0,2.0,80.93445422419958,87.24317262286783,7.0,9.0,-0.0,62.327144749309916,69.98117587489618,7.0,19.0,2.0,71.43536558677994,96.39513739391093,10.0,16.0,2.0,76.284128282162,0
S0081,91.298895249145,9.0,8.0,1.0,52.05863140463437,65.20334835275995,4.0,10.0,1.0,58.27235791985864,69.64953675555057,8.0,13.0,3.0,56.97415190475932,67.60254679471454,3.0,17.0,0.0,38.794076767955644,52.60803983519119,7.0,13.0,3.0,87.66991716600067,92.98107636594169,6.0,13.0,3.0,60.85941070281207,1
S0082,63.23380043418823,5.0,16.0,1.0,43.7793680555317,83.51215562145704,7.0,13.0,3.0,65.40505810366204,71.30069315720765,5.0,12.0,1.0,81.78478208014373,90.4631985496717,3.0,13.0,1.0,64.65830279823955,80.53532350856266,4.0,9.0,2.0,76.9234957894546,76.37921619845203,4.0,12.0,2.0,100.0,0
S0083,61.824361173832315,6.0,13.0,0.0,76.70028812884848,100.0,6.0,13.0,2.0,65.79150523549373,71.3303829939391,4.0,8.0,0.0,78.19399629651656,53.3694393529729,6.0,16.0,-0.0,59.073096413699304,67.80636747161826,5.0,21.0,2.0,91.26088967777235,87.1899757657792,9.0,14.0,2.0,66.72162423607543,0
S0084,95.74918069661891,6.0,11.0,1.0,56.39978344862603,86.31232761767713,8.0,17.0,-0.0,54.28534359542795,90.7318911837347,4.0,21.0,1.0,80.40652864912863,84.60734633693727,9.0,10.0,2.0,83.46185571117032,74.57227697162881,4.0,14.0,0.0,74.59544194146096,100.0,7.0,8.0,1.0,68.1745989061047,1
S0085,95.87985747888786,7.0,10.0,1.0,64.93639429851343,76.01507155996109,7.0,12.0,-0.0,73.44811517949674,93.28214729752928,9.0,11.0,1.0,100.0,100.0,8.0,15.0,-0.0,92.84536113073281,88.47457308955218,8.0,15.0,0.0,73.06446526548717,98.66853293917444,9.0,12.0,-0.0,81.5647703084315,0
S0086,79.64865831448773,5.0,12.0,2.0,43.91507615170262,82.77117808323003,7.0,4.0,2.0,59.866758572446365,84.14240692264597,3.0,7.0,2.0,39.5527140663681,82.66951213780365,8.0,8.0,2.0,48.69523662961249,73.29011263667222,4.0,11.0,0.0,90.03966214087873,100.0,6.0,6.0,3.0,59.39544713869064,0
S0087,71.24667250240738,6.0,8.0,1.0,83.57699428035733,82.00583515767185,6.0,14.0,0.0,82.92321588339689,87.40074340264816,8.0,12.0,3.0,93.88775528064352,89.54609826597806,9.0,14.0,1.0,62.130956782259354,77.57135575925888,6.0,15.0,3.0,64.46363621910172,77.5207263405029,7.0,14.0,1.0,77.09685735943349,0
S0088,81.58376016379104,7.0,14.0,4.0,77.83554993466879,99.94078253235837,5.0,4.0,0.0,62.44182212130886,92.66367067939325,7.0,17.0,2.0,93.7808949655367,88.45343456084136,6.0,15.0,-0.0,47.168903591151654,100.0,5.0,14.0,0.0,58.707731718359746,100.0,1.0,13.0,2.0,85.08229434485263,0
S0089,100.0,8.0,21.0,2.0,88.56100788604391,69.03754338042539,4.0,10.0,1.0,45.4481040252017,80.34668843674196,4.0,2.0,3.0,71.14552269672392,88.75086529056759,7.0,9.0,1.0,65.07383274025955,59.9785503488594,2.0,7.0,1.0,45.60796927332039,74.91187461171712,7.0,7.0,3.0,65.25479504549993,1
S0090,86.97855250122097,5.0,16.0,4.0,53.934795544678934,89.30286874838173,1.0,16.0,4.0,41.08187806610675,86.2337016255988,8.0,16.0,-0.0,71.82457937682442,92.99095795124887,8.0,9.0,2.0,62.90585825585682,89.99870655895543,7.0,10.0,2.0,81.27643350853361,71.15839625957474,0.0,13.0,2.0,66.1144654455596,1
S0091,76.7172423430131,6.0,13.0,3.0,64.40962010492734,95.58914018968791,5.0,13.0,2.0,64.28012537559576,48.804562870236104,2.0,7.0,4.0,57.96312160863915,78.85023460477285,4.0,12.0,1.0,72.39385435441712,71.12994768498565,1.0,11.0,0.0,82.39441110233868,80.36125209993287,7.0,15.0,3.0,58.13805058320242,0
S0092,77.81469340834441,4.0,12.0,0.0,50.93416208146691,72.4720216438648,10.0,16.0,1.0,70.00161679366337,67.47119348363414,9.0,13.0,1.0,69.0733907025281,78.09000311545135,5.0,9.0,2.0,75.94469296892629,73.59302363351655,4.0,15.0,2.0,74.20867262404221,79.74583877654656,6.0,8.0,0.0,61.913823830734366,0
S0093,81.92140721005296,8.0,5.0,0.0,67.54243680214708,83.93772518338737,7.0,15.0,1.0,64.47260516345719,81.48406139383415,7.0,10.0,0.0,82.00431334851567,57.694017545768375,6.0,7.0,1.0,80.77582471522807,92.10719355718095,3.0,15.0,0.0,58.458759215909026,83.6414562120509,8.0,12.0,3.0,73.58439986367132,0
S0094,57.32652564957018,4.0,7.0,0.0,61.53334772312751,87.1404036097038,7.0,22.0,5.0,62.25279166217501,95.03172573877329,1.0,20.0,4.0,77.66691560784854,93.41498144406313,1.0,14.0,0.0,47.20915355206367,75.84236970475031,4.0,13.0,-0.0,68.70227910877506,86.69921174950265,6.0,14.0,-0.0,68.90357146390208,0
S0095,100.0,10.0,21.0,0.0,91.3756437445162,89.87252974288823,7.0,13.0,-0.0,90.31216139876868,100.0,11.0,16.0,1.0,94.96328055962772,100.0,8.0,15.0,0.0,76.1047798272887,89.2771025362651,8.0,14.0,-0.0,80.63667342546684,76.86787025386083,10.0,16.0,0.0,100.0,0
S0096,100.0,12.0,12.0,-0.0,96.70943001408556,100.0,7.0,17.0,2.0,100.0,95.14740780801144,9.0,12.0,1.0,91.24448472667684,98.55015104684357,9.0,15.0,0.0,95.75568699063572,100.0,10.0,13.0,0.0,68.04456436505487,86.33436297158431,7.0,10.0,0.0,69.04403376187035,0
S0097,77.64226380985104,7.0,12.0,1.0,95.10192979518503,93.45065228582651,9.0,13.0,0.0,70.3049719455282,88.41073496924027,6.0,14.0,1.0,93.8044557615372,87.09307779356757,8.0,17.0,0.0,73.68693046506701,68.61617518067919,4.0,10.0,2.0,74.38251423893878,100.0,8.0,13.0,2.0,100.0,0
S0098,85.03271239593451,2.0,14.0,2.0,66.17309646496827,89.62890424449591,11.0,18.0,0.0,79.21710798303089,68.71009257252267,5.0,15.0,0.0,88.98554965581388,100.0,7.0,17.0,1.0,55.18654603344823,88.43122919770754,6.0,17.0,0.0,85.05276739417333,100.0,8.0,12.0,2.0,75.9170568275316,0
S0099,63.71290791924114,4.0,7.0,2.0,77.98080839748762,77.78974421853954,8.0,11.0,2.0,77.41804338884016,87.16524867492018,2.0,12.0,2.0,49.66137641912378,73.31564639610461,5.0,10.0,3.0,75.31411185096883,78.2833429519717,1.0,9.0,4.0,55.52989415219629,79.8892160068421,9.0,10.0,2.0,66.08174332644157,1
S0100,80.37605527125551,9.0,9.0,-0.0,76.43759863409146,92.41544619590344,8.0,21.0,0.0,66.18919049083911,84.55798270662696,12.0,16.0,2.0,88.70654316271093,90.34720427640886,3.0,10.0,4.0,68.97308062339891,100.0,5.0,13.0,1.0,81.13906491771587,93.27071621118884,8.0,13.0,3.0,62.14707937863877,0
S0101,86.80156761629608,7.0,13.0,0.0,67.23726899783568,87.72635732334575,6.0,11.0,1.0,71.56277593650762,100.0,4.0,13.0,3.0,97.80183817022107,84.28792502441436,9.0,10.0,3.0,86.65854345117019,79.77861732028748,6.0,14.0,1.0,46.9131147440152,88.98789356805328,3.0,19.0,1.0,79.64874124048822,0
S0102,42.695662864491595,4.0,6.0,3.0,45.08855620667449,60.122572578871875,4.0,15.0,4.0,54.47577857891202,58.03564168393913,1.0,4.0,3.0,54.63494249476371,71.90670934233925,3.0,11.0,0.0,54.74991093037499,98.04067165637332,5.0,9.0,1.0,78.51625183129498,77.20206975457083,3.0,8.0,4.0,41.56104766862232,1
S0103,93.29014894196045,8.0,10.0,1.0,63.72353858955253,78.85684298947864,4.0,15.0,-0.0,53.204506420004996,100.0,6.0,11.0,4.0,92.55535898236894,70.93531954931414,5.0,13.0,1.0,67.68156750999918,93.42833241785466,2.0,13.0,3.0,66.08287761123424,66.80416763536158,7.0,6.0,0.0,76.79010385841801,1
S0104,82.93358958606623,6.0,7.0,3.0,85.01723816207641,72.06427768096408,2.0,10.0,2.0,62.983827442047854,82.06773734991167,1.0,13.0,2.0,47.78271011656686,79.4379510897502,7.0,8.0,2.0,79.70951679105627,43.87981501780842,6.0,7.0,3.0,72.8083286909653,65.77364086630007,7.0,11.0,3.0,64.48463602144876,0
S0105,89.2565634236657,9.0,16.0,4.0,81.6399275310151,91.3327027852791,4.0,16.0,2.0,77.77780230056081,79.13062168825225,5.0,11.0,0.0,76.91950012555267,82.41913419841231,9.0,11.0,1.0,59.09899813217838,73.22560173249789,5.0,15.0,4.0,79.97776710021176,89.37664548976367,5.0,21.0,0.0,72.7774812631405,0
S0106,54.491311016729426,8.0,12.0,3.0,72.49894144369317,78.59362105718452,6.0,13.0,0.0,77.8255550730211,86.24553860026697,8.0,15.0,0.0,61.07816145333828,74.83016865375406,6.0,15.0,-0.0,90.13347209351156,85.50302114604519,3.0,11.0,3.0,75.68934922442534,84.60928948496338,10.0,12.0,1.0,41.14053541426153,1
S0107,80.49321909198773,10.0,13.0,2.0,73.82876452958857,95.93751830904861,6.0,16.0,2.0,60.88380990385585,100.0,8.0,14.0,0.0,96.809318083039,100.0,8.0,13.0,-0.0,68.5492366114629,77.12384751573326,7.0,14.0,-0.0,61.65243904043109,65.1345775878282,7.0,12.0,0.0,100.0,0
S0108,100.0,7.0,15.0,-0.0,100.0,63.55222285080382,3.0,12.0,1.0,71.52991615266276,82.22633752470719,5.0,12.0,1.0,94.35700252072954,72.58902230175933,4.0,16.0,0.0,73.66350880342976,90.7033627706067,7.0,17.0,2.0,60.74250498039168,68.64064100325102,7.0,12.0,2.0,56.63165121696555,0
S0109,39.420679119225774,6.0,10.0,2.0,77.86706546927599,63.591015381061226,4.0,7.0,2.0,78.94119551660737,82.01240301459623,4.0,15.0,2.0,58.20817294420017,82.15791930009424,4.0,14.0,2.0,62.00240136138417,65.71185308879099,4.0,12.0,3.0,49.26697082884054,70.5566847748814,2.0,12.0,1.0,63.41537438868541,1
S0110,96.8302437087936,7.0,15.0,0.0,75.17833462474039,97.24139074068158,7.0,14.0,0.0,100.0,100.0,7.0,9.0,1.0,100.0,100.0,10.0,15.0,0.0,79.29352670204855,85.04820780857156,6.0,14.0,1.0,85.62806819649434,100.0,10.0,15.0,4.0,75.05591950317702,0
S0111,63.06133057938847,4.0,13.0,1.0,59.82515279867668,66.54795767662831,3.0,4.0,1.0,81.57757333014395,83.57740192812516,5.0,8.0,2.0,86.7645363551881,56.24201893455471,4.0,15.0,2.0,52.98618590346426,64.0462674336614,5.0,10.0,4.0,82.2219416916025,70.1928605662394,4.0,5.0,-0.0,78.32781098931622,0
S0112,89.03975199336298,9.0,14.0,3.0,62.62322036948448,98.53528455205164,4.0,15.0,2.0,49.143642897573834,78.38722795777488,4.0,16.0,3.0,65.16177996521385,94.55861859410294,3.0,12.0,-0.0,60.44513333116527,88.00787163530124,4.0,18.0,2.0,71.68821173487639,69.3822272456427,4.0,9.0,2.0,60.309835281820675,0
S0113,80.4342820869432,7.0,13.0,1.0,75.98370725292433,88.36199167336414,6.0,8.0,3.0,80.2562371055787,73.63636844099122,5.0,21.0,1.0,75.75802212212571,91.05869423982666,6.0,14.0,2.0,59.73762198386875,62.66020698577106,7.0,12.0,0.0,61.336734347348035,92.87967087509796,6.0,13.0,1.0,63.41385272753338,0
S0114,100.0,9.0,16.0,0.0,72.64341464704447,99.62787253698384,6.0,14.0,1.0,75.69652649442897,96.18521189257021,6.0,24.0,-0.0,92.73119371866233,100.0,8.0,6.0,1.0,100.0,100.0,10.0,15.0,0.0,83.68325419754419,91.96978473507455,10.0,17.0,1.0,90.79277263270292,1
S0115,87.99210044517656,6.0,9.0,3.0,73.42213624992506,75.0078069195619,7.0,14.0,3.0,71.2533132266802,82.51935137973756,4.0,12.0,1.0,55.48317318157733,92.09348314216454,7.0,8.0,0.0,60.542871333240214,92.50101788884197,7.0,14.0,-0.0,66.14983123481912,89.77735703778919,6.0,10.0,1.0,49.47130542663167,1
S0116,100.0,5.0,10.0,1.0,93.62416093918843,87.2350727552263,2.0,17.0,0.0,62.48389320976109,64.51180934724793,8.0,15.0,3.0,74.83629342364188,100.0,3.0,9.0,1.0,89.52018865265723,82.24753815416716,6.0,14.0,0.0,68.38281567805556,83.16851075620352,4.0,12.0,1.0,67.5090265255664,0
S0117,77.00525835099381,5.0,15.0,0.0,47.28244436039468,64.45752010346544,1.0,4.0,2.0,41.68460970052077,80.67138546699438,7.0,15.0,0.0,95.6722573732801,80.65288442969178,0.0,10.0,0.0,80.05365930652137,60.98724996101089,7.0,10.0,4.0,65.45740652497706,64.05797136243484,4.0,12.0,1.0,75.33666999617553,1
S0118,86.27215883471345,8.0,14.0,1.0,51.98742422547664,79.32182196610124,5.0,12.0,3.0,62.95823720296792,79.79801122152041,4.0,17.0,2.0,60.78128926126142,87.96707426919494,7.0,12.0,4.0,72.86249489016166,86.82999690843089,3.0,9.0,4.0,78.4734454435197,96.80678169591751,8.0,9.0,4.0,88.87727510415971,0
S0119,46.55976644594069,5.0,10.0,4.0,45.21799131262854,52.73633105232086,4.0,10.0,2.0,62.098648839331055,48.020919346050476,1.0,10.0,3.0,63.93577845668204,67.63466336287904,1.0,9.0,6.0,50.08270460986291,56.944120389355035,7.0,8.0,5.0,41.90324122803673,77.22756338891315,3.0,8.0,2.0,38.50844933611353,1
S0120,98.91787466172819,2.0,14.0,3.0,64.27841843322062,80.9040688851293,7.0,13.0,3.0,74.4255528513636,79.83683521390218,5.0,16.0,2.0,77.72681852064841,79.3184994217831,5.0,14.0,1.0,73.10650213385557,64.85149973335842,4.0,15.0,3.0,65.55108222340613,71.16715817096787,7.0,14.0,1.0,61.8317322230187,0
S0121,84.13236624198413,6.0,14.0,-0.0,100.0,62.13947362321055,6.0,20.0,1.0,83.87624496501961,88.71631625682893,11.0,16.0,0.0,75.94225220437733,73.05723678409878,2.0,12.0,0.0,86.24535166777699,100.0,3.0,20.0,0.0,91.98466616671804,96.00691560254045,8.0,10.0,0.0,83.16490238314017,0
S0122,73.29891804642757,9.0,14.0,3.0,80.23117273064457,66.09192951415821,3.0,8.0,2.0,69.23614817214813,100.0,3.0,14.0,2.0,69.31041495116833,81.40703272473102,7.0,14.0,1.0,67.61380209878853,67.81500846441511,8.0,6.0,0.0,72.77272247742083,74.10793548480262,0.0,13.0,0.0,38.243320242436205,0
S0123,79.31306293812005,5.0,15.0,2.0,79.02054608993805,96.74715333048258,5.0,3.0,1.0,71.4634178081223,81.421456630439,5.0,8.0,1.0,90.33671210383436,94.92729044404525,6.0,19.0,1.0,43.86554729127147,60.314225835549614,4.0,19.0,0.0,83.70759855089958,85.00880599731617,8.0,7.0,-0.0,84.80677117170875,1
S0124,48.294324528277,0.0,13.0,1.0,50.70700453840803,76.6137096616457,3.0,12.0,2.0,61.82128887480947,78.68147968813038,4.0,8.0,5.0,62.15848429970585,72.84893223264707,4.0,8.0,3.0,28.951765820094145,68.86954651004605,4.0,8.0,-0.0,74.51002029394861,54.54067525123947,2.0,5.0,4.0,40.4151648270038,1
S0125,75.55901664208689,8.0,10.0,0.0,55.64049984583882,88.2422483259224,8.0,8.0,5.0,55.803347535489564,70.59999264105186,4.0,8.0,2.0,69.58634826651189,58.80469800322233,5.0,8.0,4.0,80.77472267421903,70.39960705953565,2.0,14.0,1.0,40.6013118582122,81.27588272436151,4.0,8.0,1.0,53.5251485540844,1
S0126,89.68401362445553,6.0,17.0,4.0,44.107413615789326,94.32707358540648,4.0,4.0,3.0,65.59175726837954,54.787420147334394,4.0,6.0,5.0,86.84336155602949,90.04467641709427,1.0,8.0,3.0,27.54529476348833,94.30867878027594,10.0,8.0,1.0,68.46745843505053,90.41383617856218,8.0,17.0,1.0,68.083110800483,1
S0127,69.41887407855232,3.0,10.0,5.0,64.31133428047383,73.57951728655854,3.0,8.0,4.0,77.77258833598005,73.17177038244431,6.0,2.0,4.0,49.31522496983003,60.99002997430873,2.0,9.0,5.0,56.10656323858031,59.737424895596405,7.0,2.0,3.0,46.255578302078426,52.53555533167651,6.0,2.0,2.0,54.08428416604928,1
S0128,76.00962282740666,6.0,17.0,1.0,86.7623950105515,89.24196937300174,12.0,20.0,-0.0,81.87606494924445,86.37815284250087,8.0,13.0,0.0,65.23082180549868,68.7720831276113,6.0,13.0,0.0,76.59793834032067,89.03691779713112,10.0,9.0,0.0,63.10556359096704,93.88879535816707,8.0,13.0,1.0,66.3970063665776,0
S0129,87.55155532829131,8.0,15.0,3.0,92.40147843299344,76.19025550505975,6.0,8.0,1.0,74.99340427785232,84.2100653003923,8.0,12.0,1.0,99.15437880976138,100.0,5.0,6.0,0.0,76.64873136945486,91.46000564660119,7.0,12.0,-0.0,63.3488079501139,100.0,8.0,13.0,1.0,98.49793987755439,0
S0130,100.0,6.0,15.0,2.0,74.31414342706891,100.0,8.0,23.0,1.0,78.70614251522484,78.75668036607513,8.0,14.0,1.0,79.17706437071328,79.64776786634341,6.0,8.0,0.0,61.30622503677873,92.98655041011736,9.0,16.0,1.0,73.05500252493562,78.17598417757968,9.0,19.0,1.0,41.21390454318342,1
S0131,63.75204264312256,8.0,10.0,2.0,69.91318998475212,86.66272352736213,7.0,10.0,2.0,68.84737877513061,86.36112220176977,8.0,15.0,0.0,84.40850993364387,100.0,6.0,17.0,1.0,76.8075828626354,87.44836041356143,6.0,13.0,0.0,67.77480843917472,76.26198849889624,9.0,21.0,-0.0,56.18999130217202,0
S0132,84.24635545730682,8.0,18.0,0.0,84.14749887541198,100.0,9.0,15.0,1.0,75.67187798347184,100.0,10.0,16.0,0.0,71.09425287689204,100.0,9.0,20.0,0.0,84.65109155401412,98.8069655887323,10.0,14.0,0.0,73.27041984032869,100.0,10.0,13.0,1.0,72.85201376283102,0
S0133,85.53186283401979,5.0,22.0,5.0,74.1350565889553,70.2321638729125,5.0,6.0,1.0,64.569989872972,85.40619688673706,7.0,10.0,2.0,67.08785880530226,71.07974830108363,2.0,17.0,3.0,100.0,75.38873512378782,4.0,15.0,1.0,61.45751100019736,71.08507002432857,5.0,13.0,1.0,48.352626467193716,0
S0134,87.68559487845394,6.0,11.0,2.0,49.639208261623025,100.0,6.0,13.0,0.0,63.14221414355961,100.0,10.0,9.0,2.0,54.86516798292173,88.75676781714006,6.0,13.0,2.0,72.04194762223058,77.84665408062467,9.0,12.0,3.0,100.0,63.54115242602366,4.0,12.0,1.0,87.29597680517512,1
S0135,100.0,7.0,16.0,0.0,93.01284881736383,95.89736775118017,8.0,15.0,0.0,80.67085393234557,100.0,10.0,19.0,0.0,83.60042070121987,100.0,9.0,11.0,1.0,100.0,100.0,6.0,16.0,-0.0,58.555002614841015,92.33623395042329,7.0,15.0,-0.0,59.4912512240484,0
S0136,100.0,9.0,12.0,0.0,77.8688529416558,100.0,6.0,8.0,0.0,67.0885849207074,67.82087913018428,5.0,14.0,1.0,69.08486621957951,100.0,5.0,12.0,1.0,57.17419135580282,87.25260105980834,6.0,27.0,1.0,94.07626765457023,100.0,7.0,15.0,0.0,99.96027326179168,0
S0137,84.17398102012228,3.0,9.0,2.0,50.043939774146295,98.5116485248373,6.0,23.0,1.0,66.37702678897848,63.42790094689826,7.0,10.0,2.0,52.57770083672232,80.20974797546292,5.0,5.0,0.0,79.14619597813336,86.60355124927734,4.0,11.0,0.0,64.6076211386738,100.0,5.0,5.0,5.0,60.970989679501685,1
S0138,80.67526387835996,1.0,16.0,-0.0,30.43425378389926,60.10520861499325,8.0,8.0,2.0,67.79746353952058,50.28230881324317,6.0,9.0,5.0,55.37501694993326,100.0,5.0,4.0,4.0,62.786560562452024,87.83375281250446,5.0,7.0,3.0,53.48843046085476,63.135570812226575,2.0,10.0,3.0,40.56553698026124,0
S0139,92.56490651801026,4.0,5.0,5.0,46.12205911678519,53.81598325189992,5.0,6.0,4.0,45.06588304432932,66.81912511606542,7.0,5.0,4.0,15.925222081527245,60.246932322868204,3.0,9.0,1.0,51.80903265947532,50.30546978334707,2.0,10.0,5.0,19.777750017828446,47.07633942439465,4.0,9.0,4.0,18.620037686811944,1
S0140,47.38185817683348,3.0,4.0,3.0,59.12935710576369,37.151762165537,2.0,9.0,8.0,10.744077223476282,40.83053146832954,-0.0,3.0,9.0,22.622741211041237,55.729290700465405,3.0,8.0,4.0,42.83133494837202,77.2013138979487,3.0,9.0,2.0,49.5400617159653,42.45136939151335,0.0,2.0,5.0,35.84954709706786,1
S0141,67.86690307054211,6.0,5.0,3.0,87.30149100161957,62.282162374865365,7.0,18.0,0.0,72.12110728401665,70.7713322518369,6.0,9.0,2.0,74.80970385488463,65.00693796525293,5.0,19.0,3.0,87.74464006557498,67.29014137185703,4.0,12.0,4.0,43.68236070467631,97.0643012887691,5.0,13.0,5.0,54.0283241675909,1
S0142,98.0184760993161,8.0,11.0,-0.0,82.87064814969999,100.0,5.0,19.0,4.0,79.57795499895528,89.48575013722105,5.0,13.0,2.0,82.76271065398682,71.58829293321183,6.0,14.0,1.0,81.46684372043465,82.82026117652907,8.0,15.0,0.0,89.48589586221642,100.0,7.0,7.0,2.0,81.20630873959207,0
S0143,100.0,8.0,10.0,0.0,100.0,100.0,8.0,12.0,0.0,75.41522250712465,100.0,9.0,19.0,0.0,74.28184554983659,100.0,6.0,11.0,0.0,78.3427541187123,100.0,11.0,23.0,0.0,100.0,100.0,9.0,17.0,-0.0,83.01245092043305,0
S0144,72.7345892108633,7.0,14.0,1.0,64.72171021516722,79.28356979249943,7.0,12.0,2.0,76.14866876908746,60.431321338140336,5.0,13.0,4.0,72.99311534907257,78.31607092664002,6.0,11.0,0.0,56.699752826761404,82.7539227669547,5.0,17.0,4.0,47.36363268625698,89.03935499699607,7.0,17.0,1.0,78.70412276694249,1
S0145,78.55358781375541,6.0,25.0,0.0,89.4756606761022,97.21722166809293,10.0,6.0,0.0,56.5514581430814,75.03599049680454,8.0,20.0,-0.0,63.834427942976866,93.69351506133188,7.0,13.0,1.0,87.56919586720915,90.20413475453375,11.0,13.0,2.0,92.48645914250687,73.10998183771304,8.0,13.0,-0.0,74.13453421416348,0
S0146,100.0,5.0,11.0,4.0,65.83634015710687,63.88028785739757,4.0,17.0,3.0,86.78927921633941,85.78448434034982,3.0,18.0,2.0,82.26106678758471,68.33167730068557,4.0,11.0,2.0,78.41794901687867,94.7879429177028,8.0,10.0,0.0,72.50972370825673,73.1827559065135,10.0,9.0,0.0,66.21885441762258,1
S0147,92.65518643431416,6.0,7.0,3.0,66.91658424062,100.0,5.0,7.0,1.0,73.3178353155371,100.0,8.0,21.0,0.0,72.50202096213252,95.46115665507325,7.0,15.0,0.0,52.694336722219816,90.16462529969743,11.0,15.0,1.0,44.80210314482004,78.37898705582226,5.0,8.0,0.0,87.74652807534007,0
S0148,74.76127517375534,10.0,16.0,2.0,59.922781227834946,78.95956979050122,10.0,9.0,1.0,37.64379780888123,82.44393091156722,6.0,15.0,2.0,64.85618475867128,72.38407346205612,8.0,7.0,2.0,76.61289439819413,100.0,6.0,10.0,3.0,52.540472894898265,75.28500345936011,6.0,14.0,2.0,72.60228205232501,0
S0149,81.2653810886911,1.0,7.0,3.0,28.492792432383194,76.2630331361902,4.0,10.0,-0.0,59.836811913808894,59.97430098475154,4.0,12.0,2.0,56.0653069599392,76.3790297740689,3.0,10.0,0.0,42.187404696829915,68.03551244685927,1.0,13.0,1.0,59.83537068906315,60.13453354594073,5.0,13.0,4.0,68.18504107548677,1
S0150,78.96272393936519,6.0,17.0,3.0,84.44880596480331,87.32101982884376,9.0,13.0,2.0,60.742821172273445,53.69396159404957,9.0,10.0,0.0,100.0,90.291583552225,4.0,14.0,3.0,72.56512660224384,68.41854229906647,4.0,13.0,1.0,72.04607976440802,71.52888732002836,6.0,11.0,3.0,82.51076436489943,1
S0151,80.7104058516116,2.0,11.0,3.0,60.60349422245466,99.79454193659166,6.0,11.0,3.0,61.79045828486298,94.37709022814893,5.0,16.0,1.0,58.96312709707398,77.79887412679402,4.0,18.0,-0.0,58.30859183112662,75.52447164508513,4.0,23.0,1.0,47.45667079200085,89.4308671677493,3.0,10.0,1.0,65.4731424606973,0
S0152,100.0,7.0,12.0,0.0,67.13639461168536,91.73390262768751,7.0,20.0,0.0,68.02837686787106,83.76101148839817,8.0,12.0,3.0,81.52835885598742,80.62636409387272,3.0,16.0,0.0,74.4157932428166,97.4480838618382,5.0,20.0,1.0,78.80040883940904,93.02174746412857,4.0,7.0,1.0,78.89200782493513,1
S0153,84.91892517296765,7.0,15.0,-0.0,68.22722590446611,74.53786288323275,7.0,19.0,1.0,82.96580837500535,85.85226940272727,8.0,10.0,0.0,95.68599137993675,100.0,12.0,20.0,-0.0,77.11951103799112,100.0,3.0,11.0,0.0,96.27661289191728,100.0,8.0,16.0,1.0,96.56008465162577,0
S0154,91.5809134468127,2.0,16.0,0.0,70.00204697922534,87.63491836124936,8.0,16.0,3.0,66.07043755439332,65.96548428230126,7.0,19.0,0.0,59.38929920348822,96.62433213139698,5.0,11.0,3.0,94.12786085602869,88.22709938281989,8.0,11.0,2.0,86.84313636260359,88.37144678168985,3.0,10.0,0.0,38.55389505200845,1
S0155,100.0,6.0,11.0,3.0,93.2267178560196,84.60009035694074,8.0,7.0,0.0,42.54416210354581,64.52239832529794,10.0,7.0,3.0,46.21821578450015,83.2153240651704,4.0,11.0,2.0,74.1636940125235,70.79756519415122,2.0,4.0,1.0,62.758121966462376,72.4762905856714,5.0,10.0,2.0,67.11308253972554,1
S0156,68.14690289698902,2.0,6.0,7.0,79.63360477571922,49.741640640939885,1.0,15.0,6.0,68.12965127768204,50.21820030517506,3.0,10.0,2.0,41.90532686273075,78.97390411477953,1.0,14.0,3.0,67.97628289650379,74.25654838994988,5.0,-0.0,3.0,56.45926376399323,62.81431436843893,2.0,15.0,7.0,47.17255791724101,0
S0157,76.05243501839668,1.0,11.0,2.0,43.44511852404197,81.93686811699351,5.0,9.0,2.0,63.27624760180587,76.90079542946845,4.0,8.0,3.0,77.32973960079529,80.36612095150441,5.0,6.0,2.0,100.0,100.0,10.0,12.0,1.0,81.71135019577127,60.431254706164296,5.0,5.0,1.0,71.93398843628856,1
S0158,65.10460201360746,6.0,5.0,0.0,53.210332946101474,66.45764416203086,6.0,17.0,3.0,47.92551466747374,55.884964921618476,8.0,14.0,3.0,53.38455656557346,62.54377885641055,3.0,8.0,6.0,58.827879676788584,69.94056924148983,3.0,5.0,3.0,70.10698859883081,41.44781889308809,6.0,3.0,0.0,46.95706697313456,1
S0159,82.56817190378935,9.0,15.0,2.0,58.51194720407974,70.97920419254054,6.0,21.0,1.0,57.195024429756884,88.92074803450232,6.0,18.0,2.0,69.75747294633717,74.27182681145754,9.0,18.0,2.0,94.02081859360865,100.0,7.0,20.0,1.0,85.47307699999924,93.21079754356434,4.0,14.0,-0.0,88.3292190896091,1
S0160,91.9868292940139,10.0,7.0,0.0,93.68616604113151,100.0,6.0,17.0,0.0,90.63968660851114,91.27700855157005,4.0,17.0,3.0,92.60021278225936,92.54079180634356,5.0,14.0,0.0,70.05705834587108,100.0,6.0,19.0,2.0,81.43853028304277,100.0,9.0,13.0,0.0,69.52075541641851,0
S0161,88.08260599145683,7.0,12.0,0.0,81.6634772844387,85.45158257378253,9.0,18.0,0.0,59.47312005497238,100.0,5.0,19.0,0.0,66.36236450939569,100.0,4.0,13.0,0.0,95.219461161335,100.0,8.0,13.0,2.0,76.32791930372754,91.48183743727418,6.0,12.0,0.0,71.2249256423965,0
S0162,100.0,7.0,17.0,2.0,66.34029006203986,84.70093613304844,9.0,1.0,0.0,77.12808287136907,68.72416931318135,4.0,14.0,2.0,74.00968628931192,100.0,8.0,13.0,-0.0,63.947136781348334,94.04921579671583,4.0,12.0,-0.0,79.06185067792637,83.28181939137511,6.0,15.0,0.0,65.95052115089658,1
S0163,37.7883237047054,5.0,9.0,4.0,47.73132580392262,52.635886775768185,2.0,7.0,2.0,38.544216649418225,59.72458610696178,0.0,16.0,6.0,25.521528097212897,57.66895553562689,3.0,8.0,5.0,46.457490834093676,58.62606985248774,2.0,13.0,6.0,36.02254060962223,40.48439047079588,4.0,8.0,5.0,63.93364852301224,1
S0164,100.0,10.0,16.0,-0.0,69.53000609253594,100.0,7.0,18.0,3.0,68.85799154437122,92.32331333995974,6.0,17.0,-0.0,80.703933642405,100.0,6.0,18.0,0.0,83.73015398793513,99.54406826722386,9.0,21.0,1.0,91.78319669531308,100.0,6.0,10.0,2.0,47.01579215217035,0
S0165,68.22038045718948,7.0,10.0,1.0,82.2145532838851,71.8856248176195,2.0,14.0,5.0,44.16527452897395,59.609929911822434,4.0,7.0,1.0,62.82820700659429,69.00538558087584,6.0,14.0,2.0,69.33434518343843,65.97359876682894,4.0,6.0,3.0,38.18944416788329,76.68698033479984,3.0,8.0,3.0,84.63142768500877,1
S0166,96.45557238730176,5.0,19.0,1.0,84.6867049910948,92.48139680550715,5.0,9.0,2.0,68.34479972556701,92.27522772832681,9.0,14.0,0.0,88.16677995521131,81.35302273508704,7.0,14.0,3.0,59.213548791105026,95.21760761327296,3.0,10.0,2.0,69.96892741400326,93.42628154272084,6.0,14.0,2.0,97.65645937028381,1
S0167,58.22884193597295,5.0,14.0,2.0,68.06179776408769,66.06506300574655,5.0,9.0,2.0,58.807643352353566,80.1878292552639,6.0,9.0,3.0,42.65068402785815,54.876938052778655,4.0,14.0,3.0,46.54596293724844,86.1212942178222,7.0,9.0,1.0,58.176870437564695,69.69481145164023,1.0,11.0,2.0,50.77615514757876,1
S0168,93.70911217502874,6.0,13.0,0.0,26.8136456464808,82.91994123989436,5.0,1.0,0.0,67.44486150782727,78.1234371635295,6.0,10.0,-0.0,61.46406420812753,70.4906598247331,2.0,13.0,0.0,72.7107914417339,85.99966484146162,2.0,13.0,-0.0,70.72600332405266,70.13069074745681,6.0,13.0,2.0,78.52742318898217,0
S0169,98.67063639630148,2.0,16.0,1.0,68.63133747297755,99.51483345564705,4.0,14.0,0.0,58.56808423861921,99.53657149207704,4.0,6.0,2.0,51.66779393016629,67.29912774484313,2.0,16.0,5.0,64.41834709159751,81.7515249773787,6.0,10.0,1.0,78.77177818661168,68.36362217850188,0.0,10.0,5.0,71.38763667813926,0
S0170,93.96347409649066,6.0,15.0,2.0,97.57257868818081,89.82271759732785,4.0,5.0,4.0,67.13454362723054,55.51613637034572,7.0,14.0,0.0,64.96213165517315,100.0,4.0,8.0,4.0,48.84474613729503,83.25337491666855,7.0,14.0,1.0,89.25343146349661,83.48083762767124,7.0,13.0,2.0,91.54838408903926,0
S0171,71.02560734020082,11.0,12.0,1.0,93.11368393480748,97.04506818574156,4.0,18.0,-0.0,86.9862389878798,78.29586369609065,9.0,8.0,3.0,95.29291001047105,93.27422176543543,4.0,20.0,2.0,73.55420267119045,96.69478602534473,7.0,21.0,4.0,75.63640654756219,80.74036570100289,8.0,17.0,2.0,87.8570288599695,0
S0172,87.04265863648975,6.0,6.0,-0.0,37.68002378229495,83.96796825430926,6.0,16.0,0.0,40.262478187892185,93.99387835046845,6.0,1.0,3.0,59.048739401543436,74.74582759372537,5.0,12.0,4.0,61.8736768994464,84.18656510117562,10.0,5.0,1.0,53.48747608756444,70.00567327614533,8.0,11.0,1.0,94.24330202994815,1
S0173,91.86307933537708,9.0,15.0,2.0,68.16187314583749,70.04190656401461,2.0,11.0,3.0,72.46206917312178,97.14913428291479,7.0,12.0,4.0,53.42695726397916,100.0,2.0,2.0,1.0,75.02664454173245,94.40559088129096,8.0,11.0,1.0,70.51932056218615,100.0,10.0,13.0,0.0,50.67978086389426,0
S0174,76.21840843584891,7.0,17.0,0.0,63.43478511481038,84.56823742105007,5.0,17.0,2.0,66.94508240204206,100.0,5.0,12.0,1.0,70.73774792802506,78.65445497378167,6.0,21.0,1.0,87.66543613093468,97.9549206664752,7.0,9.0,0.0,75.7844918507321,92.90473468046079,9.0,14.0,0.0,82.93489260277515,0
S0175,95.76574471226603,7.0,19.0,0.0,100.0,93.19746459432629,3.0,14.0,3.0,66.04179733356476,100.0,9.0,11.0,-0.0,58.22605007535524,93.21159928676688,7.0,15.0,0.0,87.29849477036315,84.5627776442613,8.0,11.0,2.0,88.05844423036838,64.62184750040849,6.0,12.0,3.0,56.641926838924235,0
S0176,84.47594677345583,6.0,8.0,1.0,69.69401677464153,70.99116439513797,6.0,13.0,3.0,69.92828200475222,56.30283836063545,9.0,0.0,0.0,48.13330051947774,100.0,5.0,10.0,-0.0,55.519697499658506,70.51969853938378,6.0,10.0,0.0,51.33613485627191,71.67603158411264,10.0,8.0,0.0,59.012129046900576,0
S0177,71.30289946536303,2.0,5.0,3.0,41.45994959965555,51.45555188241324,-0.0,4.0,5.0,44.57556687454982,73.37732413215907,4.0,5.0,4.0,61.60290470083125,61.70151009878921,4.0,6.0,7.0,46.45748887391611,68.56399735676736,4.0,6.0,1.0,49.75307134015543,50.61257520251905,1.0,7.0,5.0,83.70422662854752,1
S0178,82.36722865407846,3.0,13.0,3.0,66.87829507383665,57.3739833602453,5.0,14.0,2.0,49.364840096974206,92.21253419972525,4.0,11.0,2.0,46.15211854119616,100.0,5.0,13.0,-0.0,79.38912557029519,88.61760528480099,6.0,14.0,4.0,89.11735212361587,76.56945584414612,1.0,13.0,3.0,72.95489018192474,1
S0179,86.79979858937727,8.0,12.0,3.0,32.68326585414005,66.74667102959901,9.0,6.0,0.0,87.72634795007865,74.60061959309988,5.0,10.0,3.0,73.55898352606711,91.53227966050717,4.0,9.0,2.0,61.58179512249616,90.12825627538679,5.0,13.0,1.0,71.70431309418423,64.21183281194114,9.0,9.0,0.0,82.96995964048178,0
S0180,96.53924917140917,8.0,4.0,1.0,49.9522803555825,75.37760577626082,8.0,4.0,2.0,78.02299180462018,100.0,4.0,13.0,0.0,65.50213606633059,93.32702336795882,8.0,9.0,2.0,59.610449782747715,69.1533118681592,6.0,13.0,3.0,50.400679463370864,82.05949199188693,6.0,11.0,4.0,72.3368793814698,1
S0181,82.34638776015308,2.0,11.0,4.0,55.45019474450008,66.4008644393983,0.0,9.0,4.0,27.88769919390338,69.19016840996962,3.0,15.0,6.0,47.49858709562507,82.45271872268337,3.0,7.0,4.0,33.880215459345244,64.21997241343338,3.0,8.0,4.0,50.182997944333735,62.081182515630914,0.0,8.0,3.0,61.24644698762072,1
S0182,45.18213303960465,7.0,4.0,2.0,77.64563014470795,69.67014717143066,6.0,11.0,2.0,45.164181194332485,52.473563974895086,7.0,14.0,4.0,68.98907470717032,78.40602200797402,8.0,10.0,2.0,65.40464840494414,63.89544851236247,1.0,11.0,3.0,34.54440910086075,71.8782417603718,3.0,19.0,-0.0,58.493304034694106,1
S0183,82.71093688111891,6.0,9.0,0.0,44.930874619974595,87.06730209136981,4.0,14.0,1.0,80.41767130679891,90.29546351437615,7.0,17.0,1.0,58.98201117747579,79.46165956402417,5.0,11.0,1.0,76.94305881498512,68.22305538391318,8.0,12.0,0.0,71.28523114167895,86.3156232356583,7.0,16.0,2.0,62.188278706608436,1
S0184,67.85501185881381,5.0,15.0,6.0,51.6009385915671,64.2248204984407,2.0,7.0,1.0,52.94887923687654,60.392503829468446,6.0,14.0,5.0,68.70893451097976,67.24554035077627,4.0,13.0,3.0,29.28020784114392,69.20857579325843,3.0,9.0,2.0,80.0046519525648,66.91094201590157,2.0,12.0,1.0,49.24890554751212,0
S0185,56.258496304198594,6.0,18.0,-0.0,77.84803595464737,89.97056222540843,5.0,19.0,0.0,84.72048063635327,90.46362246407647,6.0,7.0,1.0,53.93567143537123,64.24048913715872,5.0,12.0,3.0,48.72893027308031,91.98155555334962,5.0,13.0,0.0,47.09999407194609,73.66715875695222,3.0,15.0,2.0,25.48691886408659,1
S0186,66.23688078683183,5.0,4.0,4.0,32.32209353881427,62.76717491974605,6.0,9.0,6.0,61.271149659614224,70.88201248873968,2.0,10.0,3.0,47.233303639543664,63.11512948928656,4.0,10.0,3.0,32.738251783132796,64.70433209650184,2.0,1.0,2.0,32.25778388444337,60.416443796647386,7.0,6.0,2.0,51.4939000448141,1
S0187,94.96951445948511,5.0,10.0,2.0,69.37621531475936,87.94039176737961,6.0,13.0,5.0,70.36017296173692,72.00935632324475,4.0,16.0,-0.0,59.09274155222145,78.7315485996195,4.0,14.0,2.0,77.20458694625334,100.0,4.0,13.0,2.0,57.02201539327398,77.74065059131613,10.0,17.0,0.0,69.5255559430212,1
S0188,82.43034503383842,10.0,15.0,1.0,81.16833336068905,97.5077244964618,6.0,15.0,0.0,65.93861263164888,100.0,6.0,13.0,3.0,89.89732021891372,100.0,7.0,14.0,0.0,53.471772488950975,91.89991169485116,5.0,11.0,0.0,93.14311908181817,97.58727220846976,7.0,15.0,0.0,71.57560995388975,0
S0189,100.0,8.0,22.0,0.0,100.0,79.82489872077365,9.0,19.0,0.0,88.56175612055925,100.0,7.0,12.0,0.0,89.30380678158123,100.0,10.0,11.0,3.0,80.58000763287906,95.82435768946507,9.0,14.0,0.0,100.0,97.66539475556667,7.0,15.0,1.0,79.85204722171453,0
S0190,52.849911017899,5.0,6.0,5.0,48.268813974124576,62.35189463661015,0.0,11.0,2.0,33.63002531118097,53.10475289327103,7.0,10.0,1.0,14.786904354754299,90.99120343889872,5.0,16.0,4.0,61.5407908469252,50.34771005322647,6.0,2.0,3.0,57.76569078626797,75.36234768801896,5.0,4.0,4.0,58.841402007847975,1
S0191,54.97673278722761,2.0,6.0,1.0,48.360934414916045,47.812187879439534,2.0,10.0,4.0,69.03676625990799,60.41513610465357,7.0,2.0,2.0,54.32274390006154,35.92514789965635,5.0,12.0,4.0,53.39284587983795,57.272749271338675,3.0,7.0,5.0,32.76060669661837,54.479402189098884,2.0,7.0,4.0,63.15057595962503,1
S0192,100.0,10.0,19.0,1.0,81.76462867713164,82.27726128750554,4.0,15.0,4.0,75.70513237908139,89.37771283527758,7.0,8.0,3.0,45.37089248726787,68.1701869457493,3.0,19.0,0.0,63.63577084468068,68.09545254267569,5.0,14.0,1.0,69.48404391605206,84.83222207490505,1.0,5.0,1.0,53.02585637101765,1
S0193,79.70436669115396,7.0,11.0,0.0,53.262991858669054,76.87349072572759,6.0,6.0,0.0,60.28424513675358,81.04390137922441,6.0,10.0,3.0,67.05336924071159,80.75091660051147,4.0,17.0,-0.0,76.68243062621926,66.07101312108665,3.0,15.0,0.0,96.88382996062543,100.0,0.0,12.0,1.0,60.7050128339775,0
S0194,71.47066265346328,5.0,12.0,2.0,50.293192185865955,70.10766918715348,3.0,2.0,4.0,64.65104107143038,61.11131993916872,1.0,11.0,3.0,51.871120773124176,82.63404635350624,4.0,7.0,4.0,67.90318328454727,50.2489373786769,5.0,4.0,5.0,49.03294725118595,63.43266926124696,3.0,6.0,2.0,63.926989181175,1
S0195,71.72288510974651,4.0,9.0,1.0,72.69030666866773,77.66925045288394,7.0,14.0,1.0,100.0,93.81820284165218,7.0,15.0,2.0,74.14164160698917,91.6625760990782,8.0,5.0,0.0,77.56389427267624,93.60080358207094,6.0,16.0,0.0,81.03707189289099,92.15134618982196,9.0,13.0,0.0,87.31655785740594,0
S0196,100.0,5.0,13.0,2.0,75.00250481168686,91.61841911186733,6.0,13.0,1.0,73.90063079222595,78.25241420006542,5.0,18.0,0.0,83.9587392989431,73.02807518069908,6.0,9.0,1.0,45.602148928482706,81.40152184568672,4.0,19.0,3.0,80.31510464554513,74.68136302797697,7.0,8.0,3.0,95.76885269479278,0
S0197,82.1552346140985,7.0,4.0,2.0,73.44442233858929,81.39239224917884,5.0,13.0,5.0,69.27251670878765,47.330221195496904,8.0,7.0,3.0,71.64780397822301,70.78191202463296,3.0,13.0,0.0,77.63499114314877,67.32493145007483,5.0,9.0,2.0,39.924650624771694,64.36487946073929,6.0,13.0,4.0,79.80768621468339,1
S0198,84.15065823965234,7.0,9.0,2.0,79.70431201974631,96.83180318316342,7.0,13.0,4.0,65.90044075292187,88.41027469943994,3.0,9.0,4.0,61.117530129125825,70.7694772583965,9.0,12.0,3.0,77.54975639944023,89.65910318815143,5.0,13.0,1.0,85.91730520527905,83.0642630114282,8.0,15.0,0.0,100.0,0
S0199,88.96289865391952,2.0,15.0,2.0,57.56966634779925,72.48632743931012,6.0,14.0,1.0,69.24614971385755,57.38954114237856,6.0,14.0,1.0,56.71406063223822,64.13283131612312,7.0,10.0,3.0,67.58814955707338,61.87076006366313,2.0,4.0,4.0,80.00388316015115,86.45778415566582,8.0,19.0,0.0,63.95249652188086,0
S0200,66.88003873639592,8.0,12.0,-0.0,71.5482178318261,83.61088355025574,5.0,7.0,2.0,48.53314514480486,71.081407446033,4.0,9.0,0.0,69.13085523410989,100.0,8.0,2.0,1.0,41.9092231099413,83.1703045887989,3.0,9.0,0.0,41.724863415304114,89.58783031577016,6.0,19.0,0.0,91.73432503869124,0
S0201,92.47704886424361,4.0,10.0,1.0,85.490437109418,80.0964436381506,6.0,11.0,2.0,64.61684132292855,56.22769165582886,5.0,9.0,3.0,43.01200538408448,72.8673735630439,4.0,11.0,3.0,60.44793406767199,86.86358519496028,6.0,12.0,0.0,45.99513185484609,80.20196764832059,6.0,12.0,1.0,51.74404865666955,0
S0202,62.629882219591956,6.0,6.0,3.0,42.28606160370056,84.68321488006234,5.0,4.0,2.0,54.53526400449139,45.936366152413484,5.0,1.0,4.0,47.24748973423533,67.39553387917928,3.0,5.0,4.0,41.66850016606881,76.13241341850394,2.0,13.0,3.0,40.3493796349647,74.16687569216327,4.0,13.0,3.0,87.44192125139108,1
S0203,78.55473184349958,5.0,11.0,1.0,69.12648585654073,62.82760529507916,4.0,13.0,2.0,92.28011980680903,85.3198281135123,7.0,13.0,2.0,85.96724059840555,78.68808985806376,7.0,9.0,-0.0,50.06624124947993,85.60237062112085,6.0,9.0,1.0,77.5710403786068,67.011450546254,5.0,13.0,2.0,73.459907519714,0
S0204,69.01680589436874,5.0,12.0,3.0,58.85636259009062,63.58344273310197,5.0,3.0,3.0,36.43056848938453,71.44897529323369,5.0,17.0,4.0,40.4724041542814,70.69872577865317,4.0,14.0,5.0,59.650320037428365,72.69048603164357,5.0,21.0,6.0,51.04504308481804,78.78367289896707,2.0,9.0,2.0,69.14889154587806,1
S0205,97.58407627839422,11.0,20.0,-0.0,87.61965078859535,100.0,10.0,18.0,-0.0,84.56935258280133,100.0,10.0,12.0,0.0,83.74007797992252,93.26396072388964,7.0,12.0,-0.0,80.99818461334334,95.46702635361669,10.0,18.0,0.0,94.12063639988862,100.0,11.0,15.0,-0.0,100.0,0
S0206,90.8719497607722,4.0,2.0,0.0,45.657977307809574,78.8587350137596,3.0,6.0,0.0,86.52082506893568,65.94508101774319,4.0,16.0,2.0,60.19497263827955,77.60828717117153,4.0,8.0,0.0,61.90580078227166,79.94759738234583,4.0,7.0,0.0,65.94233408462456,82.03464877982879,5.0,15.0,-0.0,49.512097870525224,0
S0207,94.34641517447226,5.0,11.0,0.0,96.18298266329957,68.18360725438228,10.0,12.0,-0.0,73.04750176174612,82.60534390715885,7.0,14.0,1.0,100.0,94.12235871551135,6.0,15.0,0.0,86.78707183527416,100.0,7.0,19.0,0.0,77.42870724469267,84.92770734894107,6.0,30.0,3.0,61.38573105602961,0
S0208,100.0,7.0,15.0,1.0,69.3472039918017,88.01634194448191,4.0,18.0,0.0,77.78934914244631,99.12440557518215,9.0,8.0,1.0,72.65807371086113,100.0,9.0,18.0,2.0,83.76614056590716,97.083738095223,8.0,10.0,1.0,87.1312266183841,81.97057958994449,6.0,19.0,-0.0,81.80756117774578,0
S0209,91.5541397623894,8.0,14.0,0.0,91.14653125143697,58.03319737864391,6.0,15.0,0.0,65.11589732093707,90.23462885253825,7.0,10.0,3.0,70.06417127426856,100.0,4.0,12.0,1.0,69.84431614565726,88.77709359232512,5.0,15.0,1.0,80.59420136890216,75.07784041862485,4.0,15.0,1.0,81.62159765038305,1
S0210,91.83375558063511,3.0,14.0,2.0,62.641961894342955,88.16640639718277,4.0,6.0,2.0,58.284759083329504,94.74744658021277,5.0,9.0,2.0,56.91052541778389,69.84655507824793,7.0,19.0,2.0,62.627897315111056,90.8396710612761,8.0,9.0,0.0,71.07562814906781,87.52341945257635,6.0,15.0,0.0,100.0,0
S0211,66.8988871069834,1.0,11.0,4.0,50.083909449899224,81.24248915742247,9.0,7.0,3.0,33.279021854775735,82.70617617959483,4.0,9.0,2.0,58.97147982638138,82.5874610529231,3.0,5.0,3.0,52.47295459000473,70.9217630203715,1.0,5.0,3.0,63.420100586652296,75.8992921157129,5.0,12.0,3.0,45.55217604343925,0
S0212,100.0,9.0,14.0,0.0,98.24765268391218,85.25037138111017,6.0,9.0,2.0,72.45491371037748,92.76368159603668,9.0,17.0,1.0,85.04626594772726,100.0,7.0,9.0,0.0,77.79970795598155,97.69983530328281,6.0,19.0,3.0,84.30153625803302,93.0354765818912,6.0,15.0,3.0,100.0,1
S0213,62.84788858429543,4.0,10.0,0.0,81.60806952274676,75.61436651444332,4.0,5.0,0.0,53.842714302486094,58.63606215041551,3.0,19.0,3.0,55.2922072073815,72.96640157409946,5.0,6.0,2.0,75.87038765531766,77.10244772468465,2.0,11.0,2.0,64.75834747592872,79.48529128919029,8.0,15.0,0.0,63.9754354969003,0
S0214,100.0,5.0,12.0,3.0,75.76301691883154,98.0097136310963,5.0,14.0,0.0,74.49423800453481,77.44612497787476,4.0,7.0,2.0,86.68381354344329,88.31102892090819,6.0,6.0,1.0,58.245852518564796,80.74661071777291,5.0,20.0,1.0,66.80439866184788,76.68333502992951,5.0,12.0,0.0,68.92835809825358,1
S0215,100.0,2.0,17.0,2.0,81.93283864090809,64.20181845982871,6.0,15.0,3.0,60.24937610968737,83.63213266750927,7.0,11.0,2.0,75.07162112365873,91.27185024178036,5.0,14.0,1.0,91.69487998869802,95.9564071603403,6.0,9.0,4.0,97.60293039602044,89.6411450588407,3.0,9.0,-0.0,68.9829310085067,0
S0216,60.74375825006223,3.0,7.0,2.0,53.93268282336436,54.71080937525481,4.0,12.0,2.0,51.25814795627486,60.85181929759999,3.0,6.0,0.0,69.8990115096665,70.33429929552386,3.0,6.0,6.0,66.1592296227409,45.96546763693688,6.0,4.0,2.0,51.7745532608774,69.69717096962673,7.0,12.0,2.0,53.6985417963219,1
S0217,100.0,5.0,11.0,1.0,62.50169884189628,72.94334801236913,5.0,13.0,2.0,56.2879701271535,62.62523965695177,2.0,6.0,0.0,58.024948240201866,80.64365020283746,4.0,5.0,3.0,24.28785375772523,80.22395103393589,4.0,9.0,1.0,81.75677555100594,69.6933642024454,5.0,13.0,1.0,69.43038219376238,0
S0218,79.23450421347363,6.0,10.0,2.0,45.3632774310791,57.860602768528,0.0,9.0,3.0,53.951706373507356,67.32564822881164,6.0,9.0,5.0,58.030599558051236,55.733208615044205,6.0,11.0,4.0,55.820908207572174,59.9675849801146,3.0,21.0,2.0,45.034210872216846,75.68162158350233,5.0,8.0,1.0,49.0968157857515,1
S0219,95.35323055362385,4.0,19.0,-0.0,82.20196608270265,79.77315970206584,6.0,11.0,3.0,62.145745202831236,100.0,4.0,12.0,2.0,66.56170586426187,100.0,6.0,16.0,5.0,84.11536979976016,59.23701290578007,3.0,16.0,1.0,80.8875000021439,89.4397958013579,7.0,14.0,1.0,49.79865603545821,1
S0220,89.99163497268826,10.0,12.0,2.0,65.2516394803641,74.09036489549948,6.0,9.0,2.0,60.09442085758719,82.99711198394124,6.0,6.0,1.0,95.36696780958313,65.30395198063903,6.0,18.0,1.0,80.40130883095824,76.36005565894877,4.0,16.0,0.0,99.93204133640805,69.22494136074954,5.0,17.0,3.0,71.21009428935466,1
S0221,81.85573308706137,4.0,16.0,0.0,91.03077699793494,86.63420881674358,8.0,11.0,3.0,71.43931838407474,83.62877675578419,5.0,13.0,2.0,71.86628609199987,90.19666166562318,5.0,16.0,1.0,64.46581473275073,82.42989391411106,6.0,15.0,1.0,65.51349735251983,83.0522527194299,5.0,12.0,1.0,76.63153410794862,1
S0222,76.81962937154127,4.0,16.0,3.0,61.15335373081024,77.14173827385669,8.0,6.0,2.0,80.51979711499234,62.7881047692447,5.0,7.0,5.0,65.69758736369776,82.53369685214042,4.0,8.0,1.0,64.71974717225848,78.95028604606125,7.0,10.0,2.0,56.231541906878505,65.83369913343174,7.0,10.0,2.0,45.9424400335569,0
S0223,84.74406021284338,8.0,11.0,1.0,66.52138631169156,86.24797898780557,5.0,8.0,0.0,68.03279315653373,94.17850571750733,4.0,12.0,4.0,59.818878429170084,86.57301377842974,4.0,13.0,1.0,68.73074568985713,87.33774652317052,4.0,23.0,1.0,60.225051725960434,79.73195231739574,9.0,9.0,2.0,74.37988636170923,1
S0224,100.0,7.0,14.0,0.0,89.46607301149434,95.93306280033053,9.0,15.0,3.0,70.30639458699295,100.0,8.0,19.0,2.0,71.62038989572338,84.22782457478787,8.0,16.0,0.0,89.61811628706009,100.0,9.0,16.0,1.0,78.57273383719368,54.10611510761795,7.0,13.0,1.0,95.37115569661367,1
S0225,83.18038301643043,4.0,10.0,1.0,67.4292040803754,83.08489327204566,3.0,11.0,3.0,65.3710525124105,89.8734220756844,6.0,14.0,0.0,70.42321123125483,93.83497674209005,4.0,10.0,3.0,47.283774309989454,60.84403284336673,3.0,13.0,2.0,71.60130092167537,81.37034129755317,4.0,18.0,4.0,87.81413366121704,0
S0226,68.55216489082456,5.0,10.0,0.0,61.5470002986166,61.73380011411067,7.0,24.0,1.0,37.0088579136194,95.00703810412898,7.0,12.0,1.0,77.19194112982895,76.99372018833229,1.0,12.0,-0.0,57.24745975329927,82.41953140468873,4.0,15.0,-0.0,65.15775604378558,86.03329421856574,9.0,11.0,2.0,70.44501260961621,1
S0227,64.20091033574663,5.0,10.0,4.0,42.40493135534219,59.81888420686534,1.0,1.0,6.0,40.873621131116685,48.37968933078919,1.0,4.0,1.0,33.24144625391956,38.87320631828766,2.0,1.0,6.0,65.7653534176055,61.45031326820014,2.0,1.0,5.0,36.94547579024117,50.97828847109177,1.0,8.0,4.0,17.560150590578274,1
S0228,72.40851823263914,6.0,9.0,3.0,61.74501083698947,56.984312454248325,1.0,7.0,3.0,43.62659271991667,56.925695437754165,7.0,8.0,5.0,51.003663767649094,47.01698461659015,3.0,5.0,3.0,49.692815013116395,62.38178072708639,6.0,4.0,4.0,76.59513989652291,45.378087209683734,4.0,7.0,2.0,58.29823391693889,1
S0229,99.24159119752045,5.0,15.0,2.0,67.25250239567433,88.98649716435159,6.0,8.0,3.0,63.46398849349703,100.0,3.0,16.0,2.0,79.11080637985582,91.68213768219807,5.0,15.0,1.0,97.92306342188131,95.8149746786277,7.0,13.0,0.0,73.7262899492533,100.0,6.0,12.0,2.0,90.07283208059648,0
S0230,94.10720385534073,6.0,8.0,0.0,69.10651551366605,97.34038949373064,9.0,11.0,3.0,60.34445668284421,91.95395421237565,3.0,14.0,3.0,75.8909228447503,64.80295869550304,8.0,19.0,1.0,100.0,60.37096729936416,2.0,17.0,3.0,62.19241433553845,97.03274336880276,6.0,9.0,-0.0,61.122355209089264,0
S0231,94.84672445831333,8.0,11.0,2.0,82.7784342010947,89.06463534200428,8.0,14.0,0.0,76.89113699681498,70.6672001640771,11.0,15.0,1.0,58.729470392319975,100.0,2.0,20.0,2.0,75.7459327230572,84.61528214721739,9.0,10.0,0.0,94.26157636449781,89.72512539296105,6.0,16.0,0.0,81.61685874092966,1
S0232,77.34990714803139,4.0,22.0,2.0,86.01126287702206,100.0,9.0,17.0,2.0,87.80148600372574,93.15562886124246,7.0,14.0,1.0,60.960812343681035,99.88483252010998,9.0,16.0,3.0,57.14513416058547,100.0,10.0,13.0,0.0,85.75717133254554,83.3654913679659,6.0,11.0,1.0,80.67746245426298,0
S0233,68.1100237928169,5.0,11.0,4.0,63.446114729896486,95.46204855298338,4.0,10.0,3.0,80.13279579901788,70.7479682312711,6.0,6.0,1.0,45.722126682389984,99.25047681071823,7.0,12.0,2.0,61.12652001317752,73.57184509480902,5.0,10.0,2.0,84.61880124080649,52.75597497234748,4.0,16.0,4.0,89.86559630363931,1
S0234,49.11005118873514,4.0,6.0,3.0,81.25765111402977,77.3690234186019,6.0,9.0,7.0,42.947711529308314,78.71367206610932,5.0,6.0,2.0,56.401845764242104,88.19269203953624,3.0,9.0,1.0,71.3273618381999,93.81285714705945,2.0,3.0,4.0,82.93155641780832,72.41641813450157,5.0,9.0,4.0,52.35956817023526,1
S0235,92.86330555373108,9.0,19.0,2.0,73.09929828942475,77.85247248597062,5.0,12.0,-0.0,68.03775515202858,94.11820784822177,8.0,16.0,0.0,62.67721119897173,84.59704463756057,6.0,8.0,2.0,92.63538058230411,73.07885327619968,8.0,12.0,2.0,80.138646660776,71.58905787142619,7.0,13.0,1.0,87.76842087166587,0
S0236,88.19422544202664,9.0,15.0,0.0,71.21389346300404,62.56009189322258,7.0,8.0,3.0,67.64520499863788,67.50909767247218,7.0,17.0,0.0,67.59408874270349,77.56365728894363,7.0,10.0,0.0,100.0,100.0,10.0,16.0,2.0,70.50590496307255,95.19199607289012,8.0,13.0,0.0,78.96963113282479,0
S0237,100.0,8.0,19.0,0.0,87.07844059473831,100.0,9.0,14.0,0.0,100.0,100.0,6.0,17.0,2.0,72.75296296263471,72.28690714115497,9.0,14.0,0.0,88.95761302695873,96.69171197130947,10.0,11.0,0.0,62.841571358838046,100.0,7.0,18.0,1.0,92.26487572234066,0
S0238,48.321899233853145,5.0,12.0,0.0,51.19367920423693,84.72594586196693,7.0,11.0,0.0,71.66375094229171,85.51685785301328,7.0,18.0,0.0,63.981347685099834,77.7145156272784,4.0,15.0,2.0,76.45945042318391,92.5385569213743,2.0,18.0,1.0,56.49673934857631,80.9461606426637,5.0,18.0,1.0,88.25323189249923,1
S0239,78.71874889412516,8.0,13.0,0.0,64.10996826397405,84.34418888059763,7.0,15.0,0.0,79.92320219557023,97.24810836803263,8.0,16.0,0.0,62.88669370153288,100.0,4.0,18.0,2.0,68.65936900523198,88.54196954455351,8.0,16.0,-0.0,81.5440088752562,78.9131133280893,8.0,10.0,-0.0,66.98423210101738,0
S0240,100.0,5.0,12.0,0.0,65.86505781731344,100.0,5.0,15.0,1.0,80.8020708615574,93.93017992398653,9.0,12.0,0.0,83.90511246212205,76.68962581106035,10.0,16.0,0.0,38.196604982374105,87.61197147589016,7.0,15.0,1.0,56.76120842169256,100.0,8.0,14.0,2.0,76.52008387779952,1
S0241,83.66995655908589,8.0,8.0,1.0,92.6702256655777,80.90676198930974,8.0,13.0,0.0,68.41882006392284,100.0,10.0,9.0,1.0,83.47779935881397,87.9264166214784,9.0,19.0,1.0,76.21347001459795,97.19198824886249,5.0,14.0,1.0,54.57690321599553,89.67150204064617,4.0,8.0,-0.0,77.14920167799772,0
S0242,87.36398822866022,5.0,12.0,0.0,68.47886071145743,77.5470249980068,9.0,11.0,2.0,88.03703758348237,87.20355597214972,6.0,18.0,1.0,71.04583548316651,75.18204510778352,6.0,12.0,1.0,52.79006599016966,74.07664895949969,8.0,8.0,1.0,69.86421607184712,82.1555926558715,6.0,17.0,0.0,47.845746136065785,1
S0243,84.64678714521986,6.0,17.0,0.0,78.79226525894641,100.0,7.0,9.0,1.0,85.55285870968348,100.0,5.0,19.0,0.0,81.35009689803834,100.0,8.0,12.0,1.0,94.5842847592017,100.0,9.0,13.0,0.0,96.45191298062488,88.1566066622883,6.0,15.0,0.0,100.0,0
S0244,100.0,5.0,23.0,0.0,99.84193889240224,84.37426371992237,4.0,17.0,0.0,70.68767820722312,100.0,11.0,22.0,0.0,54.142837725671754,100.0,9.0,15.0,2.0,56.33094596636164,93.34701273864269,10.0,17.0,0.0,79.2197598114613,98.45414495952306,9.0,9.0,0.0,94.27669292493329,0
S0245,56.849949847032605,6.0,8.0,1.0,68.42400874020868,56.86451085240392,4.0,5.0,3.0,43.492565466547255,84.69117045076594,1.0,16.0,4.0,40.292636122789176,38.90775435751452,4.0,4.0,3.0,36.3568684096715,59.11488097225296,1.0,5.0,5.0,59.26255531789431,54.14333089744387,6.0,2.0,2.0,47.18184054367142,1
S0246,99.64213315181675,7.0,5.0,2.0,98.44958026544896,100.0,7.0,18.0,-0.0,98.12122235165052,100.0,8.0,10.0,0.0,70.21383420111707,78.78833661444722,3.0,17.0,0.0,84.62173466370673,62.81959165390895,8.0,16.0,1.0,89.5063873076773,78.21979474268855,2.0,18.0,0.0,77.21491989176342,0
S0247,100.0,10.0,14.0,2.0,67.02459582325419,96.19797028645459,7.0,20.0,0.0,73.01586588077359,95.73911488469811,6.0,9.0,0.0,82.4296948262637,100.0,6.0,13.0,0.0,84.18092612833013,88.41661806991773,5.0,11.0,0.0,95.05712216792763,100.0,6.0,8.0,2.0,78.97096251813976,0
S0248,79.99123239553839,2.0,19.0,2.0,42.69738403407568,76.3630672303497,4.0,7.0,4.0,62.9246739034145,66.18431778569257,2.0,0.0,6.0,58.306765080048066,69.39075368188726,2.0,8.0,5.0,48.966715252121915,75.35645504868526,4.0,10.0,5.0,80.05900313432514,80.90345245226503,4.0,9.0,5.0,59.53406677380012,0
S0249,46.36547368291083,2.0,9.0,5.0,64.341633292002,63.2474894344275,1.0,2.0,6.0,30.194487208794634,52.31678625113462,3.0,9.0,5.0,43.49418558249914,45.731694402174014,1.0,8.0,3.0,65.09216065863146,56.78038738377994,5.0,8.0,5.0,75.54570127696327,60.262689072797116,2.0,4.0,3.0,39.68986013974511,0
S0250,87.76859069863445,12.0,11.0,2.0,83.09162197625372,94.58009293013819,6.0,15.0,1.0,68.99637453337112,94.30945390035869,8.0,17.0,1.0,97.39820261602566,100.0,9.0,12.0,1.0,100.0,100.0,4.0,8.0,0.0,89.95906191931468,100.0,9.0,14.0,2.0,70.37066148438252,0
S0251,82.14419838643396,4.0,15.0,2.0,67.93571065933521,57.60984200837967,6.0,14.0,0.0,80.9168533162004,100.0,7.0,13.0,0.0,63.726090286489054,68.47039188798948,2.0,17.0,2.0,62.101904664957424,85.09055065900539,3.0,13.0,-0.0,65.24458690915753,100.0,6.0,10.0,2.0,64.44337553750668,1
S0252,84.36166792137283,1.0,8.0,2.0,74.64131594922662,64.57362139707071,8.0,10.0,1.0,52.34882864155453,68.45424844785721,3.0,6.0,1.0,56.047582152105896,88.21745083394678,2.0,6.0,1.0,87.11617983960396,96.75818297434725,7.0,5.0,1.0,65.45014690189686,63.67291595138573,4.0,7.0,1.0,64.41470327900642,1
S0253,61.72163630052803,6.0,3.0,5.0,64.81521049895765,71.74433526015235,3.0,6.0,4.0,62.228587058207815,76.04319585045089,3.0,8.0,3.0,65.24331876058015,60.96546860517049,2.0,9.0,3.0,75.3838438390066,64.84559051036372,3.0,1.0,2.0,72.73858774772583,48.27028496316653,1.0,6.0,2.0,37.656719415583964,1
S0254,88.11249812266895,5.0,13.0,0.0,69.86827679128666,73.85241081928716,4.0,16.0,2.0,82.79133477060927,90.54514455030373,5.0,15.0,4.0,80.19560030781625,98.93395389486533,7.0,14.0,2.0,76.13393754768961,83.3342268762101,9.0,12.0,0.0,65.36342141018639,85.88269805484734,4.0,16.0,1.0,82.53510303371364,0
S0255,100.0,6.0,13.0,1.0,73.52493788010014,80.3777452423198,3.0,15.0,3.0,58.22246337687481,66.13302626369853,5.0,16.0,1.0,66.99479609183007,54.852230959859924,7.0,16.0,0.0,71.08842217935131,93.35974680665454,4.0,24.0,4.0,90.72003381241791,86.27230871367455,4.0,11.0,4.0,59.350550739801704,0
S0256,72.07876796198677,3.0,3.0,2.0,73.19846520842138,77.1110540275892,5.0,9.0,5.0,59.22642582346188,70.38947374028274,4.0,11.0,3.0,86.07792026790952,69.12084634458863,8.0,5.0,1.0,59.51652249561017,82.92046697718175,5.0,13.0,3.0,57.84768740053265,67.93780060008832,3.0,12.0,2.0,46.8658909869119,1
S0257,100.0,5.0,6.0,2.0,47.40831921189587,94.45242153000531,3.0,4.0,2.0,55.96949918750029,69.85626317582022,9.0,14.0,1.0,71.74056691869137,84.85913377330364,4.0,5.0,2.0,54.62234782113072,83.17266787807662,6.0,17.0,5.0,66.83210257604219,62.97766546573027,6.0,10.0,3.0,100.0,0
S0258,87.22662754855716,4.0,13.0,1.0,71.93439711626695,78.83748042607812,3.0,15.0,2.0,76.64723250566783,92.268644604543,5.0,12.0,0.0,69.09394227722382,84.17775416279314,8.0,16.0,3.0,64.1222131980484,79.70251013397102,6.0,15.0,1.0,60.45393484765721,84.20559284206111,6.0,15.0,1.0,98.9194804463157,1
S0259,100.0,5.0,11.0,1.0,53.736774502450395,75.35020010067889,7.0,9.0,0.0,95.76740507453628,83.76765528157931,1.0,17.0,0.0,59.735002254098205,97.33562588328667,7.0,11.0,4.0,87.80874565871275,85.24971867451531,2.0,13.0,2.0,50.80607680887985,80.33949564914352,4.0,14.0,3.0,71.35346021943924,0
S0260,100.0,8.0,17.0,0.0,67.97883112672446,96.09450469412378,9.0,16.0,1.0,76.5590936432759,84.05953152829419,10.0,18.0,4.0,100.0,100.0,8.0,15.0,-0.0,87.87222408780468,100.0,13.0,19.0,0.0,77.84525397784189,100.0,5.0,13.0,-0.0,93.66318582603566,0
S0261,96.17543806271469,4.0,8.0,-0.0,62.4983363550224,88.43086682144254,5.0,13.0,-0.0,77.85460527376576,100.0,7.0,8.0,2.0,73.27969573220203,71.91714768107421,6.0,10.0,0.0,62.623083780880506,88.75051111767617,6.0,10.0,1.0,88.62390116044432,83.15439367775382,4.0,9.0,0.0,84.67500996503892,1
S0262,76.23492977188582,4.0,15.0,2.0,77.34354843040214,82.67930046134538,6.0,5.0,1.0,71.00604388343477,97.2118704438072,6.0,18.0,4.0,71.00711177362753,93.61817420610267,5.0,16.0,3.0,57.699929887113235,65.59711194979222,3.0,14.0,1.0,60.83642705609872,60.07552865089691,5.0,16.0,0.0,69.60766154347417,0
S0263,69.20102054306224,5.0,7.0,0.0,61.169984302803556,91.63735140074091,6.0,12.0,6.0,66.01510894662196,97.67879759926801,4.0,16.0,1.0,75.1461710881087,66.3341793273723,3.0,13.0,0.0,55.06475552314878,70.30096666447703,6.0,16.0,3.0,88.25359734402517,82.07174828028008,4.0,8.0,2.0,69.63688164606312,1
S0264,93.62507086718902,3.0,20.0,1.0,64.47541843863247,78.1188734106675,7.0,15.0,1.0,71.24040049794883,90.15217537582657,4.0,15.0,0.0,85.8745021841458,87.55678470086626,4.0,14.0,1.0,71.25929907970134,78.40541532389848,7.0,16.0,1.0,65.53304485047772,100.0,8.0,15.0,3.0,69.88288606903403,0
S0265,88.67571516158725,4.0,4.0,2.0,64.00637866109804,77.85500745255199,6.0,14.0,1.0,51.28077052562685,75.58427943263519,9.0,12.0,0.0,70.98279455742116,83.48661524369491,6.0,6.0,2.0,76.06899319685023,66.16119530943449,7.0,16.0,3.0,48.329434585212844,75.16020378139658,8.0,11.0,2.0,80.86400051083788,1
S0266,71.34320402798744,4.0,5.0,3.0,41.8153636260717,75.80267852694611,0.0,10.0,3.0,62.56480111175608,78.50285179540535,4.0,16.0,3.0,70.24849988064892,59.63673082885491,4.0,12.0,5.0,45.831705449869496,43.92471437704126,6.0,11.0,3.0,61.423760501936734,80.70362949774815,2.0,8.0,3.0,75.64490420090938,1
S0267,64.8535573746425,4.0,13.0,0.0,72.44895177299009,75.08748367677659,5.0,4.0,1.0,62.4033222244439,72.56057714459605,2.0,5.0,2.0,72.76494774795289,88.53339162241946,4.0,8.0,4.0,79.06954267722755,100.0,5.0,18.0,1.0,75.95271455243255,72.22879349488966,8.0,13.0,1.0,88.31257102500578,1
S0268,61.807579112136835,4.0,18.0,3.0,80.32185058342431,87.80719874632835,6.0,16.0,0.0,51.81523474366581,78.89139416424679,6.0,16.0,2.0,72.25090408403115,70.86641055378593,6.0,9.0,0.0,67.23983039250614,66.01522815149431,2.0,10.0,1.0,67.1156667472951,82.91966823217328,6.0,17.0,4.0,68.20641589263049,0
S0269,64.28965435040857,5.0,13.0,1.0,66.35958995038916,82.80279367155165,5.0,14.0,5.0,81.6668721956975,78.50715638478708,8.0,10.0,1.0,57.22551655641323,73.24692084769528,5.0,6.0,2.0,69.46823371966897,70.16791146212732,6.0,20.0,1.0,69.58179406250903,70.48022054560542,6.0,14.0,4.0,97.81771607745067,1
S0270,60.78760632072187,4.0,14.0,3.0,65.16207016288294,91.06522023382172,6.0,7.0,3.0,69.38529078691866,63.66665986971539,6.0,16.0,3.0,93.34411041173169,89.27888347847103,4.0,11.0,1.0,82.36030214312875,57.09857021526866,2.0,14.0,3.0,90.4405990222646,77.0410833917538,9.0,13.0,0.0,66.93024053247842,0
S0271,91.25096268233636,8.0,14.0,-0.0,80.44374528044644,91.8663876655573,8.0,10.0,1.0,72.02219493262312,90.66660442704018,5.0,14.0,-0.0,57.94410710955863,78.7054630447703,6.0,18.0,0.0,87.02260238658552,98.7342861852951,9.0,12.0,0.0,76.54438400031825,85.07360698302996,6.0,20.0,0.0,100.0,0
S0272,92.01909018208991,8.0,7.0,2.0,36.436485519625286,82.63541797944035,5.0,12.0,1.0,83.59584998971508,72.42696042067399,3.0,6.0,2.0,69.16634398623155,66.67653748923648,7.0,12.0,3.0,45.17180688726509,75.82818488692209,4.0,7.0,2.0,58.24936238754222,82.23884427748733,6.0,5.0,0.0,58.34886140550597,0
S0273,82.90916313945068,5.0,10.0,4.0,76.48831037650504,75.08145150035612,9.0,15.0,1.0,43.26772448667293,79.35952661432874,4.0,10.0,2.0,50.25812716963439,94.36402506290938,4.0,10.0,1.0,53.796674942816786,77.2591893215536,7.0,9.0,1.0,53.111292378639874,71.18027084224146,6.0,8.0,2.0,50.80870163616689,0
S0274,31.850171513709228,4.0,3.0,3.0,90.49471816312214,51.00588813946878,5.0,5.0,6.0,64.8878081629013,62.54056794956291,6.0,11.0,3.0,45.69451456699068,59.077834424862665,3.0,8.0,4.0,43.85508592923852,53.799132372396855,1.0,4.0,5.0,64.89921656271878,39.39653118709138,3.0,6.0,4.0,75.45762928898876,1
S0275,62.40397054875775,3.0,3.0,5.0,50.5489838796415,78.98585383191765,3.0,12.0,4.0,39.943819687340536,79.16349368061184,3.0,8.0,2.0,44.26834004509439,46.0436621291328,3.0,9.0,5.0,57.25007049768417,70.14674877997582,2.0,8.0,0.0,46.30695865192909,68.33444224031149,4.0,14.0,2.0,61.51173069009876,1
S0276,75.8020999622872,6.0,13.0,2.0,62.47378400240636,84.98181325612248,5.0,4.0,0.0,67.10299002625227,66.77044683530275,2.0,9.0,1.0,66.04211667325076,86.82338446253702,3.0,11.0,4.0,83.24559364756155,70.39542979377742,3.0,6.0,2.0,59.54809263842114,80.94599281239236,5.0,15.0,2.0,71.4092495246692,1
S0277,100.0,10.0,9.0,1.0,86.04107009834324,77.7180473119736,1.0,10.0,4.0,67.39767953925772,85.55493072509016,7.0,11.0,3.0,80.4151796359547,84.3144145197211,6.0,14.0,1.0,76.54151745902134,64.92681655443153,8.0,19.0,0.0,90.35688376792078,89.74346767026142,7.0,7.0,0.0,70.58378775377182,1
S0278,76.75087123678293,8.0,16.0,0.0,100.0,96.00688728767557,6.0,6.0,1.0,66.20210015350025,84.25553383549988,7.0,17.0,2.0,65.73544287790989,76.20036611708001,4.0,10.0,0.0,100.0,77.13809490005728,6.0,15.0,1.0,100.0,100.0,6.0,13.0,1.0,67.29202749483909,1
S0279,64.20929628483213,0.0,4.0,4.0,69.73812029118923,40.01211487359738,1.0,6.0,3.0,74.48298183266942,58.135260462434594,3.0,16.0,4.0,55.676768099789285,37.60964738208281,4.0,10.0,1.0,46.195113274708525,51.17576979519432,5.0,10.0,3.0,59.6072172627427,64.46576588372233,3.0,4.0,2.0,45.585047024548736,0
S0280,99.57999068991624,6.0,13.0,1.0,35.194011448358914,71.82247655898847,6.0,17.0,3.0,91.35953969206261,71.17493119958421,3.0,3.0,1.0,84.88394686291657,88.75073008777038,2.0,4.0,4.0,57.84640658861648,80.81357262030853,4.0,7.0,-0.0,63.454531925623485,80.48595177765095,4.0,11.0,0.0,67.31216972797289,0
S0281,82.11816265885086,7.0,9.0,1.0,71.08614969336234,87.85075468213114,5.0,19.0,3.0,60.101406856968794,73.56101916890995,3.0,22.0,-0.0,44.826854601063445,65.19940576935342,7.0,13.0,3.0,58.91901090270644,86.27865104909007,4.0,8.0,3.0,63.119431313660435,70.51939763695599,4.0,15.0,1.0,61.09575666379232,0
S0282,100.0,7.0,21.0,0.0,100.0,99.2886987921822,9.0,17.0,1.0,90.14250570046205,100.0,10.0,17.0,1.0,73.489107101473,85.0643086011341,8.0,11.0,-0.0,74.00467451087962,100.0,8.0,7.0,-0.0,79.06832388342907,96.08710623319786,10.0,20.0,0.0,58.27774017967516,0
S0283,73.17318994714655,6.0,11.0,3.0,67.4397898390507,72.81312873885238,7.0,7.0,2.0,59.52349270769319,74.84352588027808,5.0,12.0,4.0,70.77618025523287,78.27101066749192,3.0,15.0,3.0,74.95727793169075,50.57944369564499,5.0,16.0,2.0,53.74375206506155,73.88077375592552,3.0,11.0,3.0,82.43824417013835,1
S0284,80.96069874352918,4.0,16.0,2.0,47.29136983205188,40.40480132139947,5.0,10.0,0.0,87.68289234079634,63.519092290643016,6.0,9.0,2.0,64.54156400330625,85.47087543534825,7.0,1.0,3.0,24.678163854392913,82.84461738667305,3.0,5.0,2.0,58.54894738810726,100.0,6.0,9.0,4.0,57.57983604126784,1
S0285,100.0,4.0,11.0,1.0,83.04992158600538,89.10769411092542,12.0,16.0,1.0,49.5202005797953,100.0,7.0,14.0,-0.0,81.22047586168868,83.5695015454237,5.0,21.0,1.0,72.05434180477404,85.2338832221062,8.0,9.0,1.0,91.8544999362054,100.0,7.0,14.0,2.0,96.44203966073157,0
S0286,77.47293705523624,6.0,13.0,3.0,54.78562655572455,90.84603956787598,7.0,7.0,3.0,77.99497625228257,97.71972055967389,7.0,14.0,0.0,87.02748095619206,96.93846079722117,5.0,6.0,2.0,88.79014999727843,100.0,6.0,19.0,3.0,71.48085977855598,91.77008387804652,5.0,16.0,1.0,62.8361751574204,0
S0287,89.63581369897669,2.0,7.0,0.0,82.62207960619884,84.28258925685836,3.0,9.0,1.0,55.18305955841973,67.48488294476185,4.0,7.0,3.0,54.24586613125871,100.0,1.0,7.0,4.0,60.99036922146605,94.10176031989315,6.0,13.0,1.0,84.39320173296558,86.38038363689597,8.0,21.0,2.0,67.53062309964368,0
S0288,64.94682901545485,5.0,10.0,0.0,54.09297578404661,92.5711337540937,4.0,18.0,0.0,34.49183571584106,95.31219592111606,5.0,9.0,3.0,60.204638795071226,96.38282446973449,8.0,13.0,2.0,82.49574260081258,100.0,5.0,12.0,3.0,65.84745177651534,51.24953081176079,7.0,7.0,1.0,81.08769035035516,1
S0289,89.15429871781757,8.0,12.0,0.0,71.96112274372388,82.29079002255796,5.0,8.0,3.0,65.87429049402617,88.33714399499442,8.0,17.0,0.0,61.92472572749981,98.30656818620257,10.0,15.0,4.0,100.0,93.24316088679879,7.0,14.0,1.0,65.78330374483913,87.04401710889141,6.0,19.0,0.0,82.6025547760243,0
S0290,85.28326250816149,2.0,9.0,4.0,57.02596265277374,80.75050119723576,7.0,9.0,1.0,94.90756575340735,80.46090731362261,8.0,6.0,0.0,64.16004001796173,85.70792041431592,2.0,11.0,3.0,70.1602677391602,86.1210293064279,5.0,16.0,3.0,86.92513273815112,92.06405525091569,5.0,13.0,1.0,65.28343349989929,0
S0291,77.37623410197045,3.0,8.0,2.0,62.86950097639698,68.38634200735738,4.0,13.0,1.0,61.33508511646325,88.26871169402749,3.0,14.0,3.0,89.27308297133635,78.24713269392868,4.0,16.0,1.0,86.88485354799525,78.3407555118287,4.0,13.0,1.0,70.82147405683753,83.78487050393673,6.0,16.0,-0.0,77.64988855069686,1
S0292,80.04958906296508,3.0,6.0,2.0,87.28048392102224,77.46755389679447,5.0,13.0,1.0,77.54509197087987,79.21256281936658,5.0,10.0,1.0,42.65925354163214,78.45117973211177,5.0,8.0,0.0,100.0,71.5299626369708,6.0,5.0,1.0,64.704295139628,77.80370000741951,2.0,12.0,3.0,75.93762824489946,1
S0293,58.34310646508863,3.0,0.0,1.0,54.7334805785802,50.27468754830169,3.0,6.0,3.0,70.06649102895557,71.55453215085215,5.0,5.0,6.0,36.56601691732741,69.9024875410284,3.0,7.0,3.0,58.914350171015,54.61232725358351,3.0,12.0,1.0,53.75492926949167,52.534321606043626,2.0,14.0,3.0,51.214066674051324,1
S0294,97.37282692790333,8.0,13.0,0.0,85.8377497771529,87.65880141257927,8.0,18.0,0.0,93.48882917263965,100.0,13.0,26.0,0.0,74.54702146720847,93.94309934638547,9.0,16.0,1.0,92.99369978587673,100.0,12.0,19.0,0.0,100.0,100.0,10.0,19.0,-0.0,78.07452831657534,0
S0295,80.36197601024278,9.0,15.0,2.0,54.33531105268272,71.18320046827958,7.0,15.0,0.0,72.05488130285492,79.75624028234009,9.0,9.0,1.0,89.9922179547004,74.172770018329,6.0,10.0,0.0,83.0030170890477,100.0,6.0,17.0,0.0,74.65359089012027,72.60340746721747,3.0,10.0,1.0,61.62456521282587,0
S0296,66.81049974044315,7.0,5.0,1.0,40.031054976683414,97.76258225855074,7.0,19.0,2.0,42.206705094699956,54.94844225496649,4.0,7.0,2.0,57.63327670047884,61.725361649112074,6.0,4.0,2.0,82.8139103334875,74.17666927622645,3.0,7.0,4.0,83.72765163120475,90.05244550867255,4.0,13.0,1.0,60.92567084972055,0
S0297,82.61763568256089,6.0,6.0,3.0,47.52213123381139,75.09733169528258,7.0,11.0,2.0,55.013766018711955,84.27025660102503,8.0,11.0,1.0,60.46662905793903,80.36630558093886,3.0,11.0,2.0,64.49664598889805,68.47588039364638,4.0,8.0,1.0,61.75531847290376,94.7640795760016,4.0,16.0,3.0,65.40488301270584,1
S0298,72.29003446470583,6.0,20.0,5.0,73.28657519343419,88.32958875081457,5.0,13.0,3.0,84.41725255383285,80.80719705389338,6.0,10.0,3.0,49.1142673223198,85.88770746328062,6.0,12.0,3.0,64.94533459336228,66.6890195328244,4.0,14.0,0.0,86.97080051441444,100.0,12.0,13.0,2.0,94.01247208672372,1
S0299,100.0,9.0,13.0,0.0,99.29049058690312,94.76198459288773,10.0,22.0,2.0,86.41672518330478,100.0,10.0,16.0,1.0,81.89381331846296,92.29143562164104,6.0,20.0,0.0,100.0,100.0,10.0,12.0,0.0,88.89480553470712,89.12400706439193,9.0,8.0,0.0,98.2719719137115,0
S0300,64.21430086399894,3.0,13.0,0.0,56.87512426894809,56.50543744572202,2.0,9.0,4.0,69.86282534307045,83.37215042645344,7.0,12.0,3.0,76.85134925464644,87.03804014370168,4.0,6.0,1.0,60.93144275474923,91.54325945134303,7.0,2.0,4.0,77.0761044305858,68.37110015391374,7.0,11.0,2.0,53.295152560621474,1
S0301,56.20360865722189,5.0,11.0,2.0,72.71410826842435,73.83250514335045,0.0,3.0,5.0,52.59070397392087,58.02717711032186,1.0,9.0,4.0,54.267896534179634,49.263943253054265,-0.0,6.0,4.0,67.43870064510976,76.75107551683183,3.0,9.0,4.0,64.25954517187765,52.00280567549791,2.0,9.0,5.0,76.43780998947977,1
S0302,91.37723455549536,5.0,18.0,2.0,73.2936081379662,72.40609777581045,5.0,16.0,-0.0,100.0,100.0,9.0,15.0,0.0,81.82851733098062,89.39445857195064,7.0,20.0,0.0,87.01875587400112,100.0,8.0,19.0,1.0,70.15594064260266,84.64980187465842,8.0,15.0,1.0,82.2349985970274,1
S0303,88.399652595818,6.0,4.0,4.0,56.029555742699806,65.44037972782002,4.0,14.0,2.0,53.3344422263777,74.15599179135879,6.0,7.0,2.0,37.453322506693745,80.66420966826999,3.0,11.0,-0.0,84.93923207023713,75.88277120526112,4.0,10.0,2.0,60.369126352395,58.46887354446059,1.0,8.0,0.0,68.77371914035406,1
S0304,89.57725680175093,8.0,12.0,1.0,56.171178146507415,84.55839888415109,8.0,14.0,1.0,93.76099283303728,86.77749162288889,6.0,15.0,1.0,66.69392300891732,95.55956681586548,8.0,15.0,4.0,59.39860931405284,85.09604110231069,8.0,15.0,1.0,84.68602356693626,77.42783893898076,5.0,18.0,1.0,58.139436405313006,0
S0305,80.13376217358459,6.0,6.0,1.0,82.48390774223846,85.04044352527558,4.0,12.0,2.0,70.48228856918273,80.2172395629596,5.0,12.0,4.0,70.67005015325083,71.9258533716112,5.0,14.0,3.0,56.69951782983201,96.46159494829436,7.0,14.0,4.0,84.24403863460911,91.1682981186015,7.0,3.0,3.0,62.28193008821249,1
S0306,99.56651691058012,7.0,24.0,0.0,100.0,84.464248363397,6.0,9.0,2.0,100.0,100.0,4.0,12.0,2.0,64.64343710857322,95.16639487466233,7.0,16.0,3.0,90.49179473265953,78.66114847191226,8.0,14.0,3.0,96.0770677821358,82.96786063579124,4.0,15.0,0.0,93.06012341657839,0
S0307,60.39270972795838,7.0,6.0,2.0,46.679124270452,63.22348009925495,6.0,13.0,2.0,54.194868473944666,76.31981714676674,7.0,19.0,1.0,80.5130379352491,75.13333100656625,6.0,20.0,2.0,55.51981143147652,78.78887877749038,6.0,13.0,2.0,72.81074987499366,96.3159805330778,7.0,13.0,0.0,59.04034818068397,0
S0308,67.18190638262057,0.0,5.0,2.0,50.15328509212464,57.6863899502862,5.0,14.0,3.0,57.58468495984246,63.0274150088028,4.0,9.0,2.0,67.39051370604139,64.1314350553838,-0.0,10.0,4.0,56.63235252786466,86.62968642271882,3.0,15.0,5.0,76.56248762882258,82.10912366584023,5.0,18.0,3.0,55.77195209870931,1
S0309,99.56096247179237,5.0,7.0,2.0,79.88036543882342,66.20569648669927,4.0,6.0,3.0,56.661832605194355,59.94277059717526,3.0,15.0,4.0,54.7723656589656,76.11684106795397,1.0,7.0,3.0,83.8511768415612,61.09552606103736,6.0,7.0,3.0,52.97255560550519,77.01195022886176,4.0,11.0,3.0,68.76619805172838,0
S0310,64.53273041732268,3.0,2.0,4.0,30.419646645942137,53.267450398629656,2.0,7.0,5.0,52.629496647801105,70.86534526838469,3.0,13.0,4.0,60.83853465870442,68.46896672628182,3.0,11.0,3.0,25.68923400083014,60.93107474691732,6.0,11.0,2.0,29.750171570226225,75.69414256351493,2.0,10.0,3.0,36.35576874119245,1
S0311,69.8634272512774,4.0,15.0,3.0,64.15945580781828,80.2891723037366,1.0,8.0,4.0,73.33914878754885,61.26268114495329,4.0,15.0,3.0,54.6895267454466,71.65917738316269,5.0,7.0,4.0,61.85583101074306,75.02443648973806,6.0,5.0,3.0,52.33932859629119,50.7133456772951,3.0,10.0,5.0,31.340439787805256,0
S0312,83.74758708748101,6.0,21.0,2.0,80.70974401361022,62.20681319410495,4.0,8.0,2.0,68.91246768571547,70.7296195510588,4.0,14.0,4.0,79.66906495280762,79.24799461825756,4.0,11.0,1.0,80.57356866124402,76.56242919567252,8.0,8.0,4.0,80.35092519155461,68.47180767678302,4.0,11.0,5.0,76.31251550762582,0
S0313,73.56398313192643,3.0,6.0,3.0,51.6558581393178,66.02847150541218,6.0,9.0,2.0,67.64601239869921,55.81348062626812,3.0,8.0,3.0,79.03876397913521,48.67474016687022,2.0,10.0,2.0,50.19794742757332,75.00973029159094,4.0,13.0,4.0,35.35375434257089,63.08971879086435,3.0,15.0,1.0,90.64801080683327,1
S0314,53.201474939200395,3.0,6.0,3.0,71.31375140577887,78.6706397004937,5.0,13.0,1.0,54.22697310678178,77.12373824662737,1.0,11.0,2.0,48.298751665551556,80.63039492556868,4.0,8.0,1.0,50.63076878749561,93.87921327998146,3.0,6.0,2.0,43.03205623232846,77.84988349964938,6.0,7.0,1.0,70.0341949191829,1
S0315,52.70421227374003,4.0,1.0,5.0,84.37275163781591,84.0175909848924,3.0,12.0,1.0,48.20043582669738,57.08301503932261,7.0,9.0,2.0,70.49289988168273,78.30491426958794,4.0,8.0,4.0,56.04360611871327,77.04810189858239,3.0,9.0,5.0,35.63299240173903,88.04292035350795,3.0,8.0,0.0,68.83057676791536,1
S0316,87.78577598191555,6.0,12.0,2.0,98.24368129276314,83.26469802803861,8.0,9.0,2.0,71.19118055926882,57.54333729565465,6.0,4.0,0.0,89.23521346162528,92.32949484992737,7.0,15.0,0.0,59.22643252471029,100.0,9.0,22.0,2.0,81.26892951403013,71.2761362912188,9.0,16.0,2.0,58.58869863342656,1
S0317,72.68947728277863,6.0,11.0,3.0,66.46700085892519,90.36156763191944,4.0,5.0,2.0,66.79341134393276,85.960444474262,3.0,15.0,2.0,53.7450170764823,71.43375387189809,7.0,10.0,-0.0,68.30275699163813,68.52389045198292,2.0,16.0,3.0,47.06807568747487,72.82452914250962,9.0,13.0,1.0,87.90998795633517,0
S0318,100.0,7.0,11.0,0.0,67.5209483428135,87.20502039917386,9.0,15.0,0.0,72.37220706946407,63.50896958185852,1.0,15.0,-0.0,66.92254887794152,99.45868945530634,5.0,17.0,2.0,71.10036038807118,86.18119123967155,9.0,11.0,1.0,82.66066279724055,86.65186520753448,7.0,12.0,0.0,69.6995130361817,0
S0319,67.33248404083393,6.0,11.0,2.0,45.22443909901972,75.92728703847422,7.0,8.0,2.0,44.683316494661874,80.56423012718517,6.0,13.0,2.0,49.89488127884262,54.10775837813472,4.0,6.0,2.0,50.918513339562736,98.37687087858095,3.0,8.0,3.0,53.51094848308898,62.89114637813181,4.0,10.0,4.0,74.39620315533588,0
S0320,71.7469710257061,5.0,16.0,1.0,93.46053433715063,76.52604680729662,7.0,22.0,1.0,96.5641584890751,100.0,8.0,14.0,0.0,77.92409889164294,88.59152200573493,8.0,11.0,1.0,86.30909976061233,100.0,11.0,14.0,1.0,68.9946616600784,80.44982441584307,6.0,18.0,0.0,88.28520348808497,0
S0321,58.17797923127776,5.0,12.0,3.0,40.971638766749834,41.334809317912416,1.0,18.0,1.0,55.09677576695456,70.62346058618533,5.0,13.0,1.0,55.187379488734685,68.88791724587576,5.0,18.0,4.0,82.2841152855228,56.470875625534894,4.0,16.0,4.0,46.19438401988789,65.67554089291013,5.0,12.0,-0.0,69.0202535815526,1
S0322,51.10104939698984,8.0,11.0,0.0,66.37047404317477,88.22772387534698,10.0,20.0,2.0,89.87160428602914,98.89107699320263,7.0,7.0,0.0,67.13052634228045,67.74825288251715,9.0,6.0,2.0,74.49600287887465,82.34401273045118,7.0,8.0,3.0,72.79458234452883,79.15084407910086,7.0,10.0,0.0,78.21279703349771,0
S0323,66.30677552446453,1.0,5.0,2.0,57.72518585868933,73.89047948433023,5.0,6.0,2.0,56.465936178183625,68.02520493734085,6.0,5.0,3.0,68.01936566122117,64.42774983380183,4.0,9.0,2.0,75.09884705153948,69.14917749014019,9.0,5.0,2.0,45.72931966586145,84.48681555520905,4.0,10.0,5.0,64.14762086840996,0
S0324,71.47983159678354,5.0,13.0,2.0,53.44927493462484,79.04646912177873,4.0,13.0,1.0,69.56931514408403,92.13133503289059,5.0,0.0,2.0,33.94994600628121,75.19821209609376,7.0,18.0,4.0,82.59485868161374,77.138749580965,4.0,13.0,3.0,60.42169077697141,59.49765821908185,4.0,10.0,4.0,64.45877330477757,0
S0325,56.8793397485024,2.0,8.0,3.0,53.711022133799716,55.27370208882903,5.0,11.0,4.0,57.60147342502354,55.69827804052665,3.0,7.0,4.0,36.15903052055272,38.86362608388515,1.0,8.0,5.0,41.58057419107736,75.66140420639522,2.0,1.0,5.0,55.41322783835699,69.75510689418356,4.0,10.0,3.0,63.363221296743006,1
S0326,86.90802686583177,4.0,14.0,5.0,96.59543954471218,91.43814542399937,6.0,13.0,3.0,49.152406723701624,44.78289668430145,4.0,7.0,6.0,70.07124615555169,68.02521779222475,3.0,16.0,2.0,64.54027214449027,94.4313873927282,3.0,7.0,2.0,69.26951036691294,87.22710245523986,5.0,9.0,0.0,50.52757040055195,1
S0327,100.0,6.0,19.0,0.0,82.01802229168081,93.37390902334137,10.0,14.0,0.0,88.86124345826725,97.53350188290761,8.0,12.0,-0.0,91.45926863722465,77.11163162502575,3.0,18.0,-0.0,77.77113553845169,98.14143691932654,6.0,15.0,0.0,96.80088832182119,91.14130702299119,6.0,11.0,1.0,80.37691736965306,0
S0328,80.69182382160687,5.0,6.0,3.0,62.57385294499855,87.38703313794863,4.0,17.0,1.0,95.6661929515215,100.0,8.0,13.0,2.0,53.84994101251454,100.0,6.0,12.0,2.0,47.91923795251665,94.60031446144504,5.0,12.0,0.0,70.97572856300172,83.8552021224214,6.0,15.0,6.0,89.22276928505283,0
S0329,69.2757551088207,11.0,9.0,1.0,93.93471746729409,100.0,8.0,15.0,1.0,83.24264346935315,100.0,7.0,13.0,1.0,87.55589923019953,96.24197372175078,8.0,14.0,-0.0,84.70072408801212,100.0,6.0,9.0,0.0,65.01881119361377,99.8033149202952,6.0,17.0,-0.0,82.14076087340467,0
S0330,95.10845723193611,4.0,10.0,1.0,76.53696944170005,100.0,4.0,14.0,-0.0,85.80067277749819,80.71719952357489,9.0,7.0,1.0,91.75893581913961,88.0110296720011,1.0,5.0,0.0,58.45270377098424,85.84750892989383,4.0,15.0,0.0,79.70298111254658,90.63313378009752,5.0,19.0,0.0,68.61964091040542,0
S0331,72.04080997605897,1.0,4.0,2.0,73.03841646419205,61.172131796478055,5.0,3.0,1.0,62.593521491523376,68.52330126537284,4.0,19.0,4.0,52.201344464715646,66.96136817386574,4.0,7.0,4.0,59.667961525617066,43.39858914157944,3.0,11.0,2.0,62.074566658993234,64.36220588945939,4.0,3.0,5.0,67.37588695928034,1
S0332,78.69982692200868,2.0,14.0,2.0,63.930288568499094,66.74881320537551,5.0,13.0,-0.0,65.92335710813286,85.84062614155597,5.0,10.0,2.0,47.51320758212863,81.04137564733533,6.0,12.0,3.0,39.842368727045965,85.60881152059395,6.0,8.0,4.0,59.08283266315394,64.84121708947308,4.0,10.0,1.0,73.3486998885218,0
S0333,100.0,10.0,15.0,1.0,71.511379374193,71.31049010138233,7.0,12.0,0.0,77.60000633393392,87.86083744739256,11.0,9.0,1.0,87.23866387418693,100.0,8.0,14.0,0.0,77.38320627847393,95.35055926099038,5.0,20.0,0.0,70.95866048798398,95.63771381397491,5.0,13.0,0.0,56.79183308225775,1
S0334,79.17295387331191,6.0,19.0,0.0,53.165025231080214,100.0,7.0,16.0,0.0,85.7995914921022,100.0,10.0,12.0,-0.0,100.0,73.18824388506843,4.0,24.0,1.0,56.14691160458298,96.22596179220453,6.0,16.0,2.0,100.0,86.65739634675444,9.0,13.0,0.0,88.35621509553758,1
S0335,100.0,5.0,14.0,1.0,44.99589335787303,86.29632786294361,5.0,13.0,1.0,78.35813472189598,74.63038150012729,9.0,11.0,1.0,55.26621482308349,96.16152814748222,7.0,13.0,4.0,77.10628580044437,68.2642061181858,8.0,8.0,-0.0,49.569462714988674,79.98320818346488,5.0,6.0,1.0,69.5949066333826,0
S0336,83.86902860548999,6.0,16.0,-0.0,54.465819827831844,100.0,5.0,15.0,3.0,61.23530469509626,100.0,5.0,14.0,0.0,80.71513052911175,100.0,7.0,17.0,0.0,74.65828046355861,100.0,4.0,21.0,-0.0,87.0770427010117,95.49198132900091,11.0,10.0,0.0,90.13222316486795,0
S0337,98.37321817777264,4.0,18.0,1.0,80.02215110194517,100.0,8.0,13.0,0.0,78.17364322131618,97.72578988914398,11.0,19.0,0.0,89.9735816623841,87.38638372107188,8.0,18.0,1.0,67.8542992684686,89.61220564074874,10.0,11.0,1.0,89.35584302332991,97.65441375665623,8.0,15.0,3.0,74.86127034069574,0
S0338,58.31972347997609,5.0,13.0,3.0,45.80841256634313,82.0684327071719,8.0,14.0,1.0,62.30281495402512,69.36996671655963,5.0,11.0,4.0,66.49492729397217,75.94315152473791,5.0,13.0,2.0,80.6509732018886,63.27138890714178,4.0,12.0,3.0,60.10219190736735,99.70319028251087,3.0,9.0,0.0,71.38011784320454,0
S0339,58.128391355585734,9.0,10.0,2.0,74.0249627618044,53.263710741625964,3.0,9.0,6.0,50.96550382780912,63.39828439465428,4.0,17.0,6.0,31.984730976819847,30.858438043337475,5.0,9.0,5.0,51.944897283942616,52.06372304517354,4.0,8.0,4.0,54.08764511232146,58.43814615719545,6.0,6.0,4.0,30.812890948741238,1
S0340,93.5000475662352,7.0,17.0,3.0,62.33583718573895,72.55278090561544,6.0,5.0,3.0,80.05588658415563,86.72080757528354,0.0,9.0,2.0,68.12023334075678,59.175729859112096,7.0,10.0,4.0,63.46432170677943,81.83329261109797,7.0,13.0,1.0,56.291852447547164,73.93452045661601,3.0,16.0,2.0,49.38329303897428,0
S0341,100.0,7.0,18.0,0.0,87.49427821855764,95.10679568839527,9.0,19.0,0.0,80.64884761308706,100.0,9.0,19.0,-0.0,77.20957417746042,100.0,8.0,16.0,0.0,88.13226818841613,100.0,12.0,15.0,0.0,90.91600746607813,87.3911808027438,12.0,27.0,0.0,100.0,0
S0342,88.73103724226073,6.0,10.0,0.0,53.14236165683667,73.50154524567387,5.0,8.0,2.0,45.42956586535738,81.90882670139442,3.0,15.0,3.0,47.166216323781214,91.85937557638584,6.0,13.0,2.0,72.05982658050141,71.49584410090736,6.0,10.0,0.0,77.54922858731838,94.42926906735377,6.0,11.0,3.0,100.0,0
S0343,84.0510953590726,4.0,8.0,1.0,75.99128674345711,75.97655546138635,2.0,7.0,2.0,78.41969142307619,60.77602244998936,6.0,17.0,-0.0,43.09119239387309,88.75367375984321,8.0,11.0,5.0,81.88089317935056,85.1591326304052,4.0,11.0,3.0,64.5047529130495,79.733824044858,6.0,6.0,1.0,72.42151846065322,1
S0344,76.18770898889831,1.0,14.0,4.0,52.59812767267931,70.00291416809578,2.0,7.0,4.0,43.97558315451862,84.51919072284561,3.0,16.0,3.0,80.5267992505926,75.33862607156091,5.0,14.0,1.0,75.55999354275127,83.8584829713525,3.0,9.0,-0.0,100.0,71.85107650358462,5.0,13.0,1.0,54.16183137910435,1
S0345,80.587897401029,5.0,13.0,1.0,38.0426111265096,47.10230343757196,2.0,10.0,2.0,24.846700092068033,66.86925563082754,7.0,7.0,3.0,40.15194471724396,86.13216590865805,1.0,4.0,3.0,45.30454320968858,64.30079615379978,2.0,13.0,4.0,45.49957688788856,62.848406218773206,4.0,0.0,2.0,53.733646330005136,1
S0346,100.0,11.0,16.0,0.0,100.0,100.0,4.0,16.0,0.0,100.0,100.0,9.0,17.0,3.0,93.29908929151763,100.0,10.0,17.0,0.0,100.0,94.67952759351972,12.0,12.0,1.0,100.0,100.0,8.0,11.0,-0.0,76.12444276599655,0
S0347,67.13328038634052,8.0,19.0,3.0,78.87573050276137,91.68831421036288,9.0,5.0,0.0,76.13314575978589,92.03284003381107,11.0,3.0,1.0,82.0163962800227,82.57622065216329,9.0,20.0,-0.0,61.08211516822803,98.4384090671097,6.0,13.0,2.0,81.52598232512915,77.72006412519752,4.0,15.0,0.0,91.40856181877109,0
S0348,65.86114934585264,4.0,3.0,1.0,58.801924776590646,72.39436603287024,5.0,9.0,2.0,68.70901155522932,69.7894179637821,3.0,10.0,4.0,64.35640262947925,100.0,7.0,10.0,5.0,51.69618998477437,83.95160617516741,5.0,11.0,-0.0,63.60956046807371,87.75567309473377,5.0,5.0,5.0,62.764054039586114,1
S0349,100.0,7.0,15.0,-0.0,92.79600578081146,100.0,7.0,20.0,0.0,77.62195794762471,91.49470834739166,11.0,20.0,0.0,87.96793491417503,85.04353157751414,9.0,23.0,0.0,82.02673369317004,100.0,5.0,15.0,0.0,100.0,100.0,10.0,14.0,-0.0,98.5608564741846,0
S0350,70.5106697477615,5.0,9.0,1.0,53.36555574301469,71.01736776960409,0.0,7.0,2.0,33.85882367693864,62.06193409174209,-0.0,12.0,6.0,58.57518274305786,46.90247782496192,0.0,9.0,1.0,67.89571585038796,54.1597779500757,1.0,13.0,4.0,30.83944208026972,73.17460460897925,1.0,3.0,3.0,51.09213990529278,1
S0351,59.1433782574675,6.0,8.0,4.0,69.67861797931698,80.85636605319733,1.0,11.0,1.0,47.71541288234607,71.5776391204732,5.0,11.0,1.0,66.24980148602893,71.69481261480568,4.0,11.0,1.0,47.93431400078295,60.37568733824117,5.0,5.0,3.0,70.2689322915256,67.78796175667492,8.0,11.0,2.0,80.30388147862195,0
S0352,63.99546592282414,4.0,20.0,2.0,48.09828950830959,80.50755302892446,4.0,14.0,4.0,55.72351554952799,98.05393088824096,3.0,17.0,4.0,48.89192694114163,62.38389401947553,3.0,11.0,3.0,72.01493815950712,72.00586308059182,4.0,12.0,3.0,49.504841004971794,61.878211407549244,6.0,15.0,2.0,36.80382452137819,1
S0353,81.29972408631278,3.0,13.0,1.0,100.0,89.48759720184361,10.0,16.0,0.0,55.89579660436536,98.42282902286281,5.0,12.0,2.0,61.81871634509569,82.70120090289694,6.0,12.0,-0.0,72.94297728776625,97.83523379611323,6.0,8.0,0.0,67.6056055237455,84.91777168948968,5.0,11.0,1.0,74.052128175549,1
S0354,68.66296428100098,5.0,9.0,4.0,51.74768355287074,80.69125689427077,3.0,14.0,3.0,64.16110379897704,60.62697232271127,3.0,7.0,3.0,58.392621481874926,81.42568776718507,8.0,2.0,3.0,53.79009377013202,83.93307398191448,1.0,8.0,4.0,53.100331011833795,80.6480940879006,4.0,10.0,1.0,67.41660386980763,1
S0355,53.735849820901954,6.0,10.0,4.0,79.0995130174093,78.88416049465387,6.0,0.0,0.0,50.840873307627746,93.88236491125069,2.0,8.0,3.0,55.548987767423384,68.63905802486443,2.0,13.0,4.0,72.6845735689806,75.6593948933199,4.0,4.0,5.0,43.82174433639591,74.2671625137945,8.0,6.0,3.0,53.55837217640362,0
S0356,71.89788848105741,3.0,3.0,0.0,63.02705590836565,80.99096659888478,4.0,18.0,2.0,68.26172446174259,73.4440624412554,3.0,7.0,1.0,71.68169605260036,78.13878056705373,10.0,20.0,-0.0,54.43382819699707,72.4328916411297,8.0,10.0,2.0,42.53509723630147,68.10612608730396,7.0,9.0,2.0,70.70436043179008,0
S0357,70.6782643572,6.0,8.0,1.0,76.95535069218252,76.37685625836095,5.0,14.0,-0.0,67.82806486818308,78.97505458988576,4.0,14.0,0.0,81.07909201332528,78.9273679748212,4.0,13.0,1.0,97.65545722551204,68.17110138038419,3.0,9.0,2.0,71.09897037036812,85.43472298073112,7.0,8.0,2.0,70.45160739742143,0
S0358,88.28462348504405,6.0,15.0,3.0,75.57569659354864,96.99099798534792,8.0,21.0,1.0,70.71176136912611,88.99523070707687,5.0,13.0,3.0,70.1112426551556,50.078318452203575,4.0,14.0,2.0,62.82358256759077,77.22382240794043,7.0,18.0,3.0,64.37438923940432,65.36077328198138,5.0,15.0,4.0,79.98023464814857,1
S0359,100.0,8.0,11.0,-0.0,92.68937721949446,85.36197943485199,6.0,11.0,4.0,83.62620802943981,67.05693538536183,9.0,16.0,-0.0,65.28108057975356,72.1136718171164,8.0,13.0,2.0,78.7312365066284,89.8081900166329,-0.0,15.0,3.0,72.42517425185783,81.55736889414833,8.0,8.0,0.0,85.33482206251867,0
S0360,81.87308998557809,7.0,9.0,0.0,57.7065549021055,87.91857868777203,4.0,5.0,3.0,64.6606785314941,79.97850531935227,6.0,11.0,3.0,38.9391053961749,77.79908029749082,8.0,17.0,1.0,91.0759570275038,95.31035900102808,4.0,14.0,2.0,80.10373243552024,83.5154957742483,6.0,11.0,1.0,74.97628051438082,1
S0361,78.97327030652717,4.0,18.0,1.0,84.58412094242766,88.24464878584473,9.0,12.0,1.0,72.10079505739722,75.99774164536993,8.0,12.0,2.0,58.760104442213056,72.36260224080308,7.0,12.0,2.0,71.98824082464797,76.32117510112245,2.0,8.0,1.0,75.85231283183097,67.62006923767298,5.0,14.0,0.0,81.8377164024133,1
S0362,79.46175923658092,2.0,17.0,-0.0,90.01621926922522,70.06797326494792,5.0,10.0,7.0,67.47017515434749,79.44362844664117,2.0,2.0,4.0,45.34319629509369,73.80121764635814,3.0,12.0,1.0,80.81022565430833,71.42287617261965,7.0,14.0,2.0,60.43035099236453,64.22032515830956,5.0,15.0,3.0,45.22333649610616,1
S0363,61.20303199451986,3.0,12.0,5.0,54.38005582151105,60.90806466024884,6.0,12.0,1.0,23.99729320358994,74.64252948317207,3.0,11.0,4.0,47.776546697845866,86.65147383928384,5.0,4.0,4.0,30.65753898633138,94.06182648725996,6.0,16.0,3.0,100.0,87.6273918507767,6.0,12.0,3.0,47.46801867609892,1
S0364,79.88191191575321,9.0,13.0,1.0,79.0712457597738,88.99767265132428,6.0,19.0,2.0,87.63672126181694,91.91678451777429,8.0,15.0,0.0,81.97723866389704,91.55050293304413,5.0,12.0,1.0,72.3890022573906,100.0,5.0,18.0,0.0,92.83720284201887,100.0,10.0,14.0,0.0,59.19173393415795,0
S0365,72.09244482640675,5.0,11.0,0.0,61.92183730847362,77.06849709540805,8.0,12.0,0.0,71.34928105027929,81.0913317553675,6.0,8.0,2.0,70.43155741293724,66.30908072083952,4.0,14.0,1.0,74.80436320111207,71.18173403954628,6.0,7.0,0.0,100.0,100.0,5.0,10.0,1.0,76.93051667011848,0
S0366,58.086231008093804,2.0,6.0,2.0,48.33533699281887,47.806422236084906,4.0,8.0,3.0,61.08212863682026,77.68556544737663,2.0,8.0,3.0,79.1999311605452,54.9867915285752,3.0,12.0,4.0,68.325314690138,81.72901176311564,6.0,7.0,4.0,47.376075584516755,69.11086382528006,1.0,12.0,2.0,58.978839368358734,1
S0367,76.21778491943095,3.0,10.0,0.0,99.39580147318051,81.9615295267069,7.0,16.0,0.0,57.42007195186396,92.99730168094668,8.0,13.0,2.0,82.19902401727624,100.0,5.0,17.0,0.0,86.21163410377838,75.11688955811127,9.0,14.0,2.0,78.93166998254826,95.91664279204588,10.0,10.0,4.0,94.83001327320851,1
S0368,92.98946489894803,10.0,10.0,0.0,62.16321680708035,93.83942600580826,7.0,13.0,1.0,71.8016757206297,90.74185031081684,6.0,21.0,1.0,100.0,100.0,9.0,7.0,1.0,85.68694968396369,84.2360456004784,6.0,12.0,2.0,58.8867305025139,87.18525856704888,10.0,10.0,1.0,81.14582397144989,1
S0369,88.53121997526138,7.0,9.0,3.0,52.78727457577725,94.56595489964005,4.0,10.0,2.0,50.69552568976994,80.74907898737855,4.0,7.0,3.0,75.98888973754704,85.72516111764347,4.0,6.0,2.0,80.83174787465146,74.33170991601871,1.0,22.0,3.0,61.350241674971635,73.5693219095978,6.0,17.0,2.0,57.1331177049294,1
S0370,53.66658329508258,6.0,6.0,6.0,82.10876120494808,78.96445892674508,4.0,14.0,2.0,69.98056736212705,93.9424308750241,5.0,11.0,2.0,74.75604250141728,52.76196605631752,4.0,12.0,6.0,66.20642324285774,70.18066343168577,3.0,8.0,2.0,51.3807182502841,81.17474907800012,8.0,12.0,1.0,61.43215946019483,0
S0371,82.17585792342514,7.0,6.0,3.0,76.62941740683048,50.27989940838989,5.0,17.0,3.0,48.21410785543449,83.14640111264202,5.0,8.0,0.0,62.86110764169999,84.35597261008255,4.0,9.0,1.0,37.88116306933513,87.71138943520428,7.0,12.0,2.0,100.0,96.21803906653167,6.0,14.0,3.0,41.62983986629976,0
S0372,64.74220396199709,5.0,10.0,3.0,84.39557758222544,74.67707808228104,6.0,13.0,2.0,41.709227148717616,60.408051445604656,3.0,7.0,2.0,39.667264129020026,70.78579869500153,6.0,13.0,3.0,74.90123963082172,67.05911332462422,8.0,7.0,5.0,45.015711927749315,74.82127546245563,2.0,11.0,3.0,48.995226237807614,1
S0373,76.67337041820984,4.0,11.0,2.0,53.12591924477278,65.47744476101958,4.0,9.0,3.0,66.91245797014247,48.867277128435504,3.0,11.0,-0.0,53.14662170312241,71.68174869245108,3.0,4.0,1.0,47.70475018772432,78.35199444439263,4.0,11.0,4.0,56.15558673901681,60.49750032097119,2.0,10.0,3.0,26.572621463570982,0
S0374,72.58471404696627,4.0,17.0,1.0,61.349735252425354,77.77694016046247,1.0,2.0,4.0,50.77055587921791,54.73273077578988,2.0,9.0,2.0,59.4156259016074,64.699846596897,7.0,10.0,1.0,63.972549434197695,66.31788891348634,3.0,16.0,5.0,39.23041503502587,75.43946752986288,2.0,4.0,4.0,64.18108827905519,1
S0375,58.4615271262554,4.0,8.0,5.0,53.209357773953805,75.33509537490743,1.0,10.0,-0.0,49.46136579171225,69.50040774447784,4.0,11.0,-0.0,53.66461061068877,70.35314595899804,7.0,11.0,1.0,64.99290164309986,78.79538997271796,10.0,11.0,1.0,69.9309621353832,64.66291143456831,5.0,12.0,2.0,58.54865678571268,1
S0376,41.24714430990708,8.0,8.0,4.0,46.7296853576069,53.68356438315113,0.0,4.0,3.0,57.417541010101715,54.29529376874329,5.0,8.0,2.0,30.707475053947235,47.5192370099482,2.0,9.0,5.0,45.386055663517055,55.74341795793186,3.0,6.0,3.0,32.12031325527677,50.50181763010216,2.0,7.0,3.0,42.87160958262808,1
S0377,84.60986148454616,7.0,14.0,4.0,45.214263126680194,82.62994984198079,7.0,12.0,1.0,83.3195814809466,76.78932106220363,6.0,10.0,1.0,75.88734458255108,69.3158910772182,6.0,8.0,2.0,54.56704730726993,65.9968176842973,3.0,8.0,1.0,82.91125709502914,100.0,5.0,9.0,0.0,57.00943815023278,1
S0378,100.0,7.0,15.0,1.0,97.62458671383524,100.0,6.0,14.0,0.0,98.14421961623911,100.0,10.0,20.0,0.0,73.9596625939036,100.0,7.0,9.0,-0.0,60.89351722697802,100.0,8.0,21.0,0.0,62.998678414995595,87.64377428836214,8.0,12.0,0.0,78.67123136892135,0
S0379,37.78295357079542,4.0,11.0,1.0,56.486093553721325,80.08606168839438,4.0,8.0,5.0,63.8393918199927,56.73110548921176,4.0,7.0,3.0,30.488569111169163,73.7409675636678,5.0,9.0,3.0,37.92415169247937,63.90586644514688,5.0,8.0,1.0,50.254730323446864,88.37756116853916,5.0,8.0,2.0,61.65408585727365,1
S0380,91.18341269814404,4.0,16.0,-0.0,71.77122903504538,86.39877149550404,6.0,9.0,1.0,69.33488440443546,75.26082249889993,5.0,13.0,0.0,56.86778871500191,82.41554042952536,6.0,15.0,0.0,84.144332430989,76.867778766169,6.0,12.0,2.0,46.735795703681006,91.62910594807047,5.0,8.0,0.0,52.47201538961897,0
S0381,95.08877917567835,8.0,13.0,1.0,61.456095012174366,93.43974871040103,5.0,7.0,1.0,64.05689391165706,87.36504113651559,2.0,13.0,0.0,63.64021872088419,83.83945481263986,5.0,16.0,0.0,46.66848948067123,74.11520957107356,7.0,2.0,2.0,60.05401416204542,73.21996192150245,4.0,11.0,4.0,74.00082321320916,1
S0382,65.75863195205964,2.0,8.0,3.0,42.37793732824134,78.47381285668209,5.0,14.0,2.0,45.83135525192429,83.22767642907037,2.0,10.0,2.0,41.03162564269141,71.07135315122062,4.0,8.0,2.0,42.58055957128267,61.19109352924335,1.0,9.0,3.0,50.883513241821674,66.41353592386268,3.0,8.0,4.0,43.54738477404396,1
S0383,100.0,9.0,14.0,-0.0,94.2105761790479,100.0,8.0,12.0,0.0,86.37080375861294,85.53884377868961,6.0,18.0,0.0,80.8293367641301,100.0,4.0,19.0,0.0,89.87524856378319,95.08583325855022,5.0,14.0,0.0,75.63615491005993,89.40528192986503,9.0,15.0,0.0,60.488559309232244,0
S0384,87.3312903843939,9.0,9.0,5.0,64.1212123412137,73.92869351361139,2.0,15.0,-0.0,73.12589555849952,97.89270971966127,6.0,16.0,0.0,88.92269241497034,100.0,7.0,17.0,2.0,66.13252669291363,100.0,6.0,7.0,0.0,73.51344441999257,87.20515115766464,7.0,16.0,0.0,97.68528651868186,0
S0385,98.18166291698488,8.0,12.0,0.0,91.17932213987794,100.0,7.0,19.0,0.0,77.94985248821087,75.95400141046157,10.0,17.0,0.0,92.05498202727546,100.0,9.0,21.0,2.0,76.41010471472252,100.0,7.0,19.0,0.0,97.60913514219148,98.49360683062517,8.0,18.0,0.0,100.0,0
S0386,71.28453697058185,7.0,11.0,1.0,100.0,84.8406836606526,7.0,17.0,0.0,84.33996897601483,72.24104162155376,8.0,12.0,2.0,66.68980017300387,89.99127134711168,7.0,14.0,0.0,77.08686412523554,56.42303499014235,7.0,12.0,0.0,100.0,84.78844760211302,10.0,11.0,1.0,68.38881227787074,0
S0387,49.03187763278659,5.0,7.0,3.0,84.40093478085024,85.35272470671033,8.0,14.0,3.0,80.18718337703137,69.298807398087,9.0,7.0,1.0,45.34845172128477,70.75090983289095,7.0,4.0,2.0,67.56063228765228,81.42209009569955,6.0,19.0,2.0,68.35393476166381,63.96838574662675,11.0,15.0,1.0,55.91378540234956,1
S0388,87.54712334376282,5.0,13.0,2.0,41.68633037448314,64.16353973017455,8.0,12.0,1.0,68.33376513165362,89.05285891758584,3.0,5.0,3.0,54.69939305978338,91.62645676099889,4.0,11.0,2.0,48.09695829737365,86.0933501511698,10.0,17.0,-0.0,50.71751129763416,71.57700787281657,6.0,10.0,1.0,59.24587672351436,0
S0389,67.1410448946926,4.0,16.0,2.0,57.72292536190822,64.34009550774682,2.0,14.0,1.0,90.3576803201104,68.8165116709202,8.0,5.0,3.0,74.41628554368417,85.58824943818011,4.0,12.0,2.0,67.21045903885094,74.76806269123632,4.0,9.0,0.0,66.13434235709249,61.18560669175663,6.0,18.0,3.0,53.896343985339456,1
S0390,92.07409058277486,6.0,11.0,0.0,88.02796920669839,100.0,7.0,21.0,1.0,72.2504408304652,86.94721902562944,11.0,22.0,0.0,94.57640604554761,86.38592127416324,5.0,17.0,0.0,87.7116253790155,100.0,7.0,21.0,0.0,77.16789051387043,80.27864878403471,5.0,13.0,1.0,73.25379589500231,0
S0391,90.77383076371677,11.0,18.0,0.0,90.11708745812554,95.52734100090171,5.0,19.0,0.0,65.36938941739683,100.0,8.0,8.0,0.0,96.04149326079339,100.0,8.0,11.0,0.0,73.2762270298777,100.0,7.0,24.0,1.0,100.0,90.02649230015734,9.0,11.0,1.0,97.40188773668811,1
S0392,64.48247412369929,5.0,8.0,2.0,47.86478409014229,94.75539022932676,8.0,5.0,1.0,77.46125460034995,81.04711389450401,6.0,17.0,0.0,84.27656886003206,90.25074362175553,9.0,11.0,2.0,70.46426581087778,63.340006678496785,8.0,10.0,2.0,71.48652132185279,99.45800577173945,6.0,15.0,1.0,96.49097715579138,0
S0393,85.10348396888631,5.0,12.0,1.0,78.11218365701224,88.21058022725994,8.0,11.0,0.0,61.912090599329126,76.96795869696567,9.0,10.0,0.0,96.92659001105459,60.839564894507355,7.0,17.0,3.0,62.685595119957995,87.1946790047216,8.0,9.0,3.0,50.62863106281615,90.05702441516472,8.0,15.0,0.0,67.75182315679353,0
S0394,68.19183018148951,4.0,8.0,3.0,63.26590575120569,71.50531581079521,6.0,14.0,4.0,59.57445089797879,99.98141531827613,5.0,16.0,4.0,56.64095128902049,64.67811500010126,4.0,11.0,1.0,65.14095481243895,98.82772263647395,4.0,2.0,2.0,78.77723911097534,82.09704114013779,4.0,16.0,3.0,77.72960096841904,1
S0395,78.81416208750241,7.0,13.0,4.0,87.78101945824024,73.34056349960355,5.0,8.0,2.0,36.203312596091564,70.29414963418157,4.0,2.0,3.0,81.79234929359816,77.4316880240449,3.0,9.0,0.0,71.10356977988732,57.825326499587284,9.0,12.0,2.0,74.51623129149992,72.41364172131262,5.0,12.0,4.0,65.9209503401415,1
S0396,85.9098052751096,7.0,9.0,3.0,63.07238384276893,64.46621028897877,8.0,18.0,1.0,54.02864221657161,81.04236403637147,4.0,11.0,4.0,62.96989238832877,56.185808601409434,2.0,19.0,2.0,64.14995939077049,77.49655615389595,4.0,8.0,2.0,87.54798752936338,84.55472985519059,7.0,21.0,3.0,43.20629229680459,1
S0397,77.48873181676089,6.0,14.0,2.0,76.75071654081373,73.07348350555483,7.0,10.0,2.0,39.36748531413215,68.01718160834031,-0.0,16.0,5.0,74.67655090788236,51.244962070242075,3.0,6.0,1.0,73.18648496994824,66.65776874773648,7.0,12.0,2.0,53.16849653461001,85.74868735624136,8.0,10.0,1.0,60.056564030689586,0
S0398,82.34188437587557,5.0,11.0,-0.0,47.96864861502965,66.08579111798272,8.0,12.0,1.0,59.62764057096506,83.95833363054841,5.0,14.0,2.0,75.62790082026798,75.0331340000031,7.0,16.0,3.0,76.77928203821423,90.5013877656903,8.0,9.0,1.0,69.92151913566089,82.37250788811393,8.0,16.0,0.0,63.60715653599531,0
S0399,95.1025066975665,6.0,8.0,1.0,48.30722277343422,71.02396270661603,6.0,15.0,1.0,57.17563202962403,90.18877895483328,3.0,9.0,2.0,35.02053507444859,80.86781934752318,4.0,15.0,0.0,75.40897427761824,88.86423960473937,2.0,8.0,-0.0,46.11247949221546,93.85324855669414,7.0,9.0,3.0,83.20288480046354,1
S0400,76.94028066303008,5.0,9.0,0.0,85.15000006603168,100.0,6.0,13.0,1.0,76.30617839037374,100.0,4.0,6.0,0.0,61.51955273972376,95.00481037438213,4.0,13.0,0.0,80.69027178661747,90.09933418929131,8.0,11.0,-0.0,74.32930531618786,87.3051810326551,8.0,16.0,0.0,96.11888000721387,1
S0401,83.31650715771103,5.0,13.0,2.0,84.96834506681782,86.62601367083792,7.0,13.0,1.0,87.15223563928703,74.02853744897949,7.0,7.0,1.0,52.69808330996956,100.0,4.0,12.0,0.0,85.20685060446627,82.76223711506823,0.0,7.0,3.0,75.35390886470121,89.16267625584963,5.0,15.0,1.0,75.07130983676873,0
S0402,93.42774078300853,7.0,15.0,1.0,52.62874086838894,61.64941695020721,7.0,15.0,1.0,75.50892674199989,92.24500505238801,2.0,17.0,1.0,41.083580590668,79.62262959144745,7.0,11.0,1.0,71.42357328285385,57.60568879051777,7.0,9.0,4.0,57.1274582343644,86.28362053095535,7.0,15.0,6.0,83.03186765762088,0
S0403,88.14866448246482,6.0,11.0,1.0,60.131798936600575,82.79204429337483,4.0,4.0,1.0,37.08434033887908,78.77035660502061,6.0,9.0,2.0,72.105125013365,67.30235252888212,4.0,11.0,3.0,36.45307011701972,88.45021702414364,2.0,7.0,1.0,64.58747498587661,59.789644988098814,3.0,13.0,6.0,57.74567431227195,0
S0404,69.26998910233542,4.0,22.0,0.0,52.595303292838636,85.84595575156058,5.0,12.0,0.0,80.44962782082573,97.22559220799123,7.0,13.0,-0.0,100.0,69.44283786060731,5.0,10.0,2.0,60.84842252760933,80.49315711018757,7.0,13.0,0.0,74.28941304009139,84.84404447578486,6.0,-0.0,2.0,87.60839630952725,1
S0405,72.51889488707633,3.0,17.0,-0.0,60.25124987440216,69.3609369660347,7.0,14.0,2.0,64.3528932068593,74.3646089146332,4.0,12.0,3.0,59.18091237689213,70.45162878982234,4.0,9.0,3.0,59.83072851026551,72.95925948547057,6.0,11.0,3.0,56.49061704887518,52.1701045181176,8.0,11.0,1.0,64.19305196345006,1
S0406,100.0,6.0,11.0,1.0,82.37530691789156,93.48434235797633,9.0,13.0,2.0,69.28881787064843,81.879737431683,6.0,7.0,4.0,82.6165812342831,92.21457840702989,10.0,11.0,2.0,69.43726522779336,94.98342434250392,8.0,8.0,1.0,90.22298760415106,81.36573115931664,7.0,10.0,0.0,86.02583268488621,0
S0407,89.38991310299821,9.0,11.0,0.0,63.08600268537528,80.88648179688539,4.0,18.0,0.0,68.85762825416015,93.72153958917735,3.0,14.0,3.0,89.96017612095173,91.12563028245485,8.0,11.0,1.0,74.18376430272342,84.06415994639688,7.0,17.0,0.0,65.893222905868,77.94355301236268,6.0,11.0,2.0,85.96716663481621,0
S0408,75.21844691549246,1.0,12.0,1.0,56.21832369654603,58.48735445886664,4.0,4.0,4.0,62.56854357296684,83.53160061041065,6.0,8.0,2.0,62.62145338231791,74.8507186184771,7.0,9.0,6.0,48.40748332751888,83.32139394267311,5.0,10.0,0.0,61.56469172525159,66.8079090285811,5.0,9.0,5.0,69.73512051136373,1
S0409,100.0,9.0,13.0,0.0,72.11346813439684,100.0,9.0,10.0,0.0,78.24418863635165,100.0,8.0,18.0,1.0,87.57622080173101,100.0,5.0,7.0,1.0,100.0,100.0,7.0,22.0,0.0,67.39395822129174,97.03349723672295,8.0,20.0,0.0,77.548373591956,0
S0410,91.65558450032943,4.0,20.0,0.0,71.88770548999864,95.65374629413051,8.0,18.0,2.0,78.41181127540263,97.84376627422826,8.0,13.0,1.0,77.52509229235831,100.0,7.0,15.0,-0.0,79.53030694805119,97.10664033885124,7.0,16.0,0.0,88.23339828927688,100.0,3.0,16.0,0.0,75.07710836571391,0
S0411,100.0,6.0,17.0,0.0,100.0,96.92741691808442,6.0,19.0,0.0,99.39700170891388,96.22106384025395,8.0,9.0,-0.0,90.34767832529784,98.00730148931052,6.0,13.0,-0.0,82.71422482961849,100.0,5.0,16.0,0.0,76.14534205669484,85.67406774783247,5.0,13.0,0.0,93.35342834798374,1
S0412,100.0,8.0,18.0,0.0,92.3571096825229,100.0,12.0,16.0,-0.0,81.48148021652557,77.35153435840091,7.0,15.0,0.0,100.0,100.0,10.0,10.0,0.0,81.9456736986018,92.59650435941444,8.0,15.0,-0.0,100.0,100.0,10.0,11.0,0.0,100.0,0
S0413,88.94996538917361,6.0,16.0,-0.0,60.75033566844339,100.0,7.0,15.0,4.0,60.36421273510042,69.32578238576293,3.0,16.0,0.0,81.2479130861003,79.54114677011478,9.0,12.0,1.0,60.73536975903267,86.07314728771466,6.0,16.0,-0.0,56.4265971040917,94.2706828078434,5.0,20.0,0.0,77.00010636816285,0
S0414,74.69941157637531,3.0,17.0,2.0,56.09885370387072,67.05768500529037,6.0,13.0,2.0,59.64175813248868,68.22520784079414,6.0,12.0,3.0,66.49014406415873,71.67673456850896,5.0,9.0,1.0,58.73741661475901,85.16479170215901,3.0,10.0,2.0,66.53541831662069,62.1206402286972,4.0,8.0,1.0,56.13358519616199,1
S0415,76.99686638828634,6.0,13.0,2.0,48.48485396749387,66.19396642446907,9.0,9.0,-0.0,55.02091026923687,71.12101755525374,7.0,13.0,1.0,70.13200004691437,78.16372597188328,4.0,18.0,0.0,71.23455080247858,72.75004410150444,2.0,16.0,5.0,40.30005397845727,90.90031811679815,3.0,12.0,2.0,73.52828358563478,1
S0416,86.20986158521688,4.0,11.0,1.0,51.82386349061851,71.28017715588788,4.0,9.0,0.0,41.90313548022074,88.7938758838386,4.0,15.0,1.0,43.72073582956261,88.13677067950772,4.0,9.0,0.0,64.80544182964661,69.64099615426218,3.0,18.0,2.0,74.64425255791079,89.76254473135693,4.0,20.0,2.0,62.1234398023289,0
S0417,100.0,1.0,16.0,2.0,76.15258137954243,85.53990274163878,4.0,10.0,5.0,52.28528455384465,53.49835599723384,5.0,9.0,2.0,69.67585447548443,56.644794177083895,5.0,12.0,2.0,80.28000823541643,57.863116087632434,0.0,7.0,3.0,54.6605880620881,72.44801744491343,4.0,7.0,4.0,53.28706435022541,1
S0418,46.07161287314249,5.0,13.0,5.0,52.728384735910616,76.9810384825408,1.0,13.0,6.0,75.00384506121802,60.57980060485194,6.0,9.0,3.0,36.738387002715214,62.334266839013495,5.0,15.0,5.0,52.954807758033446,67.63601970792803,3.0,12.0,3.0,60.31408780538792,53.32577646092875,6.0,8.0,0.0,82.16360720517397,1
S0419,86.64866757226729,7.0,11.0,3.0,95.16160181267827,79.3003294500692,5.0,7.0,0.0,68.15092200498489,76.41619936432568,8.0,10.0,2.0,77.3627783364629,59.24439939211569,6.0,10.0,1.0,67.48836950513355,97.9908635152403,6.0,14.0,2.0,60.28910407242897,100.0,8.0,13.0,0.0,62.034561170433165,0
S0420,57.98827415130977,5.0,9.0,4.0,53.12927136536124,83.18961691442232,1.0,8.0,2.0,56.96422042658101,80.76747221552999,3.0,13.0,3.0,65.04445420420738,73.04306824157497,4.0,9.0,3.0,65.87827780299156,72.07647514727341,0.0,11.0,4.0,41.173953722192906,72.78424820094929,2.0,3.0,4.0,61.573179729464286,1
S0421,87.9154376874558,2.0,13.0,3.0,66.57503166897796,89.5619135030874,7.0,11.0,1.0,37.25665640154315,72.88774176898907,2.0,13.0,-0.0,51.11268395278873,94.7480900659306,5.0,19.0,2.0,64.68381181065008,53.26305579890821,6.0,10.0,0.0,60.99568981000312,64.01565198748509,6.0,5.0,0.0,69.21967316440144,1
S0422,91.77007014203642,7.0,15.0,0.0,85.34650045786435,87.61230809848679,7.0,16.0,2.0,82.50773913244788,95.84032587867794,4.0,12.0,2.0,67.86477116980245,100.0,7.0,15.0,0.0,83.92472920050676,97.39488046379273,6.0,12.0,-0.0,79.0621501295676,91.72076153157474,4.0,12.0,0.0,59.20232201805213,0
S0423,97.68066116269566,8.0,8.0,3.0,36.527777370915736,86.14748561297313,6.0,13.0,0.0,75.25112558032444,90.08687740445869,6.0,7.0,2.0,100.0,97.08993523582342,8.0,15.0,1.0,56.03737718518029,81.63332321914606,4.0,11.0,-0.0,82.01599284123901,83.89459385626017,6.0,12.0,2.0,56.2897480456018,1
S0424,100.0,5.0,9.0,0.0,85.6745156568002,100.0,7.0,13.0,0.0,73.49655753309919,100.0,10.0,20.0,0.0,81.69261379547882,100.0,9.0,14.0,1.0,65.00934183025966,100.0,7.0,13.0,0.0,87.05917590056804,96.36302862355703,9.0,16.0,0.0,81.66972116178381,0
S0425,94.07852580428836,7.0,10.0,2.0,76.1955277044832,81.38682899510438,8.0,19.0,4.0,79.40204513696975,100.0,5.0,11.0,3.0,59.798347081253254,98.96579833230824,7.0,17.0,1.0,78.59015843971473,88.37547028705002,9.0,11.0,3.0,63.76668735829888,75.44487454852548,7.0,10.0,-0.0,49.543611736000074,0
S0426,99.52281102978885,6.0,9.0,2.0,92.38471138995635,85.59224435493093,4.0,11.0,2.0,73.96186952095573,84.73690221438419,5.0,13.0,1.0,82.79247623672686,92.11093103889166,6.0,13.0,3.0,68.33752068273839,74.0127048939539,4.0,12.0,2.0,97.30767873175532,84.59010156545574,9.0,15.0,1.0,97.20584775529503,1
S0427,45.02899006137125,8.0,8.0,2.0,73.46966132450463,76.46272516219486,5.0,9.0,3.0,45.13131880920288,52.00503063554922,3.0,20.0,3.0,49.14669692818945,80.1075262783789,4.0,3.0,4.0,48.63780286433125,70.70290568712788,5.0,7.0,2.0,64.623546827087,61.18553164563665,6.0,2.0,2.0,54.90154386122615,1
S0428,82.15695943216646,7.0,11.0,3.0,34.920618090684954,42.427936993871704,5.0,2.0,3.0,55.43825386325889,59.49064121742663,2.0,11.0,5.0,23.904965373982822,54.00334629828347,2.0,7.0,4.0,52.498225964689915,56.17389065267562,4.0,10.0,5.0,42.07919856829573,56.87705849074446,4.0,8.0,4.0,44.58761969499548,0
S0429,100.0,4.0,14.0,1.0,99.21175581455653,94.53215279833266,4.0,12.0,1.0,98.58171106915057,96.16452893476162,7.0,21.0,2.0,89.09858882642094,93.60167534690929,6.0,10.0,0.0,84.7492164722201,99.29657604781218,6.0,15.0,0.0,87.76089802610117,99.85332451672609,7.0,16.0,0.0,98.94470727083956,1
S0430,90.61301811808308,10.0,12.0,1.0,60.39932195926687,73.64222362475263,6.0,13.0,-0.0,60.88054466077158,80.31100864697423,2.0,9.0,3.0,51.23907589643701,77.32181697764305,6.0,12.0,1.0,54.13316903699958,65.44683728539499,7.0,12.0,0.0,67.6555472234732,69.9593062091464,4.0,12.0,2.0,62.101653187282274,1
S0431,78.80747439263462,5.0,9.0,2.0,65.74309422343072,100.0,4.0,16.0,0.0,66.25912055745583,83.79532158808316,9.0,19.0,1.0,82.90207618268948,88.2175216663387,5.0,11.0,3.0,71.14229784991568,78.34874507707673,8.0,13.0,3.0,75.95077408564435,87.9609219667639,4.0,14.0,2.0,87.52004382252211,0
S0432,66.80909344764075,7.0,9.0,-0.0,66.01247462756481,54.24436810117237,5.0,13.0,2.0,60.76690813814378,89.66914544780813,5.0,11.0,-0.0,51.87536858193488,56.782616394486695,7.0,13.0,2.0,66.28566080756846,83.96331419662648,4.0,11.0,2.0,59.153988021927674,84.62111189454541,2.0,8.0,5.0,55.23684452557255,0
S0433,85.19321268730229,8.0,15.0,1.0,66.4720955275838,78.46388092112046,3.0,14.0,0.0,81.27545123777927,82.80538617734491,11.0,14.0,0.0,79.21172522665285,67.42184531483774,6.0,12.0,2.0,55.015768188402454,95.14802717396216,10.0,11.0,0.0,83.099063709235,70.77878756400453,8.0,12.0,0.0,69.94693462810727,1
S0434,100.0,6.0,18.0,3.0,100.0,95.95890831594778,11.0,24.0,0.0,69.1405945083135,90.29399591057732,6.0,24.0,1.0,88.8780348029584,100.0,10.0,11.0,0.0,77.85259811429177,100.0,10.0,19.0,0.0,100.0,92.35891316696349,11.0,21.0,-0.0,99.86775245829324,1
S0435,75.18555614886654,5.0,7.0,2.0,63.485738483192094,82.90958465980587,2.0,7.0,2.0,66.8168457072937,65.48999902784651,7.0,9.0,5.0,22.468109838889426,81.45804399740969,6.0,8.0,2.0,66.19212205213648,62.40345907667167,1.0,8.0,4.0,30.21297734412928,54.73365929105718,2.0,8.0,2.0,46.65164428609463,1
S0436,100.0,6.0,14.0,0.0,76.9292320204914,87.73244900851734,3.0,7.0,0.0,64.55780470880059,100.0,9.0,13.0,-0.0,79.39818269795154,87.56711075081252,8.0,16.0,2.0,73.71630270819445,78.17416862069834,6.0,15.0,0.0,91.27750519185003,76.78064674374409,6.0,17.0,1.0,81.43829852301606,0
S0437,66.6902588384749,7.0,22.0,-0.0,85.9480615437117,100.0,6.0,9.0,0.0,76.72788552305187,95.04543733746708,5.0,10.0,1.0,69.28276378571009,100.0,5.0,18.0,1.0,66.65816256835323,78.08303182397619,11.0,8.0,3.0,73.61801571142819,87.42239337587098,3.0,18.0,-0.0,39.507840841281705,0
S0438,100.0,7.0,14.0,1.0,93.99772676619487,100.0,6.0,12.0,0.0,70.79688626225901,100.0,6.0,18.0,0.0,98.53157110356817,81.53012736232334,8.0,11.0,-0.0,66.05455364714813,100.0,5.0,17.0,0.0,82.01119172648364,99.4408429462577,5.0,7.0,1.0,96.41459092621945,0
S0439,89.29649896305824,9.0,11.0,-0.0,85.51330408703774,83.87444011328888,3.0,10.0,0.0,66.6045953957337,75.89807240700215,5.0,11.0,-0.0,80.07574265309746,93.33642174835148,8.0,9.0,0.0,60.35787384206198,77.69652974586495,6.0,11.0,2.0,93.46582538804451,77.52311020728966,7.0,13.0,2.0,66.75300316037544,0
S0440,74.84782281886133,5.0,10.0,2.0,83.59358421246017,79.7691095110634,6.0,11.0,2.0,85.0444244203415,68.2272488461503,3.0,15.0,4.0,74.30730540559304,91.58763648014921,2.0,19.0,4.0,61.87651885246428,86.30169126790908,7.0,7.0,2.0,26.5537711018997,82.61095251929339,4.0,7.0,6.0,62.52189084570807,1
S0441,66.42830493768177,5.0,13.0,3.0,78.41399719015709,79.43286203786695,2.0,17.0,1.0,50.16523114189516,75.10462007972552,6.0,6.0,2.0,59.9448721950711,95.6698132042874,9.0,12.0,2.0,98.25381873467501,90.1245256397901,7.0,8.0,2.0,81.2994951389253,83.34427125652499,2.0,6.0,0.0,68.52109287671077,1
S0442,84.42130199541509,7.0,11.0,1.0,67.06050048334902,88.29747106077775,3.0,17.0,-0.0,71.50850646281282,79.79744282595618,5.0,13.0,2.0,53.65243146572371,85.04552031618813,10.0,12.0,3.0,72.63439297088576,91.63744175329774,7.0,6.0,2.0,82.66833884145709,59.793485873914996,9.0,14.0,0.0,51.0653847416223,0
S0443,49.04956539441028,6.0,11.0,3.0,81.72919032994398,61.63248704729058,4.0,13.0,2.0,88.61932321360958,75.13083763375602,2.0,9.0,6.0,64.02169082586364,89.66190729288805,7.0,8.0,3.0,45.72068206018503,89.17669655463973,7.0,9.0,2.0,54.74014709160947,78.11358401721111,5.0,13.0,5.0,49.65795676004263,0
S0444,75.2534499240547,5.0,3.0,4.0,53.520837483568386,57.18837007033416,5.0,18.0,3.0,64.39069041533784,60.798788854105915,8.0,12.0,1.0,49.74475766960444,66.93745396108255,5.0,10.0,1.0,64.69440978830372,72.38458877656517,4.0,15.0,1.0,35.27804098196815,79.80500851754013,2.0,10.0,3.0,62.09220662630244,1
S0445,67.86537763383227,5.0,9.0,3.0,71.89331273746905,90.83892668216723,9.0,11.0,0.0,52.792503242095236,80.60181254946673,5.0,13.0,2.0,90.15998823958493,100.0,7.0,20.0,2.0,60.80344899807724,66.54647345910675,4.0,10.0,2.0,94.38686493516839,61.065025897937076,6.0,8.0,0.0,79.38455827555306,0
S0446,98.88693093671273,5.0,15.0,0.0,100.0,100.0,10.0,9.0,0.0,64.82645104364164,87.91701374520221,8.0,13.0,0.0,80.62211134633073,100.0,7.0,16.0,1.0,82.70057489596446,100.0,8.0,6.0,0.0,58.17909386723383,100.0,7.0,16.0,0.0,70.37474952424701,0
S0447,68.83052736977314,3.0,9.0,8.0,80.03471362565341,43.4369302640378,4.0,14.0,4.0,46.80502056123055,67.30248197489126,3.0,8.0,2.0,40.18027133450797,58.83382220918162,4.0,14.0,2.0,49.08372737150744,70.0462341220965,3.0,11.0,4.0,63.188872969597675,60.934334467934704,5.0,4.0,1.0,64.90266806443735,1
S0448,99.6808276605964,5.0,10.0,3.0,71.20042042404603,100.0,1.0,5.0,0.0,73.5255924822508,98.20495689907477,5.0,9.0,1.0,59.7287489293313,88.30518514468244,8.0,13.0,3.0,99.63344910120857,79.56732502778667,5.0,8.0,1.0,85.63839857045208,63.85710247794765,5.0,13.0,2.0,79.1254001719927,1
S0449,67.59562108148218,6.0,9.0,3.0,50.504353471947596,67.65786156851279,5.0,7.0,3.0,60.01727327147296,50.78181089105181,3.0,13.0,4.0,70.3647907388223,49.971923555326626,2.0,5.0,4.0,40.976564790217445,84.48617408246297,7.0,13.0,3.0,62.40646162772066,69.40056592536718,5.0,7.0,3.0,51.559008194036565,1
S0450,69.45318902124484,7.0,11.0,1.0,84.65065787109427,54.77635221174686,8.0,13.0,1.0,46.3624771079796,81.14060495861558,5.0,7.0,2.0,61.824626048494316,94.84431943382133,3.0,8.0,3.0,68.55680045407175,74.3668237208761,4.0,9.0,0.0,72.07108512808364,85.75589617230342,7.0,15.0,4.0,46.05729276625635,1
S0451,77.36328048058236,5.0,16.0,1.0,80.51723231284645,47.02177872956474,8.0,12.0,1.0,57.09277088377592,99.20362517079228,6.0,11.0,1.0,66.22141055073679,84.93329012461761,5.0,8.0,1.0,59.71684204251595,75.4891258288399,9.0,11.0,-0.0,65.60110083798807,78.07731168446674,3.0,11.0,3.0,68.7857689134856,1
S0452,93.43805839054671,8.0,11.0,4.0,68.93037861830013,59.410832375791394,6.0,10.0,4.0,53.15148624181676,75.16521998270395,7.0,13.0,1.0,79.3548670285862,93.1487392942949,6.0,12.0,3.0,74.85583417080927,90.05213918061435,6.0,16.0,1.0,70.99033074589093,79.90265638865533,4.0,12.0,3.0,69.62338749372982,1
S0453,66.97442546878143,6.0,9.0,6.0,43.983656456077775,59.902403568465886,1.0,3.0,4.0,45.9594190851285,53.392349488859956,3.0,14.0,2.0,35.68318975461942,58.02657178139675,1.0,13.0,1.0,52.59822787961722,54.07774955527705,3.0,10.0,5.0,38.57131405678593,83.97570330210544,5.0,9.0,4.0,47.66576382499436,0
S0454,54.52565440213078,3.0,5.0,6.0,51.87394681146678,57.962437726702106,2.0,7.0,5.0,75.01593111153751,69.44399201181578,4.0,7.0,5.0,15.93772653147984,35.678004195224986,2.0,8.0,4.0,64.79393175559082,50.5992955329364,0.0,2.0,2.0,39.12497235913815,59.621060972225315,2.0,7.0,6.0,38.93527781714397,0
S0455,78.39945047396527,4.0,14.0,3.0,67.00227021024438,88.43521273005115,9.0,16.0,2.0,54.241569729943954,68.6261449911133,5.0,11.0,2.0,55.36605559967923,100.0,5.0,11.0,3.0,77.35983777385403,66.11095828673359,10.0,7.0,5.0,67.80382934707981,100.0,5.0,12.0,2.0,73.8437602307551,0
S0456,61.43177838648681,8.0,13.0,-0.0,57.097359552807305,73.24405734278061,2.0,12.0,2.0,52.720684402928214,79.16560511424741,6.0,13.0,2.0,69.78734130647803,80.61096603975905,3.0,8.0,2.0,56.688619902600095,68.79579121656408,5.0,5.0,1.0,44.84027995471453,93.41347042103767,4.0,13.0,1.0,84.11263708757495,0
S0457,74.82304867808826,4.0,13.0,3.0,59.04419102555744,56.46487171051571,2.0,6.0,0.0,41.373634293322326,56.88322906324103,4.0,1.0,3.0,53.74443714060289,56.95885478704816,0.0,11.0,4.0,98.06443451080412,59.74868618087778,-0.0,20.0,1.0,65.3161600110021,68.77978209683923,3.0,6.0,1.0,46.45344232368452,1
S0458,70.18448286809522,7.0,17.0,0.0,80.17254696662798,85.94523470851009,8.0,9.0,0.0,85.35423432506472,68.06105972014946,9.0,9.0,0.0,54.61059564649142,100.0,5.0,9.0,0.0,84.2325761987885,97.15484162822625,9.0,10.0,0.0,41.72627308985778,92.80071840947427,6.0,15.0,-0.0,72.28450493988663,1
S0459,87.35778349122467,4.0,14.0,-0.0,59.41376533693422,78.33954934413812,4.0,8.0,2.0,64.09051392484602,75.71241472366167,6.0,10.0,4.0,78.89412971273916,100.0,6.0,7.0,1.0,56.960028990218284,64.50735823697549,5.0,16.0,0.0,69.74871278904338,72.5030095088067,3.0,15.0,3.0,100.0,1
S0460,83.82795043738761,4.0,12.0,2.0,80.9121881200718,84.65376486695574,3.0,14.0,3.0,55.71145680515914,66.32375056828862,5.0,9.0,3.0,70.54758572472083,78.65523323400825,7.0,16.0,0.0,71.13619397938564,58.39042481667049,4.0,10.0,-0.0,74.65483579176939,83.27942679798831,6.0,14.0,0.0,72.33077576270838,1
S0461,100.0,2.0,12.0,3.0,82.90457137777832,68.67703328269803,8.0,13.0,1.0,59.78177971252782,77.6069635140169,5.0,5.0,4.0,70.30712361141336,76.15610074524325,6.0,10.0,1.0,73.69258866019457,80.58576728070477,7.0,7.0,3.0,53.73763261515532,83.2857036282888,7.0,10.0,2.0,47.125621046203904,0
S0462,77.9654302207518,8.0,18.0,2.0,89.91225577066983,100.0,8.0,11.0,1.0,65.25254384608624,100.0,6.0,17.0,1.0,82.20823169646124,92.82361168198241,8.0,13.0,1.0,84.63281076458739,81.95964135947196,1.0,14.0,1.0,59.05816211362095,84.31725752753219,6.0,15.0,0.0,69.64753197420572,1
S0463,98.25329733391106,6.0,13.0,0.0,80.02819754009377,91.62848116571024,7.0,7.0,0.0,88.03815286973912,100.0,8.0,17.0,2.0,65.71633549119116,84.95359484777346,6.0,15.0,1.0,90.84006829972459,97.6900394118839,6.0,14.0,1.0,78.18129882457873,80.92558654702694,9.0,14.0,0.0,73.29878386104241,0
S0464,100.0,14.0,14.0,0.0,99.31133541855012,93.96620944800537,6.0,18.0,1.0,100.0,100.0,8.0,17.0,0.0,92.97013918992579,95.31480840092779,7.0,19.0,0.0,100.0,100.0,8.0,20.0,1.0,97.68531612239285,100.0,7.0,16.0,0.0,94.05533942304261,0
S0465,100.0,5.0,15.0,0.0,80.26530069433664,87.38252712926621,11.0,11.0,0.0,86.88594280958739,100.0,6.0,12.0,-0.0,91.87819409472417,100.0,8.0,15.0,2.0,91.32823526433292,93.54976219678967,9.0,18.0,1.0,84.01362874535863,100.0,6.0,10.0,0.0,83.48202157124886,1
S0466,78.69088351537387,4.0,15.0,1.0,55.286309149470014,99.54351024276394,6.0,16.0,2.0,71.28491363789024,91.03297993561227,8.0,13.0,3.0,88.55109607458249,84.25895087953849,6.0,10.0,-0.0,60.72082652208796,100.0,11.0,11.0,0.0,57.02528932493324,68.0403611184685,7.0,19.0,2.0,63.67593225657875,0
S0467,87.91271659361774,7.0,9.0,0.0,80.35012716545606,83.23155001784846,9.0,10.0,0.0,61.62225904165628,79.82774408663568,8.0,15.0,2.0,81.02960241666895,73.97442371683385,8.0,10.0,1.0,100.0,82.80734500075229,5.0,7.0,2.0,72.411451182179,85.27700037623698,7.0,20.0,0.0,96.92026973226137,0
S0468,60.714449490256364,6.0,7.0,1.0,50.673531349102106,51.956295176438054,5.0,4.0,1.0,29.82008722931694,36.79314096610459,7.0,7.0,3.0,55.81150359599319,54.06595445691602,4.0,7.0,3.0,76.19211782140783,71.17393498955343,4.0,3.0,2.0,52.29508341065751,71.01532919238485,3.0,5.0,1.0,49.81955493526061,1
S0469,73.21754333974961,4.0,9.0,4.0,93.24973832989733,80.54736593640223,3.0,10.0,0.0,67.21172254056951,88.55198085600516,3.0,11.0,1.0,32.616168594141214,81.50795717898133,7.0,11.0,3.0,68.1535748342852,61.66494614597396,10.0,0.0,2.0,60.01404742321656,78.91881611763377,5.0,13.0,7.0,50.55984579459261,1
S0470,84.19883704793993,8.0,5.0,0.0,98.02270324931611,100.0,6.0,24.0,2.0,87.13186966054475,79.19377600838442,8.0,11.0,0.0,77.41182602453168,67.67223965825862,6.0,14.0,1.0,78.16266520912495,92.27529008438474,7.0,13.0,0.0,63.80863272654278,82.25536006424244,4.0,20.0,2.0,60.525206269036886,0
S0471,77.10336219063066,1.0,10.0,3.0,74.47901767257378,80.29139863474684,8.0,14.0,3.0,57.997501521819146,93.9684579600527,1.0,12.0,1.0,51.13087458338019,80.03100579128566,7.0,11.0,3.0,65.30531783344989,65.379590991594,6.0,11.0,2.0,66.70275369883825,87.96060802701312,4.0,7.0,3.0,51.99619960084085,1
S0472,67.301232096533,5.0,12.0,3.0,75.55916938153777,100.0,9.0,13.0,2.0,89.0574581246999,92.11955215100059,8.0,17.0,4.0,90.02113271075227,100.0,10.0,13.0,4.0,67.53808083637826,75.10747131283685,4.0,8.0,0.0,84.91921252999043,84.65902774248677,8.0,4.0,3.0,54.6264488852197,0
S0473,86.74948364085803,4.0,12.0,0.0,73.1357499512132,97.1609376253385,2.0,14.0,0.0,71.13913552479214,72.61584879547273,3.0,18.0,2.0,86.66895127367965,100.0,6.0,12.0,2.0,68.12225923094006,80.83200506297118,10.0,8.0,-0.0,78.36110244885182,87.79212800524232,8.0,19.0,1.0,68.17568560869908,1
S0474,85.36166593749279,1.0,17.0,3.0,52.09509185498267,72.2937408365308,6.0,5.0,1.0,76.99339380137806,82.90539819825824,3.0,17.0,1.0,52.839340155763466,85.63985122625488,6.0,8.0,1.0,35.53176169727361,62.41900920166734,4.0,12.0,2.0,71.90746231455033,66.92751523848659,7.0,12.0,2.0,53.75725204089302,0
S0475,72.46008476154407,5.0,6.0,1.0,37.46246764944732,75.10872787898546,4.0,6.0,2.0,65.95504685870823,99.98405044869463,5.0,12.0,1.0,61.16459425836185,89.78642903379844,3.0,15.0,3.0,83.23197717102686,75.50143737413707,5.0,8.0,1.0,84.80584477810073,22.105006254294743,7.0,9.0,4.0,72.78406478328671,1
S0476,66.35123263570672,1.0,9.0,0.0,59.17675731169824,69.94130776627632,4.0,3.0,3.0,68.91268252055322,100.0,5.0,13.0,-0.0,74.87171704793965,100.0,8.0,11.0,4.0,87.87693582164368,80.4987235363896,6.0,12.0,3.0,73.7416606453831,74.40390115266662,5.0,13.0,3.0,63.210534905803904,0
S0477,82.1600154941396,1.0,0.0,3.0,56.69344641827039,67.43832594358243,5.0,17.0,5.0,43.9931001143516,63.34507646630867,3.0,8.0,2.0,69.97256227750289,67.58740909805287,6.0,10.0,4.0,33.88786957860271,71.51259231332543,4.0,8.0,5.0,45.57475767941764,74.73655835623967,1.0,8.0,4.0,69.124298555579,1
S0478,98.93562094348007,6.0,13.0,-0.0,49.941832366498254,86.64703605805775,4.0,21.0,1.0,77.38186996834663,85.21755138935026,6.0,7.0,-0.0,55.96072676327969,100.0,6.0,6.0,2.0,91.87921306959626,77.20302867326032,6.0,16.0,0.0,67.67699642494347,90.09613298694657,6.0,26.0,2.0,86.2999248499189,0
S0479,73.21808914160333,4.0,10.0,1.0,60.31610428455883,76.69563882790742,5.0,14.0,2.0,79.72531874090518,82.33276676180792,7.0,7.0,3.0,37.001896982650464,100.0,7.0,11.0,0.0,67.82860486603029,88.75105804182814,6.0,10.0,2.0,70.40098985357086,87.73256098201759,7.0,10.0,-0.0,76.97371506719438,1
S0480,50.05838364538908,3.0,4.0,7.0,38.556680270299715,44.02684863088181,1.0,7.0,6.0,34.909371167449706,50.63942425980781,0.0,6.0,3.0,42.55734188581318,37.06044208995627,3.0,2.0,5.0,39.23661678362232,72.19695299310257,6.0,4.0,7.0,21.897655546420772,64.69938478482935,4.0,8.0,4.0,54.57774950510981,1
S0481,61.53808999773991,6.0,16.0,0.0,62.75323082495084,75.70096113277516,4.0,5.0,1.0,71.92558211219175,93.14297145883474,5.0,11.0,5.0,30.329367060491222,85.26593336090113,6.0,8.0,1.0,72.66898369364432,95.78452002219316,10.0,4.0,2.0,61.415442355531205,73.57987492374505,4.0,17.0,4.0,93.67573081164673,0
S0482,53.92971889399725,5.0,12.0,4.0,44.403724559304244,72.22143266251106,3.0,8.0,2.0,38.50955258560222,74.30971006439376,3.0,14.0,2.0,55.887868671307174,69.37234580439471,5.0,19.0,2.0,29.268834283218638,87.4815187817508,3.0,9.0,2.0,60.16628605675667,59.08725348104036,2.0,14.0,4.0,41.78189151821203,1
S0483,74.53954188380904,7.0,12.0,0.0,62.30360481692831,79.15937511481475,3.0,19.0,1.0,78.00561492409294,59.886378821753645,7.0,17.0,0.0,75.3757070484263,81.03125185978524,6.0,13.0,2.0,66.92730966763878,79.90244997509238,4.0,12.0,3.0,83.48082825702083,52.75100013318001,4.0,16.0,0.0,78.9287880925674,1
S0484,90.35250169873405,7.0,9.0,4.0,86.3267426404361,52.83897357830761,8.0,11.0,1.0,66.5734077575615,80.31555501645917,6.0,8.0,5.0,79.49734776329086,74.5870516193568,4.0,16.0,2.0,63.30496552187917,69.78351771133305,3.0,10.0,2.0,40.57603658496044,55.03936792451476,4.0,9.0,1.0,67.7658949499446,0
S0485,74.95057444766991,6.0,16.0,2.0,77.83786588479536,73.27116835953777,7.0,10.0,1.0,51.738281320215904,79.6755236079112,2.0,15.0,3.0,59.851876426343026,84.20465480868475,7.0,16.0,1.0,69.6941174478535,86.87561761676007,11.0,20.0,3.0,69.95491860948978,64.54546026085077,2.0,12.0,4.0,83.45375848445974,0
S0486,91.55704730475136,6.0,12.0,2.0,61.85986493506795,65.24169116210723,9.0,5.0,-0.0,66.56787248233947,83.51978102514306,8.0,10.0,1.0,71.96061885753423,86.46134976700007,8.0,16.0,2.0,50.55922423443016,79.4158461628551,6.0,13.0,0.0,68.74877022378057,88.55415377209619,5.0,4.0,2.0,71.2552411763144,0
S0487,84.11451192964066,8.0,10.0,0.0,74.8379549301867,93.10302907576083,6.0,19.0,2.0,88.83499669771136,92.76162253510752,5.0,16.0,1.0,84.91596172249874,100.0,5.0,13.0,0.0,82.05164746851356,68.08906057467993,9.0,13.0,-0.0,76.31990378240957,84.72794087935168,7.0,13.0,1.0,92.25898221675646,0
S0488,80.2420557816894,5.0,4.0,1.0,63.300599711292726,82.90649342011716,4.0,11.0,3.0,46.07053084127933,90.85143311478613,5.0,14.0,3.0,47.23690629262346,81.78486101019307,5.0,17.0,3.0,78.53439635529367,85.49827921613868,6.0,13.0,3.0,65.67890348863084,68.855870877084,5.0,11.0,2.0,45.61454253609291,1
S0489,89.67016305531781,6.0,12.0,2.0,65.76399581949556,94.04548774329342,10.0,7.0,3.0,61.5220685511086,100.0,5.0,19.0,1.0,89.33024106038006,88.03238994492698,3.0,17.0,1.0,82.21801238907014,86.95408652613571,11.0,22.0,1.0,76.07203393232923,81.58196052033358,6.0,17.0,0.0,62.455051901283824,0
S0490,85.1552416016652,4.0,14.0,5.0,50.57632458845174,64.82970968095962,3.0,7.0,-0.0,60.3711902698548,64.88164951230473,5.0,9.0,0.0,65.1849401900528,63.39950491065993,6.0,11.0,3.0,58.13551688036986,55.470329091614076,4.0,12.0,2.0,80.83507294431456,63.330790474961375,3.0,18.0,1.0,53.37520425977935,0
S0491,63.644106892472294,2.0,19.0,3.0,71.29446624011489,72.62409010066958,4.0,5.0,6.0,87.01376018159162,68.55849933881896,9.0,14.0,0.0,48.670881325659565,63.19253273717054,7.0,11.0,4.0,94.79369839641181,62.36245576802781,2.0,1.0,-0.0,74.56308398554384,79.14337452435254,3.0,12.0,1.0,56.100633992286774,1
S0492,59.09781552036118,6.0,11.0,1.0,58.45770464239228,71.92678345116397,6.0,11.0,-0.0,54.918592751074726,71.78589780610393,5.0,4.0,1.0,66.31401393878605,79.90214775493884,5.0,11.0,3.0,51.390638929340604,73.82823269038614,9.0,13.0,1.0,94.34073456761361,77.08831368527025,4.0,15.0,3.0,64.98366946497397,1
S0493,68.56534769274901,6.0,10.0,2.0,55.53673791712472,71.09003067210958,3.0,13.0,0.0,77.79632332975386,64.16658444223344,5.0,18.0,4.0,68.91180454304057,75.47588721452469,6.0,13.0,1.0,81.69080554214747,83.69072628795944,8.0,9.0,2.0,70.71447654351978,95.04466041889235,7.0,13.0,2.0,60.502105613777005,0
S0494,70.62384870029126,4.0,6.0,6.0,62.85637938994084,85.5095376641115,6.0,9.0,1.0,67.10223991333196,74.89393253639126,4.0,11.0,5.0,74.38137951038314,87.15690369217981,4.0,11.0,0.0,66.8661760864427,75.69251859493465,6.0,3.0,1.0,57.71069177408381,48.68574437591283,5.0,16.0,3.0,49.58812938495249,0
S0495,70.4066839628739,5.0,15.0,1.0,72.73886709927186,94.8117366556958,7.0,16.0,3.0,62.83345195174652,100.0,3.0,13.0,1.0,66.04028929340707,89.35606529908479,5.0,14.0,2.0,99.25911185089228,100.0,9.0,19.0,2.0,57.53806244080942,89.78820544564233,12.0,13.0,2.0,61.9126686212018,0
S0496,76.63152580803798,2.0,3.0,5.0,31.026669606634815,82.69572739288543,7.0,10.0,3.0,60.900395670336756,50.3644608948864,7.0,2.0,1.0,61.82379565265254,84.23131066056747,5.0,17.0,1.0,64.05902616815443,54.64649575029455,5.0,16.0,3.0,51.372393600225976,63.90346695085819,4.0,15.0,5.0,34.71423459349484,0
S0497,96.55624894806944,10.0,18.0,0.0,85.74361183271053,94.44528372597689,10.0,20.0,0.0,80.04437557282186,100.0,9.0,14.0,-0.0,77.62101818800485,93.27963627476205,6.0,11.0,0.0,94.73023427208211,98.71973685156507,11.0,12.0,0.0,96.31805670072066,96.76779223260723,9.0,19.0,0.0,82.28017179490362,0
S0498,100.0,6.0,16.0,1.0,83.50779276206211,99.44402880162204,9.0,11.0,-0.0,66.3468066195553,84.218023304389,4.0,18.0,2.0,58.22627393950221,74.51886907352612,5.0,17.0,2.0,78.43611142308607,73.54411493838029,6.0,9.0,3.0,83.51542491963454,99.92559547822022,5.0,14.0,2.0,70.53838418252474,1
S0499,83.04635680471839,6.0,18.0,0.0,94.22533134854564,97.57594493042716,8.0,29.0,0.0,64.65031331241612,100.0,6.0,15.0,0.0,90.30957903797787,100.0,6.0,15.0,1.0,73.09160454723167,100.0,10.0,17.0,0.0,97.36532637612645,97.22073383767486,7.0,10.0,-0.0,94.08263024702813,0
S0500,100.0,9.0,14.0,0.0,100.0,100.0,6.0,13.0,2.0,82.60850101414354,86.0929696437721,7.0,18.0,0.0,70.39586096401207,98.8051166125099,9.0,20.0,3.0,70.78628195503786,90.10821985563175,8.0,12.0,0.0,73.64806075129725,100.0,11.0,20.0,0.0,85.28681236007678,0
S0501,53.46207918997897,3.0,11.0,2.0,71.8769104542314,60.4665635308469,8.0,5.0,4.0,66.94868679457662,49.09618838244756,6.0,9.0,8.0,65.56950178214443,63.36730992522432,4.0,8.0,2.0,50.502027429031386,61.271557421874256,3.0,8.0,3.0,45.13432899748602,52.78217026620655,6.0,11.0,3.0,79.46895181695496,1
S0502,66.2321491137193,2.0,11.0,1.0,79.3332265267951,69.06517923336219,1.0,6.0,5.0,59.852111027198745,54.80979331677594,2.0,14.0,4.0,67.33940563076288,79.3368911461402,3.0,12.0,1.0,72.45150962499198,83.14930958264799,4.0,7.0,3.0,86.43864679783059,70.58628707297197,1.0,13.0,3.0,70.42137699070055,1
S0503,91.61131624621923,8.0,10.0,2.0,100.0,60.46014827746242,4.0,13.0,1.0,90.46191098436192,100.0,9.0,14.0,0.0,64.48319994403349,96.65167342988143,7.0,13.0,1.0,78.45815667452587,100.0,6.0,12.0,2.0,63.546900550658755,68.81932165441754,4.0,15.0,2.0,85.51718927405096,0
S0504,70.62308151795843,6.0,23.0,2.0,93.63922222525333,94.50457944344687,9.0,8.0,0.0,91.14961880363921,85.93530632410759,7.0,12.0,0.0,86.01796060663352,82.25837317565036,7.0,8.0,0.0,80.1307461467505,100.0,8.0,10.0,0.0,100.0,95.83980574809206,7.0,17.0,2.0,88.13085976727541,1
S0505,100.0,9.0,17.0,1.0,99.92827128947432,100.0,13.0,20.0,0.0,96.81171008979344,100.0,7.0,19.0,-0.0,86.86948977374027,100.0,12.0,25.0,0.0,100.0,93.29246006835734,8.0,22.0,-0.0,100.0,100.0,8.0,24.0,0.0,100.0,0
S0506,100.0,6.0,16.0,4.0,87.06731918736499,82.6578551788929,7.0,6.0,2.0,64.64399733723089,100.0,5.0,20.0,2.0,50.974575798102876,81.85356726627448,5.0,9.0,1.0,45.68093842795686,92.17341981951552,7.0,18.0,1.0,63.17856993187303,99.25494412988017,3.0,11.0,1.0,70.34459928334313,1
S0507,49.93417528485546,5.0,0.0,4.0,35.966539809996064,76.04969168230025,4.0,7.0,4.0,36.988157862466316,45.76436698396111,6.0,9.0,4.0,35.43469753326746,74.57565143818144,4.0,7.0,5.0,25.654368055271423,57.01683820133891,3.0,6.0,5.0,27.213052036464305,43.56070856427888,3.0,9.0,4.0,45.190551979125495,1
S0508,80.333967295566,5.0,16.0,2.0,65.1587657582931,62.86667998999656,1.0,6.0,1.0,43.06401065024383,80.525068189311,2.0,11.0,3.0,62.94672167554558,60.01368965113592,4.0,7.0,0.0,28.698760154480816,75.00155926733932,5.0,11.0,6.0,54.006285470569466,68.8687043075899,1.0,8.0,4.0,90.5529563300027,1
S0509,100.0,4.0,19.0,3.0,64.5275358573985,80.99232030129727,5.0,12.0,0.0,69.85661839911833,100.0,5.0,22.0,1.0,80.89544500928437,90.76408173630813,8.0,8.0,0.0,90.51206992923579,87.35411247973266,7.0,16.0,0.0,79.4425654569823,78.42583622238561,6.0,16.0,1.0,72.61495888793816,0
S0510,74.91667569517267,6.0,11.0,3.0,68.92098171087727,65.62564637566638,1.0,13.0,3.0,65.39318052489509,88.27275993924755,7.0,16.0,3.0,65.44191693158169,73.4566632842349,7.0,10.0,1.0,61.99503188097429,90.71340496299705,4.0,11.0,0.0,50.61440598842576,71.83599509094881,6.0,12.0,3.0,44.703087098520136,0
S0511,92.19901962056106,7.0,18.0,0.0,74.48285629766696,92.0052181349932,9.0,25.0,0.0,100.0,82.3916255984147,8.0,19.0,1.0,96.31702814033963,74.26772576572866,10.0,13.0,0.0,97.13766843164352,100.0,7.0,22.0,0.0,100.0,85.60366696681756,9.0,13.0,-0.0,93.36489494275506,0
S0512,57.96172014501296,10.0,15.0,-0.0,61.356234628912304,97.24751374496245,3.0,8.0,2.0,78.36971815288062,75.91032761725602,4.0,14.0,2.0,57.236907227144314,91.96905272629395,9.0,8.0,2.0,69.4436169645231,94.43351570954603,3.0,7.0,2.0,68.06318706656546,57.38393643238229,6.0,13.0,1.0,83.22615483651384,0
S0513,88.59763642956655,5.0,9.0,2.0,72.79385137331967,98.24212932875042,3.0,11.0,1.0,54.89726954791094,83.7341155118507,7.0,15.0,2.0,61.73144783907237,56.6185034758868,6.0,12.0,1.0,81.32979662922006,81.78871817861638,5.0,15.0,3.0,76.81147568758648,66.39320065630166,8.0,10.0,0.0,69.16855330198543,0
S0514,81.58908625328476,1.0,14.0,1.0,66.93304634728254,74.13759583900422,7.0,9.0,2.0,48.709850660947204,100.0,8.0,15.0,3.0,91.88214034293904,78.24710483842722,8.0,6.0,1.0,67.08647409177355,100.0,4.0,12.0,1.0,77.53696180114417,80.3595629823867,6.0,11.0,-0.0,42.56417020133999,0
S0515,61.14892644475117,5.0,7.0,2.0,33.10664288306474,64.22504214873067,7.0,7.0,0.0,57.20020956223518,63.36300475771476,5.0,2.0,-0.0,33.05681804178765,85.35243839400336,8.0,11.0,6.0,65.8306987344696,66.89365853355339,5.0,6.0,1.0,82.79854971194617,69.52392371662833,6.0,12.0,3.0,78.10442828380755,0
S0516,79.72806303473574,9.0,9.0,3.0,44.17575083927022,63.92335872827645,5.0,8.0,2.0,75.91824999322796,71.48554670207051,4.0,13.0,1.0,58.226187454675554,70.64847078386295,3.0,11.0,0.0,68.24273660899723,57.21736550831036,4.0,20.0,-0.0,58.42196285424035,82.83433558461469,4.0,12.0,2.0,67.7722419067635,0
S0517,67.64424951913786,8.0,15.0,3.0,45.25500893845954,89.92383843904366,6.0,14.0,0.0,58.22811110519859,78.88330685762409,4.0,10.0,2.0,46.31582455024295,62.6036039826258,3.0,1.0,1.0,66.04464187735157,69.86548562256887,1.0,20.0,0.0,62.80189156082264,82.75474176669454,8.0,3.0,3.0,56.97312137000191,0
S0518,83.23098153115204,10.0,17.0,3.0,62.52211613671195,100.0,7.0,12.0,0.0,82.47150127238592,96.20799383271887,7.0,12.0,-0.0,72.14814516275048,97.97637275128247,3.0,11.0,2.0,98.47004390521735,88.66494804280637,11.0,13.0,0.0,55.26419991297163,82.17747113566345,6.0,15.0,2.0,91.51655072075404,0
S0519,79.39952438078846,2.0,7.0,-0.0,64.82377252859546,70.45224890761853,4.0,19.0,2.0,56.48608962636388,79.48707855911681,2.0,9.0,2.0,52.93958109178888,67.92981390113117,6.0,12.0,4.0,36.27990273052513,86.16223968009824,4.0,12.0,2.0,60.4659209733522,51.095158781355565,7.0,9.0,3.0,30.67690749810551,1
S0520,48.02110464024996,5.0,5.0,4.0,54.77577438276299,46.92850322045353,1.0,10.0,7.0,61.74863660977847,53.12542319811849,6.0,2.0,5.0,60.14080665702125,58.020977239858226,0.0,4.0,4.0,50.75326354154197,56.349956813942455,6.0,7.0,6.0,67.67079240686977,66.92032530252318,6.0,7.0,3.0,53.27668771412285,1
S0521,100.0,5.0,12.0,1.0,92.61540640030292,76.5916939306905,8.0,10.0,0.0,55.339882878634874,85.48706707295267,10.0,7.0,0.0,81.27878442824719,100.0,3.0,16.0,3.0,80.47331619500655,96.96640560451442,6.0,13.0,0.0,80.774098884704,90.55393561632187,7.0,10.0,0.0,70.1303886659608,0
S0522,74.9924182554393,7.0,17.0,0.0,87.4161820783304,93.41220561747527,8.0,12.0,0.0,99.335506239191,93.55066661048379,6.0,19.0,0.0,58.59831055040168,76.55730739100522,4.0,16.0,1.0,77.55297475357003,72.43772092031129,10.0,9.0,1.0,100.0,86.6633378815745,7.0,14.0,1.0,97.7670038252559,0
S0523,59.35395540021427,1.0,5.0,2.0,69.64879802335489,73.49842732183541,6.0,6.0,3.0,39.06738836166572,81.65410805201681,4.0,11.0,2.0,46.40788761229045,60.59108523483237,0.0,5.0,0.0,49.071763549050225,78.6833871356458,1.0,4.0,2.0,61.91809545199096,79.95147282581681,3.0,7.0,2.0,58.04251723112143,1
S0524,100.0,4.0,14.0,0.0,78.43098654737832,58.911046193391876,6.0,16.0,4.0,81.02569248316748,80.44297486822452,8.0,3.0,1.0,69.91180117919099,93.30214798648291,6.0,12.0,1.0,62.427411885207654,83.3246168271166,6.0,20.0,2.0,62.347666220032075,87.51135945768361,4.0,18.0,3.0,57.80827390556927,1
S0525,80.08622182697694,2.0,12.0,3.0,56.89729640661528,62.30224576081328,1.0,2.0,3.0,50.15121015396906,65.49034188626204,8.0,7.0,3.0,64.31311845588063,50.57459642115366,2.0,12.0,2.0,75.3819912550872,61.59129182917745,1.0,9.0,2.0,60.342492551420825,66.03275665774133,5.0,2.0,3.0,69.89707214677483,1
S0526,88.03914074075931,8.0,13.0,3.0,87.81628151094901,100.0,7.0,8.0,2.0,70.80376651378523,73.75675158514112,9.0,16.0,2.0,100.0,100.0,3.0,9.0,3.0,71.43526187920831,100.0,11.0,13.0,3.0,51.9378298816483,86.8345031153214,7.0,9.0,1.0,37.99890752889736,0
S0527,54.70813607500758,5.0,13.0,6.0,66.32132332165428,62.984388181458755,4.0,6.0,3.0,50.074117553710806,87.55322064372909,0.0,8.0,4.0,63.28868528266872,62.1923288402209,4.0,8.0,5.0,87.58079571185613,77.23338361634346,3.0,6.0,5.0,42.2638110676277,74.1909724902198,0.0,5.0,2.0,60.560168168525486,1
S0528,74.2023883347413,6.0,10.0,0.0,71.95047697770136,98.0293131046275,4.0,14.0,1.0,70.26360602266638,81.60481138084054,5.0,17.0,1.0,52.51014294425268,89.8479845920884,5.0,16.0,0.0,74.08099164119335,66.47555347262576,7.0,12.0,1.0,49.64701295794346,70.27902082740388,5.0,13.0,3.0,48.999059684760816,0
S0529,80.03878671847872,2.0,11.0,3.0,83.21271795881505,86.54803649091855,5.0,16.0,2.0,71.82305537270558,91.29254029813126,6.0,16.0,-0.0,64.1038781911843,88.42870507972086,1.0,8.0,4.0,61.36253384591346,76.24678164757806,6.0,5.0,4.0,65.6432642149798,66.59685023147748,7.0,16.0,4.0,58.94358476958835,0
S0530,65.23838054970624,3.0,5.0,4.0,19.511784388253403,51.376746551606765,2.0,14.0,2.0,67.16988094882392,64.34686825844227,2.0,3.0,3.0,54.88648651377429,61.76064667408192,2.0,10.0,5.0,60.09032354980584,96.02393624168289,3.0,5.0,4.0,51.50549528640544,59.97848178063661,6.0,11.0,1.0,48.983337192088996,1
S0531,84.88902409637433,4.0,17.0,2.0,67.55122033647541,82.0674197316636,8.0,15.0,2.0,91.328989130805,86.20268003480683,10.0,12.0,0.0,64.34623258963241,79.03132990972718,6.0,8.0,1.0,73.14276496056969,100.0,7.0,8.0,3.0,88.4892398782169,69.84424537074946,7.0,8.0,2.0,84.35927835503612,0
S0532,91.98235288616434,8.0,11.0,1.0,73.13015444012535,90.4080121926381,4.0,14.0,0.0,82.05672261412343,73.54863636494981,10.0,12.0,0.0,83.99483024233321,90.63676831172418,6.0,13.0,0.0,96.19921069640105,100.0,9.0,19.0,0.0,76.0242621241907,89.80731550918772,4.0,12.0,0.0,100.0,0
S0533,84.36170497185053,8.0,14.0,1.0,88.62320236502552,75.10406747118981,4.0,16.0,2.0,96.47708142863979,60.325063852001094,4.0,7.0,2.0,40.68636284267673,94.2864172581964,5.0,15.0,3.0,56.137529608816806,63.16962864486535,7.0,6.0,2.0,58.45036506587925,86.0976212424595,4.0,10.0,1.0,47.571900830736546,1
S0534,59.72058171524532,7.0,11.0,5.0,85.47619045087939,64.98591026919418,4.0,6.0,2.0,64.7782760930833,91.24718908495699,5.0,5.0,3.0,71.22075519216061,63.98722841539518,7.0,1.0,0.0,38.26005672576451,91.41012980668619,5.0,6.0,1.0,85.30710851320052,74.19870530109817,4.0,13.0,3.0,69.72491976487572,1
S0535,93.02522088805567,6.0,11.0,1.0,63.355079538861474,100.0,11.0,8.0,0.0,98.74175579334609,99.3600483651347,6.0,12.0,1.0,76.98816680777853,83.58424672921241,12.0,13.0,0.0,88.7113248685718,90.00112784076639,9.0,7.0,0.0,42.43261954457285,92.88633758504979,10.0,14.0,0.0,100.0,0
S0536,85.96330871867983,0.0,8.0,1.0,81.38163141157865,62.859492634522255,7.0,12.0,-0.0,67.62736639417486,76.66495754667709,4.0,8.0,2.0,60.08941772975144,91.59825273188115,4.0,12.0,4.0,73.32503354634196,89.27003528099786,9.0,7.0,5.0,62.16380879826879,92.82394509794219,3.0,5.0,3.0,53.604275359558756,0
S0537,71.50647292318176,3.0,19.0,2.0,56.98748057180966,100.0,3.0,9.0,0.0,65.69884833622231,72.13783946739025,6.0,14.0,3.0,93.90783432254842,77.90822364860041,4.0,14.0,1.0,77.39038947082845,77.65446266713614,5.0,11.0,0.0,76.43421805712899,97.21441817790708,8.0,16.0,3.0,64.49772673206246,1
S0538,67.09939459345945,7.0,10.0,4.0,40.54485995481284,63.736246991550594,7.0,9.0,5.0,59.059151553982176,57.73729059840731,6.0,14.0,4.0,38.86063293413945,72.42306731627163,4.0,7.0,4.0,65.93652589823164,73.6400152866872,0.0,13.0,2.0,56.37784785829688,66.20838267873762,3.0,15.0,5.0,59.82512082888458,1
S0539,98.49981620865506,8.0,13.0,0.0,88.66260321642162,100.0,11.0,18.0,0.0,98.98700933413247,100.0,7.0,19.0,0.0,95.76067294945834,100.0,9.0,13.0,0.0,99.29871912708825,99.05347183689331,6.0,16.0,0.0,98.94388937446723,100.0,10.0,17.0,0.0,100.0,0
S0540,91.9884286789232,5.0,15.0,2.0,71.4107671411855,96.99435654500873,4.0,15.0,1.0,75.41488391140518,100.0,1.0,17.0,2.0,86.98055985713194,87.55783619146492,6.0,16.0,0.0,55.14005501642629,84.69285982355245,4.0,12.0,0.0,77.41532080137145,100.0,5.0,14.0,1.0,85.07203031921922,0
S0541,95.8875514907733,11.0,15.0,-0.0,63.04683959630475,92.96844558871896,3.0,19.0,0.0,90.6446727643068,92.2958614983045,4.0,15.0,0.0,87.24939192834924,100.0,9.0,14.0,0.0,88.80203736563226,100.0,6.0,17.0,0.0,91.85992109179496,91.5364974814437,7.0,10.0,0.0,79.84285209837556,0
S0542,100.0,9.0,28.0,1.0,85.36058629253546,97.50337589193788,6.0,17.0,1.0,88.37737609421605,98.34632359036014,5.0,16.0,0.0,53.663602386357056,88.8664938769132,11.0,16.0,2.0,94.69722395363956,73.66174304994925,5.0,12.0,-0.0,67.83122452281744,77.50134578356774,4.0,6.0,0.0,65.02677718390746,0
S0543,85.35467293808468,5.0,13.0,2.0,75.034974935083,54.318518693221044,7.0,12.0,-0.0,65.19611700096807,80.75597427998089,4.0,11.0,1.0,84.42889377112915,73.7937615491871,2.0,13.0,1.0,67.92807835626897,100.0,5.0,21.0,2.0,45.09660732744149,79.99844205546864,8.0,4.0,1.0,83.94916021243522,1
S0544,68.22985489062077,5.0,11.0,0.0,84.54884860078894,88.84798154092294,9.0,11.0,1.0,28.577838892942815,81.7251455990146,6.0,11.0,2.0,66.83330954880856,79.53490524464858,5.0,11.0,0.0,51.45285152513014,70.04483527340282,6.0,10.0,2.0,69.14332026212647,86.93836126155708,4.0,12.0,-0.0,58.94827561954494,0
S0545,92.84188939779254,6.0,18.0,1.0,64.46540107259004,54.76479176356853,4.0,13.0,2.0,94.02955781038735,100.0,4.0,20.0,1.0,63.148203788387754,77.54565222949809,9.0,17.0,1.0,65.85977603615227,70.18935054575952,6.0,14.0,-0.0,56.16243022535741,88.64922007506733,3.0,11.0,2.0,43.70718490928231,1
S0546,74.4552113100359,6.0,5.0,0.0,69.03769070418632,80.62887286479916,9.0,10.0,2.0,65.425568690716,77.51261383290765,3.0,3.0,1.0,65.24508836309973,74.50994527368013,5.0,10.0,1.0,77.3864429297858,89.65263880032415,4.0,16.0,0.0,59.39250092970781,91.68436172659776,2.0,15.0,0.0,49.244311439084726,0
S0547,72.83877289665021,8.0,12.0,-0.0,65.54013728516357,89.61364517700251,1.0,11.0,0.0,54.440194502148394,93.85128099739045,3.0,4.0,0.0,60.61606811972239,72.56936699819005,7.0,16.0,-0.0,91.1049415529733,93.66602299265146,7.0,9.0,3.0,82.22685496808278,68.97180115867201,5.0,11.0,0.0,57.900160048636494,0
S0548,96.85972470265965,8.0,22.0,3.0,100.0,100.0,6.0,25.0,-0.0,62.34781628029164,96.87097626587877,5.0,16.0,0.0,61.42284500093422,100.0,8.0,20.0,0.0,50.69651528294925,87.60946326238722,8.0,15.0,3.0,99.89732955663773,74.19250026931972,6.0,18.0,-0.0,98.98043781720045,0
S0549,68.32368491334881,6.0,10.0,3.0,21.252076634144437,58.24372820256715,4.0,11.0,3.0,56.22126095833847,73.2219820817326,3.0,9.0,4.0,63.240811796091954,81.56251987483554,7.0,15.0,3.0,65.98875325843953,59.767023341057204,8.0,8.0,4.0,76.929389092235,65.20984565366695,6.0,14.0,3.0,44.2944349267661,0
S0550,85.42494412163515,7.0,4.0,2.0,47.97611941029771,60.27470157263748,7.0,12.0,2.0,53.49487065770741,90.37488040215662,3.0,5.0,2.0,53.01207818534915,69.36831573944362,8.0,10.0,2.0,48.3224345033235,62.04212742150634,6.0,12.0,-0.0,74.77668228603365,79.69276947782164,4.0,9.0,6.0,82.68019461894583,0
S0551,68.47046194762214,3.0,10.0,1.0,64.22719242252415,69.10051820191126,8.0,8.0,1.0,53.83148812905331,80.44619666685922,6.0,7.0,1.0,73.5420564335366,88.34445030120875,6.0,21.0,0.0,71.2577999721815,63.80434783379503,4.0,12.0,4.0,64.98893671216206,64.70182252015115,7.0,7.0,2.0,82.44508521593445,1
S0552,68.45077349863975,6.0,17.0,3.0,47.236682283670326,77.71272247803371,7.0,15.0,5.0,52.884897794663345,73.92100177078873,3.0,7.0,1.0,69.68100248309989,55.63180651308765,1.0,11.0,3.0,70.66430319818696,77.97628769212025,7.0,10.0,5.0,76.65088120672473,50.67211157190088,4.0,3.0,1.0,65.58790174356753,1
S0553,70.86295126852744,5.0,13.0,3.0,61.419334990117754,53.956203710580304,2.0,14.0,0.0,72.45221952875092,94.49270806688914,4.0,15.0,4.0,87.79519175660674,94.04754221169277,4.0,12.0,3.0,61.77175895910185,76.29956855010657,6.0,7.0,0.0,70.01448530924947,78.47063536546591,7.0,17.0,1.0,29.34850051679416,0
S0554,52.82652868969779,0.0,4.0,2.0,45.884209463510594,59.05551075977556,5.0,11.0,5.0,76.07435514673274,73.80534071522096,2.0,12.0,5.0,44.6864029654718,73.95606290788132,7.0,7.0,7.0,56.49165580476753,63.12418497682206,4.0,15.0,5.0,74.91413324643287,50.8091858808447,1.0,4.0,5.0,31.07243660234943,1
S0555,96.14833454815137,1.0,9.0,1.0,59.66333618743054,86.29518836717838,7.0,13.0,-0.0,80.35894408273373,96.58159573542413,7.0,19.0,-0.0,57.62544519589767,100.0,3.0,8.0,4.0,84.82948174130411,85.73646901286665,7.0,15.0,2.0,56.01752535947824,60.23296319145775,3.0,6.0,0.0,60.00143416313834,0
S0556,92.92347092500398,4.0,10.0,2.0,71.97339714878319,81.58146923122852,3.0,17.0,2.0,86.78720676990976,37.92426330224437,6.0,6.0,3.0,50.494439491207764,96.31653267062423,7.0,18.0,-0.0,68.766828307416,93.66966286160437,6.0,6.0,1.0,80.48734935206032,84.27133141155942,4.0,13.0,3.0,95.3006565769527,1
S0557,100.0,8.0,15.0,0.0,84.32936569218317,96.19265500056777,2.0,19.0,2.0,70.25153536331943,94.77092289279209,9.0,8.0,0.0,100.0,94.33561791031322,1.0,11.0,2.0,56.81503206326401,83.76947514549816,7.0,12.0,1.0,57.83517908648388,83.6535308498159,4.0,8.0,1.0,67.56692591933178,1
S0558,100.0,7.0,20.0,0.0,75.01489647534433,95.63957927627064,9.0,15.0,-0.0,79.78794182348645,95.10029569319583,5.0,9.0,0.0,87.59213865700423,100.0,4.0,18.0,1.0,98.28064620086671,82.89643250986312,7.0,8.0,1.0,87.81950934763722,100.0,4.0,15.0,0.0,67.50157632499908,0
S0559,83.32058528042376,7.0,19.0,0.0,74.09999160044846,88.78933855082508,7.0,14.0,0.0,86.41547153523477,94.470830614586,7.0,20.0,-0.0,70.75083897949368,86.97947648712866,9.0,19.0,0.0,92.04644590258444,95.96471848402251,5.0,18.0,2.0,56.377235978851694,94.75531375279873,8.0,13.0,0.0,83.08094520541098,0
S0560,92.62179997346757,11.0,16.0,0.0,74.56726429915497,68.14249812242622,4.0,18.0,0.0,67.6541626213104,98.29412605321225,6.0,16.0,0.0,100.0,85.8317725451143,7.0,16.0,1.0,84.78056317534818,89.51689033274155,2.0,14.0,2.0,59.89837342119453,96.80978582430447,6.0,18.0,2.0,57.15461389511783,0
S0561,68.6630803984516,3.0,7.0,1.0,68.60269496348246,83.97844117702266,5.0,9.0,0.0,62.74658282883308,85.10416666822712,3.0,12.0,0.0,87.69307719092517,80.80654637673152,5.0,9.0,4.0,59.033270728858184,84.21290837048748,4.0,12.0,0.0,50.75007038234895,80.57072671779243,6.0,16.0,0.0,68.3621028788401,0
S0562,68.99148245354593,5.0,6.0,2.0,40.292574800340944,66.4858492037654,6.0,8.0,3.0,76.62077613168593,85.65644259445132,5.0,12.0,3.0,45.73916368065093,93.54933195732984,3.0,10.0,4.0,78.45315095514043,68.1821982942104,5.0,8.0,1.0,68.18689672983209,69.15239298925606,6.0,16.0,2.0,53.477245922862345,0
S0563,73.87644723285818,6.0,14.0,4.0,73.95033426593628,74.09732585758768,5.0,12.0,-0.0,82.7526779858799,77.4218956628663,9.0,12.0,1.0,56.939931163302774,69.96689712253941,1.0,1.0,0.0,96.0825384205165,87.54404482935578,8.0,11.0,2.0,72.45193161578624,73.58607478140762,2.0,13.0,1.0,100.0,1
S0564,77.73502956206755,5.0,8.0,0.0,69.341335562042,95.77037866728388,3.0,7.0,1.0,76.59909654751074,100.0,5.0,9.0,2.0,73.80280494205195,77.67614768089094,8.0,13.0,1.0,73.95700815081454,74.68040870539747,8.0,17.0,3.0,100.0,100.0,8.0,10.0,0.0,62.80861826810105,0
S0565,59.47532252099944,4.0,9.0,3.0,76.65964540715508,88.70597039699261,8.0,13.0,0.0,42.2659538288982,80.64530009705432,4.0,12.0,3.0,44.0169630157729,73.7364267342646,4.0,13.0,3.0,60.32105215686753,65.21335388303721,4.0,14.0,0.0,57.72008715739465,79.07143719719294,2.0,6.0,2.0,86.01723967725361,0
S0566,72.13504806244651,1.0,12.0,5.0,68.88062193598518,73.00973912338546,7.0,7.0,2.0,56.46758551194331,79.57677969086767,2.0,10.0,3.0,59.253760796238566,81.27682656959996,1.0,9.0,-0.0,45.69320412524132,85.81495660388576,3.0,14.0,1.0,71.4214291536468,54.00291324575031,3.0,8.0,0.0,44.64353511922978,1
S0567,69.15551036100531,9.0,8.0,0.0,85.97741273329535,90.00490941899264,5.0,10.0,-0.0,49.417847191137966,88.88059418612455,3.0,8.0,0.0,79.5639503243772,74.11916447036127,6.0,10.0,0.0,59.522895052507664,68.58035187336834,5.0,6.0,0.0,71.84866391655366,66.77285710642245,2.0,20.0,0.0,73.27533891440966,1
S0568,99.28760110096343,5.0,9.0,4.0,60.375108334638405,71.44832549747714,6.0,13.0,1.0,75.5819951843333,100.0,5.0,16.0,0.0,55.303509430135016,96.02709302457504,8.0,12.0,1.0,59.48519003728559,100.0,4.0,13.0,0.0,84.17373428616618,72.86516688076132,8.0,12.0,1.0,81.53355744486238,0
S0569,64.95425042186203,9.0,10.0,2.0,57.316307815078034,78.51357584281261,6.0,11.0,1.0,66.09136434950187,87.42754631409808,4.0,9.0,3.0,66.61772846333713,91.18808497547704,4.0,16.0,2.0,64.34723621025371,57.458100393532824,1.0,12.0,4.0,64.52700954586857,86.68848980214827,1.0,11.0,3.0,64.50042487935796,1
S0570,100.0,5.0,14.0,4.0,48.72584530073523,78.81341928552689,3.0,10.0,-0.0,62.33031823061009,77.77902589509739,4.0,12.0,-0.0,82.47923578119683,93.13783085945515,5.0,11.0,0.0,61.34935878699093,59.30958004606287,2.0,9.0,1.0,81.51490033652479,57.15580301023755,3.0,18.0,2.0,67.24587515208104,1
S0571,92.51278644199279,9.0,19.0,1.0,72.60859566913992,100.0,8.0,15.0,0.0,85.86522970751534,100.0,7.0,15.0,0.0,88.0843559439378,100.0,7.0,23.0,0.0,87.70047618742782,78.40305273325245,10.0,9.0,0.0,67.7438433759014,100.0,5.0,16.0,0.0,94.54166407161395,0
S0572,83.61199451883309,5.0,15.0,2.0,86.20927850296434,75.86228110348337,3.0,12.0,0.0,74.51641990701779,84.036409696333,2.0,16.0,0.0,67.62117359292277,80.46060982916073,4.0,10.0,3.0,56.19319083613881,82.5494568227749,9.0,7.0,1.0,34.415176746696034,85.5280712510793,5.0,9.0,0.0,74.52295387040431,0
S0573,63.57351185358939,5.0,12.0,2.0,86.20450997017112,75.81795466123336,5.0,10.0,-0.0,68.97571047995592,100.0,4.0,12.0,2.0,56.0262172451886,98.74508969495078,5.0,12.0,1.0,63.03385018253482,86.27275507249695,7.0,17.0,5.0,71.2232855883622,78.87936310799594,5.0,14.0,1.0,62.95900875719821,1
S0574,100.0,6.0,11.0,-0.0,60.92308173761511,100.0,4.0,11.0,2.0,60.175523772720524,100.0,8.0,10.0,3.0,88.62873407426846,90.88149058526271,8.0,12.0,1.0,63.6474407142879,100.0,7.0,9.0,0.0,51.72586517124701,84.22071308882428,8.0,12.0,0.0,67.55488258811,0
S0575,93.34573084842312,5.0,7.0,2.0,59.6856787151836,78.40731717005232,3.0,16.0,1.0,62.555865514447845,71.6044108560478,3.0,13.0,3.0,49.62468450295307,89.99597811417058,7.0,20.0,3.0,68.72756815939476,92.86617176442955,2.0,12.0,3.0,84.46590268880624,92.17512601945529,5.0,13.0,2.0,63.78116857618005,1
S0576,100.0,8.0,13.0,1.0,81.4814854442426,84.29695076238845,11.0,7.0,0.0,88.28602654830564,100.0,7.0,17.0,0.0,85.94731020790961,100.0,9.0,16.0,1.0,59.69568465332688,100.0,7.0,15.0,2.0,74.87455813722376,97.36466489734431,9.0,17.0,0.0,80.05499300393743,1
S0577,51.14032231451134,2.0,11.0,3.0,62.83661798521523,97.5215521793476,4.0,8.0,2.0,76.7401037981623,41.277474867988175,4.0,11.0,4.0,54.99535926262471,76.12516985542533,2.0,18.0,0.0,56.76023530704535,55.720551477572286,5.0,8.0,3.0,40.10282376128984,47.97144716950118,5.0,7.0,3.0,51.86943048440652,1
S0578,70.8005526970417,4.0,11.0,2.0,30.88315645989479,54.929437004305456,4.0,7.0,4.0,51.71353964606392,75.12080705237476,2.0,13.0,6.0,71.2790545163416,55.1074553694621,5.0,8.0,2.0,51.618276246394615,56.58650775682741,6.0,8.0,6.0,93.32778125017575,51.7366793048435,2.0,10.0,1.0,56.587293465741055,1
S0579,71.32051812512556,5.0,4.0,1.0,48.08317220163151,83.60128969873833,2.0,14.0,0.0,78.23693614930319,75.62272272398918,7.0,10.0,5.0,62.36669068806519,68.70941730163317,7.0,19.0,1.0,73.0586705879445,92.63119853556705,7.0,16.0,0.0,70.26687313837937,63.04059740621679,4.0,19.0,0.0,50.794663744566,0
S0580,95.55026544545052,10.0,8.0,3.0,71.2202226358229,81.76226015607755,4.0,5.0,4.0,76.6595833885428,99.78816580784643,2.0,14.0,3.0,57.39715525510563,73.23044924301298,4.0,12.0,1.0,41.23372319599842,93.45770356346303,7.0,11.0,4.0,61.4239745776069,90.40601267812995,8.0,9.0,3.0,49.97935460758161,1
S0581,100.0,8.0,22.0,1.0,64.8126796931478,100.0,10.0,15.0,0.0,89.34643188078292,100.0,10.0,10.0,0.0,74.71311146915882,100.0,8.0,21.0,1.0,100.0,94.53545106487464,13.0,15.0,1.0,100.0,100.0,11.0,23.0,0.0,100.0,0
S0582,95.8650927247715,10.0,15.0,0.0,73.30831291670914,92.04289981484187,7.0,14.0,1.0,95.64118506747609,84.39427868187322,8.0,14.0,1.0,85.68545644705905,98.85725466504682,8.0,10.0,1.0,75.38107610634329,100.0,6.0,15.0,0.0,90.97997432037228,100.0,9.0,12.0,0.0,48.05762611093857,1
S0583,55.99506016270556,5.0,7.0,0.0,73.20707452134506,82.61444367535773,2.0,17.0,3.0,87.76822284155385,81.23363157503843,6.0,12.0,4.0,65.00436739906982,100.0,9.0,14.0,-0.0,73.97736721658733,60.58751850220233,11.0,8.0,0.0,86.88556279701292,81.51396940908518,8.0,20.0,0.0,87.69623735131904,1
S0584,81.99247149178709,7.0,24.0,1.0,84.54065379333224,90.57428084023998,7.0,16.0,1.0,98.04671649112527,84.42628573170836,9.0,20.0,0.0,66.65229453249067,97.81413868883233,3.0,10.0,-0.0,52.540290559187625,96.87256436291933,3.0,16.0,0.0,60.05970121367119,74.67691856817436,8.0,11.0,1.0,70.89644047391472,0
S0585,82.39477227026123,2.0,10.0,5.0,58.87198183607977,60.350432387966286,5.0,6.0,0.0,67.27408553949086,69.67231494822181,4.0,10.0,4.0,50.120607440211465,69.01234409005514,8.0,11.0,4.0,43.45776930641832,71.29595147775215,3.0,8.0,0.0,68.36153011800768,59.49350294073545,5.0,9.0,1.0,84.22864031249894,0
S0586,74.58434246244994,2.0,9.0,5.0,42.906440625854636,85.4323687348448,5.0,6.0,2.0,81.06895618772556,55.28596677109801,2.0,10.0,2.0,55.546511643000784,45.229632924453384,5.0,2.0,3.0,42.56487643695569,55.97946122372835,3.0,5.0,5.0,43.92243007081479,46.163259740843266,3.0,14.0,3.0,65.19405233029755,1
S0587,100.0,7.0,16.0,0.0,91.59013923032373,91.90287090116179,6.0,18.0,2.0,71.15218361559224,85.12889148930967,10.0,8.0,1.0,64.32470019817012,100.0,7.0,14.0,1.0,99.02314913343501,93.71801548211866,8.0,17.0,1.0,66.87174850852917,92.39444574641597,10.0,21.0,1.0,75.18254809443526,0
S0588,72.10794141803964,10.0,12.0,0.0,80.36751700997253,97.97526935881426,2.0,9.0,0.0,100.0,93.6528631839286,10.0,12.0,0.0,62.176310531136366,89.9393626944381,6.0,18.0,3.0,83.75643291887326,79.36733519803995,6.0,12.0,1.0,77.04821391288161,100.0,6.0,17.0,1.0,73.24260450969888,0
S0589,83.02869563034561,6.0,9.0,0.0,56.587283609580254,74.9942336564115,3.0,11.0,3.0,76.40170915811876,83.30475790947155,4.0,8.0,0.0,78.19457627414405,60.13639072979798,6.0,14.0,4.0,67.4637668963668,83.16300516725553,4.0,10.0,2.0,40.28812546381529,94.01228366746462,6.0,7.0,0.0,87.9511681578851,0
S0590,76.46390496429933,6.0,17.0,3.0,52.41695906855513,59.62055829823838,1.0,8.0,3.0,70.65426117737785,51.52204567119257,3.0,18.0,3.0,49.56315045339118,63.34484960148741,2.0,4.0,4.0,38.94852419172338,63.4057441360172,8.0,13.0,5.0,64.80987233341307,56.41768835155377,-0.0,9.0,3.0,69.71411813307846,1
S0591,75.546090650952,8.0,19.0,3.0,85.58810944258573,89.58079348590313,9.0,13.0,0.0,75.74321456181508,74.74689228141096,9.0,12.0,-0.0,93.59997432917933,82.29726010441485,7.0,7.0,2.0,64.7360338310167,100.0,6.0,11.0,1.0,76.15428012585912,66.60741606330754,4.0,15.0,-0.0,93.84210581120058,0
S0592,79.1657484701448,8.0,15.0,-0.0,89.56496015724993,60.26245319875263,-0.0,22.0,-0.0,77.33228461842326,82.1920800804185,5.0,12.0,-0.0,60.47865736260227,72.95295253042585,2.0,13.0,1.0,69.3828114504471,96.74528741456916,3.0,13.0,1.0,58.82462539288822,63.25671560370732,9.0,8.0,4.0,81.52831622590415,1
S0593,65.25182142075728,3.0,10.0,1.0,60.79554284795102,59.638258959606574,2.0,6.0,3.0,69.76464978316999,67.54875925449021,4.0,8.0,3.0,49.77124890031606,60.8400163583678,-0.0,14.0,7.0,59.59666166649288,61.88871559355338,7.0,12.0,4.0,47.85951019082775,74.2289234478998,4.0,11.0,3.0,34.561704807165,1
S0594,96.56017561181113,12.0,12.0,0.0,100.0,94.88525877813878,10.0,17.0,0.0,69.29457046965845,100.0,9.0,9.0,0.0,86.7057812888997,88.10721404995205,12.0,12.0,0.0,87.44322890233077,88.74473023751044,9.0,20.0,3.0,82.17235687058101,100.0,7.0,13.0,-0.0,87.39175368434152,0
S0595,73.86581901048973,6.0,20.0,1.0,72.2621885202635,100.0,7.0,12.0,0.0,78.52412412304245,100.0,6.0,13.0,-0.0,100.0,89.04027124782787,7.0,23.0,2.0,100.0,80.83697174745551,9.0,24.0,1.0,96.78023770670441,89.8240067279163,7.0,10.0,0.0,70.02541824556755,0
S0596,82.75129535018448,5.0,10.0,2.0,64.89750537703834,71.89927126005503,8.0,15.0,1.0,42.25852842937175,100.0,7.0,15.0,1.0,90.51828563155216,76.53023466170939,6.0,13.0,0.0,62.6816019393017,100.0,6.0,10.0,0.0,56.89608094544647,79.5552853708747,3.0,6.0,1.0,56.65085259831933,0
S0597,83.79880737834924,4.0,14.0,2.0,69.91056422917225,80.40070641075125,3.0,17.0,2.0,70.70922245266593,98.89128718458468,6.0,13.0,2.0,89.35120266324681,77.9190021855667,6.0,5.0,2.0,75.71706329940338,100.0,3.0,10.0,1.0,67.85499745197293,76.71626086400937,5.0,20.0,-0.0,75.50031261014358,1
S0598,71.28451698013686,9.0,4.0,4.0,57.86397006952926,61.880100233660926,1.0,8.0,2.0,48.449872414022344,100.0,2.0,1.0,2.0,51.07052294336807,59.765139629131184,3.0,4.0,3.0,36.16954098502293,82.10984516050765,5.0,13.0,3.0,56.84219374263614,56.61610563591185,2.0,8.0,3.0,54.08019093828938,1
S0599,72.58008597686994,7.0,3.0,0.0,51.471053392551156,96.25210781011248,8.0,11.0,0.0,62.53465517025733,100.0,3.0,9.0,4.0,51.767788830426575,72.3485683067333,5.0,15.0,0.0,68.53804009113287,78.4599899074897,2.0,15.0,1.0,50.671176469782864,100.0,5.0,10.0,2.0,63.25590790890326,1
S0600,96.2084368171658,7.0,17.0,1.0,100.0,90.69168131780735,8.0,12.0,-0.0,100.0,79.62735160432685,7.0,20.0,0.0,96.40070107927397,89.58820135477598,8.0,16.0,0.0,100.0,100.0,8.0,13.0,0.0,87.98000884931507,100.0,9.0,12.0,3.0,78.74912950254102,0
S0601,75.85401017992734,7.0,8.0,2.0,75.21281889961497,82.6780837048047,5.0,6.0,1.0,86.89514506615268,49.16482199326093,7.0,13.0,5.0,82.12053180320333,82.16949495980121,4.0,17.0,2.0,48.26477161442579,90.38407014080691,6.0,13.0,2.0,52.71166984860875,64.46809025639568,6.0,16.0,3.0,45.28321637522423,1
S0602,93.66238302054869,8.0,5.0,2.0,69.49589881533541,99.59486544178391,4.0,17.0,2.0,53.62312335974766,87.46423218675157,8.0,18.0,3.0,90.05485112321882,89.56252840327564,5.0,8.0,3.0,85.56523046102534,79.33744403547846,8.0,24.0,3.0,54.11544081264597,65.30646764966993,9.0,8.0,2.0,97.53049217971186,0
S0603,64.32795945936637,8.0,11.0,1.0,64.23947691678156,65.82760567666146,4.0,7.0,3.0,63.03586405297928,73.23186977221023,5.0,5.0,2.0,55.43821743325549,81.11766331353583,5.0,10.0,0.0,75.4300842797046,66.73862424058994,4.0,10.0,4.0,62.622711522524746,68.00930075310501,4.0,4.0,4.0,57.43709921448463,1
S0604,83.98767576039009,3.0,22.0,1.0,77.39646364642293,71.98173088952049,4.0,4.0,0.0,85.46091058319854,87.19284279273745,7.0,19.0,0.0,84.4651949926073,100.0,7.0,13.0,0.0,64.61989651672846,74.02863645771679,8.0,17.0,0.0,95.93772647966802,85.1338453893539,1.0,12.0,-0.0,54.085165299879115,0
S0605,90.11101657317809,6.0,19.0,1.0,84.4437445640616,72.2329218089603,9.0,20.0,1.0,69.63559361715811,96.64573346681772,7.0,13.0,1.0,84.80157997421416,95.93066828118582,7.0,13.0,3.0,80.90330854811455,85.8540286065961,5.0,20.0,2.0,75.04404343379323,94.54047584652491,10.0,13.0,0.0,76.91374561901902,1
S0606,52.996561170407986,4.0,10.0,4.0,43.768384162595865,85.9647210587031,10.0,8.0,2.0,65.08499033617439,72.00464737636966,5.0,17.0,3.0,64.67388297126635,80.24259657674985,6.0,9.0,0.0,84.70352831927522,92.97883483917958,7.0,21.0,2.0,61.1426868860291,84.30283503316898,3.0,13.0,1.0,83.88814105458542,1
S0607,79.33223022101119,1.0,10.0,-0.0,58.33148015186654,58.080680468695405,5.0,9.0,-0.0,64.2344860804406,64.48039953332422,5.0,10.0,4.0,63.063965922948626,81.29185596183241,4.0,9.0,4.0,63.59738744854423,84.95038215538662,6.0,11.0,3.0,58.628077326754486,57.567501116308286,5.0,8.0,3.0,73.79291991532195,1
S0608,77.06414983122626,7.0,15.0,2.0,62.70646696995683,81.37522632942071,4.0,18.0,0.0,44.66644714057192,69.75621667848924,6.0,3.0,-0.0,64.89374107587723,81.46997280072767,5.0,12.0,0.0,74.53301632580084,77.09098861362119,3.0,16.0,2.0,56.29569409582499,90.4335228299033,5.0,17.0,4.0,56.256892395147766,1
S0609,100.0,7.0,20.0,0.0,93.5869625684112,100.0,3.0,15.0,1.0,70.417362216642,97.33955006246245,5.0,19.0,0.0,73.82262170794345,99.943962636352,11.0,17.0,0.0,60.020682141995984,66.62277309129722,9.0,13.0,0.0,100.0,94.30362567064337,8.0,13.0,1.0,77.93006829732313,0
S0610,87.61043285192281,6.0,9.0,3.0,53.82152918416763,80.20721097252157,1.0,10.0,2.0,65.03180965889136,85.40376928951103,3.0,9.0,0.0,53.014921474934155,74.52971148462045,3.0,12.0,2.0,70.97956697553096,66.61210953554206,7.0,11.0,0.0,63.93635221760028,81.37653948222908,5.0,7.0,2.0,49.22059771655042,1
S0611,69.9436022078394,12.0,14.0,2.0,43.34405037959045,98.63640626256903,10.0,9.0,0.0,79.73471590848874,86.73650020842842,5.0,13.0,0.0,68.52221545560906,79.917348999674,3.0,19.0,3.0,85.5844088840193,93.00626014681166,7.0,12.0,1.0,47.84211040428036,88.23980213626933,7.0,10.0,3.0,67.95152679224968,0
S0612,55.72595633422154,4.0,13.0,4.0,50.50344283655648,67.80791335951429,3.0,5.0,2.0,55.7273608682756,75.14433833752865,7.0,6.0,4.0,43.257924009162316,88.27899742418718,6.0,7.0,1.0,47.080269960666286,75.22100173634728,4.0,4.0,0.0,82.43259424879653,88.48184482506514,3.0,8.0,1.0,56.39483333107236,0
S0613,100.0,7.0,17.0,0.0,81.38267255403791,85.55474064121276,7.0,14.0,0.0,71.11607839603678,100.0,11.0,22.0,0.0,84.23738333686835,96.0855410710897,6.0,8.0,0.0,68.73674319840757,96.4543497648494,8.0,9.0,0.0,95.59103317849244,67.3135421202171,13.0,10.0,0.0,61.681539847448406,0
S0614,77.00505411548411,5.0,10.0,3.0,64.431157681616,85.26958198623112,6.0,12.0,1.0,62.27986902917248,73.90489960648402,1.0,9.0,-0.0,62.968751304843536,93.28468406851401,3.0,15.0,-0.0,71.99280375534372,78.40153543194316,6.0,13.0,1.0,71.95919239360555,83.95045769700766,6.0,14.0,2.0,57.32105699543526,1
S0615,92.91471126568429,9.0,13.0,3.0,99.63846275982351,82.92045262060834,10.0,15.0,0.0,88.47210238483954,100.0,10.0,20.0,1.0,86.73348694264556,100.0,8.0,10.0,2.0,71.82802238263609,82.86841883826514,5.0,16.0,2.0,37.490292301995694,78.88955393310637,7.0,10.0,3.0,80.88168911372664,0
S0616,90.56345625079639,6.0,20.0,0.0,88.9847966718186,62.70719924880396,7.0,13.0,2.0,79.75554570934904,84.274906366045,7.0,13.0,2.0,98.47638846431279,87.39756168555401,7.0,13.0,0.0,96.3934839481755,94.41860975513136,5.0,11.0,1.0,80.78506998498436,94.9905527452431,11.0,14.0,0.0,75.03038872308132,1
S0617,82.12022258957278,3.0,15.0,3.0,62.00322254441685,81.53304207329998,4.0,11.0,0.0,83.58003026407509,59.711613421107764,7.0,7.0,3.0,79.4019197430274,87.90827106147866,2.0,8.0,4.0,65.21197566225227,70.75465785269148,6.0,17.0,3.0,73.36979038602925,87.08441400405043,2.0,6.0,-0.0,63.90474614940247,1
S0618,90.53357637744918,7.0,13.0,3.0,65.13007690829235,66.50677480473051,5.0,4.0,1.0,55.84206711595663,82.19745866977586,6.0,17.0,0.0,85.442071199569,47.41300678351282,9.0,9.0,2.0,66.37393271482432,69.30347824974115,7.0,7.0,2.0,70.8965462658402,67.70411055135874,7.0,7.0,2.0,88.29061996291375,0
S0619,94.5615323427402,7.0,20.0,0.0,89.59833536430467,93.9593753501849,5.0,15.0,1.0,76.84330523429654,92.80520636249942,9.0,13.0,0.0,63.54063363188286,100.0,3.0,8.0,1.0,71.75348154880682,100.0,11.0,14.0,0.0,77.0118869266522,75.2335931525471,5.0,18.0,2.0,99.83908250594946,1
S0620,62.90709115991329,-0.0,7.0,1.0,45.226665179585225,82.35089485257191,2.0,9.0,5.0,48.52807550233328,54.85751873176734,4.0,9.0,3.0,33.440781617969066,48.775689327772305,3.0,7.0,4.0,57.58576135687255,58.71952998959514,5.0,7.0,4.0,66.02538908656469,59.5732905530937,4.0,15.0,0.0,52.53723176289626,1
S0621,61.554903985894335,4.0,19.0,2.0,70.44255118732904,86.64832612441053,7.0,21.0,2.0,80.63797746548097,100.0,3.0,8.0,0.0,85.43693430861349,91.5885227873176,2.0,16.0,-0.0,83.64757743092358,58.1966660847269,4.0,13.0,2.0,74.35684033907887,79.626331610097,7.0,18.0,2.0,84.72907457368372,0
S0622,90.87765008276526,8.0,14.0,-0.0,52.429309578354435,93.19600556628208,6.0,12.0,0.0,56.736692909137915,100.0,5.0,10.0,2.0,87.02879139510327,85.57580958009005,6.0,12.0,2.0,75.15283296258426,100.0,10.0,16.0,1.0,84.52966464704443,67.04486414462662,1.0,6.0,0.0,65.34587373958205,1
S0623,93.7026960701465,6.0,24.0,2.0,85.17555020494825,80.48752424196981,9.0,8.0,4.0,92.29443407912657,70.70770152144681,6.0,13.0,2.0,87.09475978415995,91.32655441763639,4.0,13.0,0.0,59.388744277488236,67.28664026144612,7.0,14.0,2.0,67.57546046583018,78.31721387869096,2.0,6.0,3.0,58.48063025460252,1
S0624,96.55102621922252,5.0,9.0,1.0,79.69164445930873,100.0,7.0,13.0,0.0,50.52808569822205,100.0,6.0,8.0,0.0,80.9866062769794,83.67196358776181,8.0,11.0,3.0,91.54877807684993,98.0152254651432,2.0,16.0,2.0,75.34723641019686,88.71437145253446,9.0,21.0,0.0,58.561103733184964,0
S0625,66.26179164419071,5.0,8.0,3.0,53.38331092194546,63.67221546751551,7.0,10.0,2.0,87.30536042152414,47.43191470859212,6.0,9.0,5.0,35.33478179954993,49.87127911025611,5.0,15.0,0.0,72.4963564184673,67.04686362451491,3.0,13.0,1.0,75.78242870614888,80.37336244121543,4.0,10.0,-0.0,64.5012102818841,1
S0626,95.95350854282506,6.0,15.0,-0.0,71.73215332719093,87.36939605381409,4.0,15.0,2.0,74.5943620391709,99.98132301942827,6.0,11.0,2.0,78.45305595971755,82.74052088224529,9.0,11.0,2.0,78.72779795460993,93.099313445926,5.0,8.0,3.0,67.75430643349071,76.03312852468602,10.0,8.0,2.0,88.51587542137379,0
S0627,96.85437803991564,8.0,14.0,0.0,79.25149390705,94.20596080487591,7.0,13.0,-0.0,79.85032736661887,75.4348682908373,5.0,13.0,3.0,79.89255537289382,82.6980739143824,5.0,4.0,0.0,73.4001437059347,84.35025322443586,8.0,17.0,2.0,56.75499309255544,73.19999308745162,9.0,17.0,3.0,54.274504496329996,1
S0628,85.71672593575227,1.0,17.0,3.0,50.86350882385474,64.32598987804269,2.0,4.0,4.0,73.056922245254,77.92380314582893,2.0,15.0,4.0,71.90262389958684,41.2206267627556,1.0,10.0,2.0,61.37426750270512,77.41490100992739,0.0,5.0,3.0,54.426792705048044,63.58777008624513,3.0,9.0,3.0,50.35426264820907,0
S0629,82.93312748690127,5.0,12.0,2.0,70.9232718211479,100.0,8.0,8.0,-0.0,90.4131214574493,81.11113474615678,6.0,13.0,0.0,98.4206622408896,92.79090588516561,7.0,17.0,-0.0,52.76235536897313,89.28199571798105,7.0,14.0,3.0,86.67110386893438,88.50590056296176,6.0,17.0,4.0,73.71107839376585,0
S0630,100.0,9.0,21.0,2.0,82.96797170551426,100.0,10.0,18.0,-0.0,81.90742688019205,100.0,9.0,15.0,0.0,100.0,94.43036577624984,8.0,15.0,3.0,95.50613315063221,99.07674474936414,10.0,16.0,0.0,100.0,100.0,12.0,8.0,0.0,95.58410763699395,0
S0631,73.24695766859062,3.0,13.0,1.0,56.636096639256664,88.71214687441582,4.0,14.0,1.0,60.291883823557484,53.7583058963671,0.0,19.0,3.0,43.66872547373908,70.86871429199061,-0.0,13.0,3.0,74.85319106380584,65.76393127762375,0.0,10.0,3.0,64.92322335322466,53.79293758195806,8.0,7.0,2.0,55.56934976898779,0
S0632,54.64631337858086,3.0,9.0,5.0,37.493960564980384,79.0237625725899,7.0,7.0,5.0,68.6513560908146,50.590824147938,1.0,5.0,5.0,28.09907807019276,49.8044356914048,0.0,3.0,3.0,45.5865340877925,47.767491743718686,4.0,4.0,3.0,41.54564603147719,55.917871734618984,2.0,10.0,4.0,50.02801857188756,1
S0633,73.05003069532735,4.0,9.0,0.0,65.70008436781487,89.44282587467023,9.0,16.0,0.0,59.6306086842418,100.0,2.0,12.0,0.0,79.52814877992161,100.0,5.0,16.0,0.0,73.22137511639093,61.707887679156606,8.0,12.0,2.0,69.65351187830007,73.14820547588067,9.0,10.0,1.0,98.61044395897838,0
S0634,100.0,9.0,22.0,1.0,68.66351583542617,100.0,10.0,20.0,1.0,100.0,100.0,7.0,15.0,2.0,76.27456886024393,99.03107456473626,11.0,23.0,0.0,79.02600012958818,94.48720969109985,6.0,23.0,1.0,79.07875718327685,99.83912025140629,10.0,21.0,-0.0,75.18143913363336,0
S0635,92.35926334393739,8.0,18.0,-0.0,72.19180783333981,99.31538096565103,7.0,14.0,1.0,76.50467456551934,100.0,8.0,12.0,0.0,91.75675925775263,89.38001893424972,7.0,13.0,1.0,78.00302168499691,100.0,4.0,8.0,-0.0,74.60310451768473,79.73890259691659,8.0,7.0,0.0,58.14850521120731,1
S0636,86.20400720421938,7.0,15.0,0.0,68.32510135531997,70.50208366063895,9.0,9.0,3.0,64.7970406915231,79.71870171513332,3.0,13.0,2.0,46.998404375479794,81.39159437073332,5.0,12.0,4.0,68.1311877956726,61.69197773776187,4.0,13.0,6.0,47.886493410862435,82.7469542538653,6.0,12.0,2.0,74.32534715788523,0
S0637,86.72418137740416,6.0,13.0,0.0,65.39616152923506,67.94516207631133,3.0,13.0,2.0,57.39318702570701,100.0,7.0,16.0,1.0,77.83565098374791,63.409943989719935,7.0,12.0,2.0,88.22943536369081,85.38176012749602,0.0,8.0,0.0,70.21786772074292,96.31240007606652,4.0,19.0,2.0,90.23736796325176,1
S0638,91.14279764091158,7.0,15.0,0.0,81.91666990406054,100.0,10.0,19.0,0.0,76.00786137750264,73.9389571829867,13.0,16.0,-0.0,83.60737006561332,90.59071239949039,3.0,21.0,2.0,67.04320474035363,89.73251612194144,6.0,17.0,1.0,100.0,76.47326841407721,5.0,10.0,3.0,58.66058876158624,0
S0639,93.36417466135146,3.0,10.0,3.0,72.6764202535378,78.51268910723473,3.0,13.0,3.0,34.830491940248294,71.38671876822046,8.0,15.0,5.0,59.30965522979895,83.4657887268165,4.0,12.0,1.0,55.872119495496754,96.06186617493363,5.0,8.0,2.0,41.15030080179266,44.928918250204504,2.0,12.0,1.0,66.84360162835458,1
S0640,65.42211266730092,5.0,13.0,3.0,72.5768428543057,73.11235592009557,4.0,14.0,3.0,56.94150368031612,68.99709904794877,5.0,15.0,1.0,49.803298406872756,82.2542965398326,6.0,19.0,2.0,54.34263345046058,61.2979591011454,2.0,11.0,2.0,64.95062475387934,67.10012147084672,9.0,13.0,3.0,59.93618601831214,1
S0641,91.39061266484703,10.0,15.0,-0.0,90.68225521078975,98.1719414525863,9.0,13.0,1.0,79.2630747842145,100.0,9.0,16.0,0.0,54.079187963990194,93.71924896407795,8.0,16.0,0.0,100.0,98.05410305337496,9.0,10.0,0.0,88.23375726466517,82.62278929147766,7.0,16.0,1.0,94.90409057667894,0
S0642,74.44066211368654,4.0,7.0,0.0,57.63864878215102,45.2763382829874,7.0,10.0,0.0,45.96624159547724,75.73182138378912,2.0,12.0,1.0,53.56803107803355,55.62776254836465,4.0,8.0,1.0,58.351313420477474,80.9432081576778,5.0,16.0,4.0,68.09854328272817,36.159045801014074,2.0,9.0,2.0,69.80269424461666,0
S0643,69.9679135310059,1.0,3.0,5.0,39.5351734773637,56.73371742511118,1.0,7.0,2.0,57.94298290920213,33.563467162825255,-0.0,12.0,4.0,40.27878564326528,65.95396825139463,3.0,5.0,4.0,39.8000657003413,55.668929162857594,3.0,8.0,2.0,33.9401477548582,78.3766732193572,5.0,4.0,3.0,48.152385545954424,1
S0644,62.1399583020579,4.0,9.0,2.0,51.66557769711528,70.67187547287365,4.0,11.0,4.0,63.217668646577984,63.5868804865096,5.0,7.0,2.0,81.84470989950779,83.9422753687542,6.0,12.0,3.0,37.01207303926438,69.29779969003667,4.0,12.0,0.0,73.49861063059919,84.82495916718773,4.0,12.0,0.0,73.10571367957826,0
S0645,69.98701578556829,6.0,14.0,3.0,63.06906051795192,96.32743638613455,6.0,17.0,0.0,62.47212799608308,72.75862979020076,7.0,23.0,0.0,60.41327268476331,94.63150702898476,6.0,5.0,2.0,58.614043823180715,83.84422277978952,7.0,16.0,0.0,63.89015980430377,91.71646151171979,5.0,12.0,1.0,62.15735886985992,1
S0646,59.10929326566612,5.0,12.0,0.0,69.69513347598718,95.1024046990908,5.0,3.0,3.0,64.8653570531156,93.97063888782876,8.0,10.0,1.0,75.75882073396829,79.07268901566725,7.0,10.0,1.0,76.81042135157166,78.24808043213477,8.0,7.0,4.0,49.43386369253095,78.13642146415442,10.0,7.0,2.0,80.62317225887858,0
S0647,75.62451826638508,6.0,12.0,-0.0,50.839426627179634,81.75233837290476,6.0,11.0,3.0,66.81893695673625,84.09226536722115,4.0,9.0,3.0,43.75607508212926,53.819678049631136,5.0,9.0,4.0,69.18169271259312,69.88454555602313,4.0,8.0,4.0,75.17483464693235,78.28198439648381,2.0,15.0,2.0,81.25876176824494,0
S0648,87.61771785410087,9.0,18.0,-0.0,86.65151600271639,100.0,15.0,15.0,0.0,86.3318130016101,96.63259446504597,8.0,11.0,1.0,92.03019077224242,100.0,9.0,17.0,0.0,76.18987080072233,100.0,9.0,16.0,0.0,94.61132338641343,93.96570290197093,8.0,12.0,0.0,86.70896318211807,0
S0649,75.57710094703468,7.0,9.0,4.0,52.83969947946088,61.82354128260647,6.0,6.0,0.0,56.54244173700089,72.80958474383881,6.0,7.0,2.0,35.02828803964163,78.88198908636787,9.0,19.0,1.0,58.01691037536378,83.42709726652515,7.0,5.0,3.0,52.82421858680466,87.96355360035287,4.0,6.0,0.0,60.64475500503336,0
S0650,94.23164172279141,9.0,19.0,1.0,48.65075304852979,92.9828204040534,5.0,16.0,0.0,73.66378813119432,94.09176233429154,6.0,17.0,1.0,100.0,100.0,8.0,13.0,3.0,97.9428344475334,91.31630597186252,7.0,6.0,0.0,64.29147481464638,86.56388981209878,5.0,10.0,2.0,69.8725104547855,1
S0651,53.97541220808934,5.0,7.0,3.0,60.99343556254668,68.8267002037641,1.0,5.0,7.0,48.81228646451195,47.31964774829997,3.0,17.0,3.0,47.54680449526962,60.81872124684051,7.0,0.0,2.0,87.27106654621157,64.03747905147857,6.0,5.0,3.0,41.401576017859625,59.23562033086889,0.0,4.0,4.0,60.57764277269627,1
S0652,86.69128434477491,4.0,11.0,0.0,63.09992300292776,98.4582119170793,5.0,11.0,0.0,53.78922821396621,88.60792780725878,4.0,10.0,1.0,30.618717196463464,82.17029740158051,4.0,9.0,0.0,85.83854359970864,93.83446486683928,4.0,8.0,0.0,46.73154239243784,82.38303721408518,6.0,11.0,3.0,69.15560385714359,0
S0653,60.061181384664614,2.0,10.0,6.0,39.60265274367033,88.67175402684764,1.0,16.0,2.0,47.28205817970316,67.32345224012808,4.0,10.0,2.0,41.27263123096654,67.46028994007705,0.0,9.0,2.0,73.15104231093049,77.70435268457294,2.0,7.0,5.0,61.99514021585745,79.23863060843505,2.0,3.0,1.0,34.52611506987819,1
S0654,100.0,7.0,7.0,0.0,63.72354699965593,73.43041959274278,8.0,18.0,0.0,87.1481427637125,90.04607255880092,7.0,15.0,0.0,66.77813571461795,85.77797484998851,7.0,15.0,1.0,100.0,89.10058885324565,5.0,17.0,1.0,90.23626469371959,94.14911901853516,8.0,16.0,-0.0,92.36687393845321,0
S0655,81.24168597334538,4.0,8.0,1.0,68.04991197819768,70.47842725775072,6.0,13.0,4.0,70.13734397052319,79.51228474571788,4.0,15.0,1.0,52.945954485843856,66.59852051168644,4.0,17.0,4.0,93.13141003063811,83.77377603565887,6.0,14.0,4.0,57.470874422387524,61.18483872059734,5.0,16.0,0.0,48.36771004557358,1
S0656,70.18339274420117,3.0,15.0,3.0,84.05470532263925,69.17939745240474,4.0,13.0,1.0,61.586496708440194,78.9117293351927,6.0,20.0,3.0,59.70101782090391,76.11185390224118,8.0,15.0,1.0,60.579007316384775,61.33233755141521,5.0,19.0,1.0,64.412239499727,80.5208881553944,4.0,12.0,3.0,70.74891387911065,0
S0657,89.53569868570717,6.0,7.0,0.0,71.0474384245618,93.2296059871335,11.0,13.0,-0.0,86.16529160565149,96.72855366359109,9.0,20.0,-0.0,67.41383233208953,79.31464402727293,4.0,18.0,3.0,64.39472100028777,62.92284811489609,5.0,14.0,0.0,78.29624407577205,95.42800761646899,5.0,8.0,2.0,50.561406094724745,0
S0658,92.57356351163958,4.0,16.0,4.0,63.208151608354456,79.80946503761011,4.0,20.0,4.0,52.506661895845895,63.23941503723252,7.0,11.0,1.0,54.79626977467562,76.09949715340206,5.0,11.0,2.0,91.89489581756592,100.0,9.0,12.0,0.0,69.64752487413477,76.31212448315785,8.0,8.0,5.0,67.74014988512879,1
S0659,73.38281523790155,3.0,15.0,4.0,70.877657390131,65.45330791789064,4.0,13.0,4.0,42.58898189697743,75.23631656119682,2.0,11.0,2.0,39.65325030370019,90.73702908423678,5.0,14.0,3.0,42.374695380500874,63.06199151205055,8.0,9.0,1.0,37.00940283956726,66.03705722333235,5.0,10.0,4.0,54.91866689607556,1
S0660,68.79816405413902,5.0,11.0,2.0,45.89167718184963,97.49296108396669,7.0,10.0,-0.0,67.72034755675448,97.08092470117988,6.0,15.0,3.0,82.74296897792922,96.87331346786901,6.0,9.0,-0.0,56.83757172376874,86.99138282670884,5.0,14.0,3.0,78.07614143199363,70.76711533266351,5.0,5.0,2.0,43.69897219297867,1
S0661,100.0,10.0,17.0,0.0,100.0,86.99461860669798,9.0,10.0,0.0,100.0,100.0,6.0,16.0,0.0,100.0,100.0,7.0,20.0,3.0,70.84074091203688,84.30899959011131,5.0,17.0,0.0,68.46252483702003,99.77649689809377,5.0,11.0,0.0,89.57902958864145,0
S0662,69.17786362201704,6.0,17.0,1.0,100.0,69.29973348254063,8.0,14.0,3.0,70.46115103630935,88.6077813031499,6.0,8.0,2.0,64.61159473946643,99.61331822271093,6.0,11.0,1.0,66.33607953606077,65.33706652807489,9.0,16.0,2.0,77.71488125304502,65.61941493153833,2.0,5.0,2.0,52.756583271802086,1
S0663,100.0,12.0,12.0,0.0,39.13550553604397,79.23595078954114,8.0,14.0,1.0,73.16910961260433,89.8076222338005,5.0,11.0,0.0,76.77731784747327,80.82790086663789,9.0,8.0,0.0,49.24296874760543,81.77132734393274,8.0,18.0,2.0,62.11590856369973,86.9173475055616,9.0,14.0,1.0,78.21075795465556,1
S0664,98.054936403395,6.0,16.0,1.0,70.05836418180422,81.04181927619085,8.0,7.0,0.0,93.04134140353187,95.66174112045923,8.0,17.0,1.0,55.65477734394273,100.0,9.0,15.0,5.0,51.35987745679968,91.88052308316377,7.0,15.0,0.0,53.22188690532462,75.7338770243584,8.0,21.0,2.0,65.65912917945255,1
S0665,86.37609117755714,5.0,9.0,-0.0,58.75061925067732,67.75438287559417,4.0,14.0,0.0,64.79873960400167,82.88043100229459,7.0,17.0,2.0,69.81016747356115,76.1714352558196,6.0,18.0,2.0,60.10313458318443,75.09895185918666,6.0,18.0,2.0,68.42333785968228,92.69234002696304,8.0,7.0,5.0,48.08808770790377,1
S0666,100.0,8.0,14.0,0.0,81.34971736748889,99.77931651057943,10.0,15.0,0.0,100.0,86.18687898671537,10.0,15.0,-0.0,88.27601483030864,100.0,6.0,14.0,1.0,68.31356776660422,95.13268897735416,6.0,16.0,0.0,84.34944902111442,100.0,7.0,19.0,-0.0,70.41635752941392,1
S0667,97.26385466019842,8.0,12.0,1.0,78.29919241858384,97.38635939695705,9.0,18.0,0.0,76.99861966251633,100.0,10.0,17.0,1.0,81.08500285721324,100.0,11.0,22.0,2.0,99.03034878955106,89.23810878772525,7.0,13.0,2.0,85.60903639035206,84.04034982834244,9.0,13.0,-0.0,70.63687248124802,0
S0668,84.83955222601955,6.0,12.0,4.0,74.54395902345577,66.85908344123025,8.0,13.0,0.0,49.015129435226534,56.28750983912595,4.0,16.0,2.0,68.72438133351703,54.45850712765275,3.0,4.0,3.0,63.27240646599185,89.08672188094323,6.0,9.0,3.0,50.68103138976604,74.64181978513932,7.0,6.0,2.0,76.93311117462723,1
S0669,83.30056762432174,10.0,18.0,1.0,71.65120826414493,97.83510070654083,3.0,11.0,0.0,70.89811931377055,90.34326258932708,5.0,6.0,4.0,77.54910991041115,100.0,10.0,8.0,2.0,81.30549385480239,96.57226576687525,5.0,13.0,2.0,76.0666350308882,82.02559324436025,6.0,19.0,1.0,84.92860458622562,0
S0670,100.0,7.0,17.0,0.0,80.89474241940627,100.0,7.0,20.0,0.0,90.16026376648743,100.0,12.0,16.0,0.0,78.88949197093756,100.0,12.0,17.0,0.0,100.0,100.0,10.0,13.0,0.0,97.80532694227155,100.0,8.0,26.0,0.0,100.0,0
S0671,83.82992799554393,6.0,5.0,2.0,57.74096737578691,85.71848396569216,6.0,8.0,2.0,48.84347996502869,67.18920660085398,4.0,18.0,-0.0,76.85422482612405,65.35109410949367,7.0,9.0,3.0,57.25673637718926,79.97611078199493,5.0,8.0,6.0,76.47154591032529,72.5216155097094,3.0,12.0,2.0,52.985290859894604,1
S0672,72.26225416967628,6.0,7.0,1.0,72.48328176473134,76.26333447753018,-0.0,10.0,4.0,100.0,80.26779769109783,2.0,13.0,3.0,62.36925480964355,84.09959013396319,7.0,9.0,2.0,79.11014380043098,74.46108866703517,3.0,7.0,5.0,67.8667605529744,72.3554273657648,6.0,13.0,4.0,57.65937930956832,1
S0673,82.458310184513,3.0,15.0,1.0,58.56664965165089,89.16228440562507,7.0,11.0,0.0,79.59952018963833,80.5411647745854,8.0,9.0,1.0,98.59675066720263,76.55763916734422,2.0,14.0,1.0,81.46881863292597,84.20203211988861,10.0,15.0,1.0,66.7472580775102,88.97762933161675,8.0,14.0,2.0,77.02696924861355,1
S0674,82.15274655294715,9.0,22.0,0.0,58.12103046500269,89.33174346546012,9.0,19.0,-0.0,87.66779614198458,100.0,7.0,15.0,0.0,87.05419036245158,100.0,5.0,13.0,0.0,76.71069828687234,94.28860302525689,8.0,16.0,2.0,62.30943122824967,91.90931722638821,6.0,14.0,3.0,76.19456927948436,0
S0675,60.03244018702823,7.0,12.0,3.0,87.54032024855111,72.32155465411647,3.0,9.0,3.0,53.175611296939735,72.68767273200632,7.0,14.0,2.0,87.23498486206229,60.316579352971495,5.0,9.0,2.0,36.06718298126087,78.9249207190469,5.0,3.0,2.0,38.21826828974609,89.87572836240751,4.0,12.0,2.0,51.486038476958356,1
S0676,56.21639941453724,3.0,10.0,0.0,55.5125202584776,86.30391882541983,4.0,17.0,2.0,56.41912238796389,69.9496157348889,6.0,1.0,0.0,80.96026214468596,79.08209450297709,4.0,12.0,3.0,71.79571126802081,65.85074897310733,6.0,9.0,-0.0,69.02818760751097,66.63339880019035,5.0,14.0,2.0,65.26844166028769,0
S0677,64.54932035866155,2.0,10.0,3.0,42.251035356285946,50.455364103231624,0.0,14.0,5.0,58.53179415320707,71.04952973103103,2.0,7.0,1.0,47.35463196713133,70.61572583955697,2.0,4.0,5.0,26.515729880796663,60.220110301083096,0.0,14.0,5.0,55.27876136042561,56.881215369160785,4.0,13.0,4.0,54.02449782288089,1
S0678,99.08489991901894,2.0,10.0,3.0,58.22897833119261,83.19886896444164,4.0,8.0,2.0,40.33632919649397,79.03531673761967,8.0,10.0,4.0,53.67461788007589,80.81614063921512,6.0,11.0,3.0,69.12207777102256,100.0,4.0,14.0,1.0,51.33502778910435,81.49352707828112,2.0,9.0,2.0,34.228139741053084,0
S0679,94.8392127677615,2.0,10.0,3.0,71.79619644452984,67.58230191356894,4.0,0.0,2.0,48.1228659683147,84.50487664721162,2.0,5.0,1.0,54.301023940606925,72.21776639874408,5.0,9.0,3.0,65.22740840880041,78.33271961038032,2.0,13.0,4.0,67.69665896033382,80.99699207731814,3.0,12.0,4.0,56.11215714735975,0
S0680,64.32319336767603,8.0,9.0,-0.0,94.48833822436026,92.54481401746074,4.0,17.0,5.0,66.20696022257988,100.0,5.0,13.0,3.0,77.13175929084095,89.13314056124926,3.0,8.0,4.0,50.62411072452845,82.66482433451206,6.0,10.0,3.0,67.23021777363917,78.261532890802,4.0,12.0,0.0,50.0301776688046,1
S0681,81.71372151946571,4.0,16.0,3.0,67.95131511220208,65.65659553304818,3.0,9.0,4.0,78.74690360687245,89.01760789032377,3.0,10.0,-0.0,61.836006501064944,54.9377025567325,6.0,13.0,4.0,63.44979990247954,70.40545341366513,5.0,11.0,3.0,69.8879868258617,87.43475267347632,4.0,14.0,3.0,57.678606001328646,1
S0682,92.18933898535299,2.0,0.0,1.0,40.49203592195859,84.94422126501891,4.0,7.0,1.0,56.50591036594583,81.28148823254458,0.0,11.0,1.0,53.502780683643266,63.8577333759179,6.0,17.0,2.0,64.42762010454511,79.26260272629742,5.0,11.0,2.0,73.87422475225482,48.05745888121324,5.0,20.0,5.0,67.80596802455113,1
S0683,62.74930513691889,4.0,12.0,3.0,36.10502193622863,68.56274341498684,3.0,7.0,3.0,61.3088717161868,63.79912649366521,6.0,8.0,4.0,67.14558918088863,61.867784179698674,3.0,14.0,4.0,58.21201493387933,47.3061785269089,6.0,6.0,4.0,23.755772908145047,53.10378965109453,2.0,13.0,5.0,71.11993549627735,1
S0684,88.95192127281074,5.0,11.0,3.0,67.62772233179601,100.0,10.0,11.0,-0.0,73.60143069780612,69.7781066545636,5.0,9.0,1.0,73.7560278113573,95.97675505842764,8.0,14.0,3.0,75.27118602841462,100.0,3.0,11.0,1.0,87.66311496065768,93.69739140732003,8.0,16.0,3.0,67.14079067598146,0
S0685,62.694765592727535,5.0,11.0,2.0,68.59880993597389,72.54066948733308,5.0,18.0,2.0,90.50169251055493,88.46977060814054,8.0,7.0,2.0,84.10021214364978,90.45906724824073,6.0,10.0,-0.0,63.22064012371565,96.9637256540318,4.0,11.0,0.0,75.88483221314607,74.22819091067296,9.0,17.0,2.0,73.8418905720861,0
S0686,90.47096889575147,8.0,20.0,2.0,48.683713935467395,69.15601360028936,7.0,14.0,0.0,50.604909454138905,99.60514666984041,7.0,10.0,1.0,59.134450775298,92.49213233404788,9.0,12.0,4.0,81.07355958652481,77.93594442206762,7.0,7.0,0.0,65.35204798015191,74.00801553074282,7.0,18.0,0.0,49.24128533935361,0
S0687,60.538464313814515,2.0,7.0,5.0,71.56275567065228,65.50657411532431,3.0,15.0,1.0,70.39546764032899,76.75295889975055,6.0,14.0,2.0,74.08458614032446,71.77259048010592,5.0,14.0,1.0,50.46480166819685,72.07974782847951,5.0,5.0,4.0,53.043503064911924,65.69483405591097,7.0,20.0,1.0,48.04546093333074,1
S0688,67.91350137167412,2.0,6.0,2.0,37.80776778669198,48.50254978032418,2.0,11.0,4.0,50.23167058063632,23.38287255952117,3.0,10.0,2.0,60.0301935678946,54.86068540470516,6.0,-0.0,4.0,37.971982800917054,57.22970275875469,1.0,8.0,4.0,53.46071925548947,54.09016124524116,2.0,2.0,2.0,55.916243169263545,0
S0689,68.31281035837574,6.0,12.0,-0.0,93.49462680125359,70.05442669150298,3.0,12.0,2.0,85.53678364636471,96.68799128255992,5.0,13.0,0.0,89.35438023395965,100.0,2.0,12.0,1.0,82.03327679213308,89.03806571134648,8.0,10.0,5.0,65.53592188223718,92.69231355156964,4.0,15.0,0.0,53.562202849156265,0
S0690,93.18680969945515,8.0,15.0,-0.0,97.736593638811,93.7311201312425,3.0,11.0,2.0,60.777787792526496,97.05050086303291,6.0,9.0,3.0,85.93176428795965,77.09898955211209,7.0,16.0,1.0,85.3577656904022,85.80872136758435,9.0,12.0,1.0,59.129686391877655,95.52536841726831,7.0,3.0,2.0,89.56590620586357,0
S0691,90.83930264255248,8.0,10.0,1.0,61.38367830445153,78.0950050164803,3.0,14.0,3.0,65.20073073938175,74.13048421271644,7.0,10.0,4.0,63.669880151391226,82.37361793390205,4.0,7.0,-0.0,73.34600116057072,79.68875320925126,6.0,5.0,2.0,54.95006061795305,77.60493450276493,5.0,15.0,4.0,72.18845747104618,1
S0692,75.3052181595599,4.0,6.0,0.0,76.6032319659836,78.5472047796908,6.0,16.0,2.0,69.02252104735143,95.76371660318419,6.0,15.0,-0.0,68.1423714311226,82.15812066229691,4.0,14.0,3.0,67.55688693965485,70.76351789388144,3.0,16.0,2.0,55.895347695653456,95.35889295246605,4.0,15.0,2.0,57.793472965844686,1
S0693,57.884338838535996,6.0,6.0,2.0,41.232202359422274,66.48385864779603,6.0,14.0,3.0,44.44536687011532,78.26299478818173,3.0,12.0,1.0,83.44189736487428,77.08332781987708,7.0,11.0,1.0,31.326943613763568,64.1488877433941,5.0,18.0,4.0,77.33142172043944,52.89019581307568,7.0,8.0,4.0,37.72916939476341,1
S0694,80.89727368620974,7.0,22.0,0.0,99.24924147689806,99.20269822489344,5.0,16.0,0.0,72.59199072493297,97.74346868942517,6.0,15.0,0.0,86.44981433484304,98.30370637420627,10.0,11.0,0.0,100.0,100.0,9.0,21.0,0.0,91.30044031997676,100.0,9.0,6.0,0.0,80.44761094842482,0
S0695,87.89679310718371,10.0,14.0,2.0,69.29235654108777,100.0,5.0,15.0,2.0,68.14129140308495,100.0,7.0,3.0,1.0,86.74512225289877,100.0,3.0,14.0,2.0,48.89568629812807,83.08825920811502,6.0,18.0,0.0,100.0,100.0,8.0,14.0,1.0,63.676570029387,0
S0696,83.62745246219664,4.0,16.0,1.0,60.602868837377514,81.38051118185946,4.0,16.0,2.0,77.64319914554446,74.59685659630254,5.0,11.0,0.0,70.48474544895807,100.0,8.0,11.0,3.0,84.02902284747881,57.284645255386174,9.0,16.0,2.0,81.0192325246313,100.0,5.0,15.0,0.0,58.78619550161327,1
S0697,88.91168318807094,11.0,16.0,0.0,87.15287028831968,91.25830935924799,8.0,16.0,0.0,80.60678898359855,100.0,8.0,15.0,-0.0,65.13719700193437,100.0,10.0,19.0,0.0,100.0,100.0,8.0,18.0,0.0,99.44827568137266,100.0,12.0,17.0,0.0,71.50821582282077,1
S0698,98.03624796380291,5.0,11.0,1.0,71.11591232601296,100.0,9.0,10.0,0.0,73.0153545612986,89.91599513479183,6.0,10.0,0.0,60.453637074404696,93.29152679974062,5.0,17.0,2.0,79.7289147148915,100.0,11.0,14.0,2.0,62.77391070628123,83.51947491279144,6.0,12.0,-0.0,74.41078301274919,0
S0699,86.6670726919294,11.0,21.0,2.0,72.5993295164067,89.07764979413133,6.0,11.0,3.0,50.75039819568927,81.36145944803982,6.0,12.0,0.0,82.83445354652703,85.64521432106098,5.0,16.0,2.0,81.22882378283776,100.0,8.0,10.0,1.0,74.09663605069439,100.0,9.0,10.0,0.0,87.4032122188634,0
S0700,71.30331969596435,7.0,12.0,0.0,83.30656518461733,100.0,6.0,11.0,1.0,64.8219476584161,87.05767761149473,6.0,16.0,5.0,79.82689033965977,100.0,3.0,13.0,1.0,75.32153983977732,75.60240152838168,6.0,15.0,2.0,71.02872484670029,77.09083754608731,5.0,12.0,2.0,60.05589528725055,0
S0701,63.10250632405173,2.0,8.0,2.0,45.87603478649711,63.04290752620748,7.0,12.0,3.0,71.20055413614746,84.68180198661379,5.0,9.0,2.0,62.59932881247961,56.65788065459347,3.0,11.0,5.0,59.64468383863715,67.55015386648208,6.0,12.0,4.0,47.948860135780855,74.89921003822688,4.0,6.0,2.0,63.09871047285773,1
S0702,97.55132163025311,5.0,17.0,0.0,94.74092850874129,94.44747732017922,7.0,18.0,2.0,80.32313107548819,98.86856962543438,10.0,16.0,4.0,86.49389953141606,94.07042178373932,5.0,8.0,1.0,100.0,91.2539796030133,9.0,11.0,1.0,63.94339214026095,98.42618902688267,7.0,16.0,-0.0,65.86220916907506,1
S0703,100.0,8.0,11.0,0.0,59.75730234315658,100.0,5.0,9.0,0.0,77.09123008433153,100.0,8.0,8.0,3.0,83.78577937598934,96.13236957990217,8.0,14.0,1.0,66.50382926451137,70.66392958806102,9.0,16.0,0.0,84.19020685602011,81.8101394758915,11.0,14.0,0.0,86.88057088484584,0
S0704,81.06618721536694,8.0,10.0,0.0,91.18556923663562,75.97046996692477,6.0,10.0,0.0,71.98068356233357,61.47542987078527,9.0,11.0,2.0,57.7162595234581,80.67605064720415,6.0,9.0,-0.0,55.00737235955189,70.75379201418102,5.0,9.0,1.0,74.72618258775978,58.357336985974875,5.0,5.0,0.0,57.558859156347225,1
S0705,77.88835038572338,4.0,10.0,3.0,43.27711507889279,61.144040949236725,2.0,8.0,3.0,45.912618247268306,53.62766255361973,2.0,2.0,-0.0,65.8284943262192,71.48104544095332,2.0,14.0,1.0,52.92324885001987,73.6392526681021,3.0,7.0,1.0,38.79102992785539,90.62987434664586,5.0,10.0,1.0,61.442144330457154,1
S0706,78.80460350062309,7.0,14.0,0.0,77.74540290563644,100.0,8.0,17.0,0.0,100.0,93.92957641436918,4.0,12.0,0.0,80.13409961416853,85.41296333692831,7.0,17.0,2.0,100.0,100.0,5.0,17.0,0.0,81.73196078135452,96.59307360373208,8.0,16.0,0.0,79.44142647799852,1
S0707,92.40476493186031,8.0,15.0,-0.0,70.24300325052221,98.5150267381031,8.0,12.0,3.0,100.0,90.80550323013345,7.0,10.0,-0.0,69.04793676992094,95.94099024207891,6.0,17.0,1.0,69.02947631351455,85.1444455430469,2.0,16.0,0.0,84.8479613934532,88.73136902039283,4.0,20.0,0.0,96.17822098485149,0
S0708,77.6238294138212,5.0,19.0,0.0,57.602309005727804,58.52864023945243,2.0,9.0,3.0,64.7220412371414,69.07900351800377,6.0,16.0,2.0,69.02978062779383,78.45785527950436,3.0,18.0,2.0,68.43868593232892,93.06016991915436,5.0,10.0,2.0,54.15063464527269,71.91187450617828,0.0,14.0,3.0,70.23691505232716,0
S0709,78.79885917105409,3.0,14.0,2.0,81.43436246628569,70.49566963738215,6.0,7.0,0.0,100.0,100.0,7.0,14.0,-0.0,71.32654348155225,100.0,3.0,11.0,4.0,85.20948073478908,73.78501412903559,5.0,11.0,3.0,60.5285679473931,57.282594749814834,4.0,9.0,-0.0,73.79946108590558,1
S0710,80.1031684336848,3.0,1.0,3.0,82.52272825410861,44.04050834281972,4.0,13.0,3.0,52.00259989141047,75.34799024024947,7.0,15.0,3.0,53.05514538048239,86.52753498320091,6.0,8.0,5.0,72.43092377185683,32.65151646118745,4.0,11.0,1.0,67.70572105380548,75.38244282972038,7.0,16.0,0.0,40.94671715427884,0
S0711,72.78491325401485,6.0,13.0,2.0,84.80381378733196,88.89475695749388,7.0,11.0,2.0,50.62135855698763,87.85906760403809,0.0,10.0,3.0,65.64634708807124,87.14070797526516,6.0,11.0,2.0,82.38950169983542,89.47584479274732,8.0,5.0,2.0,32.11324495095115,73.78333156915662,9.0,6.0,1.0,60.78299123748311,1
S0712,80.39954836432818,7.0,11.0,2.0,55.315374866318464,70.73977355338582,6.0,8.0,4.0,51.04863096178668,85.33642644239612,7.0,6.0,4.0,80.7733034166943,79.98840707073028,6.0,4.0,0.0,80.83517268852208,79.1664871871439,4.0,7.0,4.0,61.01254610620362,72.91139805970224,3.0,11.0,1.0,49.77779028814058,0
S0713,100.0,10.0,14.0,0.0,80.93035425407015,91.04005420274366,8.0,13.0,-0.0,75.27791742935653,93.24536065051657,8.0,10.0,-0.0,97.68321056538147,100.0,5.0,8.0,0.0,82.66602507609339,100.0,11.0,9.0,0.0,100.0,91.74937394206653,4.0,17.0,3.0,66.83990875123693,0
S0714,47.12701259030615,7.0,13.0,1.0,57.171756276525606,61.435601986248706,5.0,17.0,2.0,100.0,100.0,2.0,13.0,-0.0,70.75486445767025,69.28781238178767,6.0,15.0,0.0,61.72216193137837,88.89818962355096,4.0,12.0,2.0,31.771816113811717,39.59982537472405,9.0,18.0,2.0,68.33794035107701,0
S0715,98.60125860011614,6.0,12.0,1.0,56.22519576758584,70.74036192092281,8.0,8.0,1.0,66.17067235994813,72.23312252876629,7.0,20.0,2.0,70.90864035405356,80.92479723285348,3.0,7.0,1.0,72.16796461147848,85.01859081113182,4.0,17.0,4.0,81.62714827704178,88.19717084505254,5.0,20.0,0.0,73.47839524337063,1
S0716,58.80320938091239,9.0,14.0,-0.0,64.11069656083994,89.23929321433465,5.0,11.0,0.0,68.123727861785,87.30194108641598,7.0,16.0,3.0,60.09626541934753,71.28913423300071,5.0,10.0,0.0,75.41216078522923,90.6690179671861,5.0,17.0,0.0,87.78082350979734,95.64243412392861,6.0,20.0,1.0,84.07808507262297,0
S0717,91.80566911988207,6.0,18.0,-0.0,77.50875318090907,90.73035022478172,5.0,20.0,0.0,71.05635544460276,87.0843488071655,8.0,14.0,-0.0,100.0,100.0,8.0,15.0,0.0,100.0,94.94999689859287,9.0,13.0,0.0,63.501367869770206,100.0,10.0,15.0,-0.0,100.0,0
S0718,86.76093702307179,4.0,8.0,4.0,64.63698848146257,75.47079351819029,0.0,11.0,3.0,77.10281921585931,92.40866004910636,7.0,10.0,3.0,75.65129607040492,83.43484561851032,5.0,9.0,0.0,53.68531650593542,67.33194379192723,7.0,8.0,4.0,68.42935365397767,70.25572388145608,7.0,13.0,2.0,67.91219934276387,1
S0719,82.05303550136847,4.0,9.0,2.0,44.74411158565872,92.46209372397952,6.0,15.0,2.0,85.4717482985063,94.68550669502152,7.0,13.0,1.0,82.03684581204035,72.71327557757975,3.0,16.0,1.0,78.27349788489475,79.45578704111433,5.0,10.0,1.0,85.52940236754615,84.44755666418044,8.0,14.0,3.0,54.31961164500473,0
S0720,75.65085130848612,4.0,26.0,0.0,77.57385098034257,100.0,5.0,16.0,2.0,71.42610820752274,85.91526014549753,4.0,22.0,-0.0,46.376572777204345,100.0,5.0,14.0,0.0,57.21068442856031,69.91266601101155,5.0,22.0,2.0,61.750162027744324,93.31878408903725,3.0,11.0,0.0,81.05837518876432,0
S0721,69.9331235655566,6.0,9.0,2.0,90.18614111292666,82.41776394578554,6.0,12.0,1.0,42.70081174415314,71.8914518066993,5.0,17.0,2.0,69.53470647841446,73.23140839465921,5.0,9.0,1.0,70.82124687293309,66.88627294296433,9.0,12.0,2.0,59.06064862743247,84.349125312818,3.0,12.0,3.0,77.14307345116373,1
S0722,81.91466152500512,4.0,10.0,4.0,72.42656639354473,82.57662452632101,0.0,8.0,2.0,40.91950180057698,85.41047857638893,1.0,11.0,3.0,54.940009510039744,64.28217526095891,6.0,13.0,4.0,52.70035745046909,66.0307369916466,1.0,10.0,5.0,57.08531097548114,73.2988269886103,6.0,17.0,2.0,74.39045774051174,1
S0723,84.0300619325075,10.0,11.0,0.0,82.6148013823459,96.72844297533385,7.0,20.0,0.0,100.0,100.0,10.0,17.0,-0.0,100.0,100.0,7.0,20.0,0.0,100.0,78.59771253095917,10.0,9.0,-0.0,100.0,100.0,9.0,20.0,0.0,88.64869590874831,0
S0724,100.0,9.0,16.0,1.0,63.41016616907426,77.96366980923231,8.0,20.0,0.0,92.60969728272585,100.0,10.0,16.0,1.0,76.65195550939212,100.0,8.0,10.0,0.0,92.79092939413854,72.76894771270435,6.0,11.0,3.0,75.39072927040391,100.0,6.0,24.0,0.0,80.94384162600005,0
S0725,91.49052567234047,7.0,10.0,0.0,83.66648870946024,87.52413110032644,5.0,18.0,2.0,78.14532367676894,90.62995865146927,4.0,16.0,1.0,73.9849213886034,80.65337704387716,7.0,15.0,0.0,97.06684303105922,86.54036477930718,7.0,14.0,1.0,76.63959415640319,81.43957111499012,6.0,10.0,0.0,92.33341625737941,1
S0726,51.61828850076718,5.0,7.0,1.0,20.94421582989171,46.35437185158549,4.0,4.0,5.0,79.55187575691153,71.26545633527958,2.0,7.0,4.0,62.05999247816256,68.22199797046457,3.0,6.0,2.0,72.11418201087322,62.787061470416226,6.0,7.0,1.0,44.07969844401253,59.42757720490411,6.0,7.0,2.0,55.888378317712935,0
S0727,71.89416232025545,5.0,16.0,2.0,80.71628779316451,78.66762119391697,4.0,17.0,4.0,92.59069799016825,81.69427505081578,3.0,8.0,1.0,54.34403303156553,86.98959624539681,6.0,8.0,2.0,64.2458611677466,73.53127898751389,6.0,12.0,1.0,65.51793697041475,97.20702035692192,8.0,13.0,0.0,42.79641367056745,0
S0728,61.35281826170681,5.0,12.0,3.0,57.33660318502237,63.79406086082252,4.0,9.0,3.0,59.823673167929556,65.27017434243767,4.0,14.0,1.0,52.29023002765725,79.18115231908033,2.0,18.0,1.0,47.105421600354326,43.40062237868949,4.0,11.0,4.0,74.98032259807512,69.70427919494298,4.0,13.0,3.0,34.94662403087355,1
S0729,100.0,6.0,17.0,-0.0,100.0,70.69051346933351,8.0,11.0,-0.0,79.15560454381898,92.01204020468043,8.0,15.0,0.0,82.10818214791577,100.0,6.0,15.0,0.0,67.8221202965448,100.0,10.0,17.0,2.0,80.88416491443405,100.0,6.0,14.0,0.0,100.0,0
S0730,100.0,8.0,7.0,0.0,55.01784195463474,100.0,9.0,14.0,0.0,71.04670520313618,79.30325449639565,6.0,18.0,0.0,97.9341585995993,100.0,10.0,14.0,-0.0,83.43369041701298,75.48012661343974,8.0,7.0,-0.0,74.19093002843937,93.9409530891262,6.0,18.0,0.0,55.2031711029435,1
S0731,56.44411550953763,6.0,18.0,1.0,76.37590998568257,70.22330855878562,5.0,14.0,3.0,59.537416807981,82.20333100077711,6.0,18.0,1.0,74.84043915389975,69.21737642078872,8.0,11.0,2.0,65.73086842019224,65.65611627034825,12.0,7.0,5.0,63.06326907801343,72.340307079374,8.0,14.0,3.0,61.18089636270278,1
S0732,76.51587693747807,4.0,7.0,2.0,66.01013297524675,61.30755072437971,4.0,14.0,1.0,46.608707029443835,89.6939673158724,8.0,14.0,2.0,82.4729136557005,100.0,7.0,15.0,4.0,71.02822896158352,64.61776654211585,2.0,11.0,1.0,56.20849886733452,91.19396103885553,8.0,6.0,4.0,79.78089433256051,0
S0733,65.60564504436327,5.0,17.0,2.0,57.87790437074961,86.34193447858208,4.0,10.0,4.0,41.6472025447819,87.04580739375844,7.0,12.0,3.0,63.399047098372804,73.43008021442547,7.0,8.0,2.0,55.021067522647996,89.95224334908872,1.0,8.0,3.0,48.59112282021681,80.18494368122316,5.0,14.0,1.0,37.80811224776893,0
S0734,99.58650052172541,4.0,16.0,2.0,50.698901396314504,74.92100854974154,7.0,16.0,2.0,45.7594857446019,91.26291961826504,4.0,25.0,3.0,90.80780224224618,79.93820246442411,2.0,10.0,2.0,89.9980339476529,87.52142236469892,8.0,11.0,2.0,86.72456231996338,63.656262850034864,5.0,17.0,0.0,54.73486126965314,1
S0735,62.739229591482044,4.0,14.0,2.0,73.55903342941775,91.62241141328704,3.0,12.0,0.0,80.39928083232596,76.6018973709628,8.0,12.0,4.0,40.8420087924354,93.91192502476414,3.0,14.0,1.0,44.60098922297533,71.66150155521674,5.0,12.0,-0.0,88.14649726137057,79.02233703043507,7.0,13.0,3.0,47.764195313125,0
S0736,99.51143932226395,3.0,8.0,-0.0,75.88473253782492,71.0599580499072,5.0,9.0,4.0,44.559178030173015,98.08433780696761,8.0,7.0,-0.0,94.73015820856777,71.49388766352014,5.0,6.0,2.0,58.152296607834096,72.13681931482694,7.0,9.0,2.0,41.33764982658374,66.31994997355865,9.0,4.0,2.0,91.63457738295537,1
S0737,73.04502184586258,7.0,11.0,1.0,85.21411533667319,66.55378643691226,4.0,7.0,3.0,87.52179829103692,83.35226057282037,8.0,9.0,1.0,90.34695176167125,76.08789700845408,9.0,14.0,2.0,45.142826588318606,73.99967752899924,2.0,11.0,6.0,68.3721390325997,86.69838993510234,2.0,9.0,2.0,88.47648321340992,1
S0738,59.17969602204978,7.0,8.0,0.0,74.04262086060359,76.86088941233538,4.0,12.0,1.0,49.70462670376362,88.9854645184961,4.0,16.0,2.0,66.32254607407175,63.24889341066799,4.0,4.0,2.0,57.0042925250822,56.56425728392038,5.0,12.0,1.0,71.95498578142487,92.16598939678028,4.0,12.0,4.0,49.65151299788142,1
S0739,91.69130173019813,9.0,16.0,1.0,75.8841853385374,100.0,6.0,15.0,0.0,100.0,100.0,6.0,10.0,-0.0,95.85039686801487,100.0,9.0,15.0,1.0,100.0,100.0,9.0,16.0,1.0,67.23512809663178,100.0,10.0,12.0,0.0,92.31169554187738,0
S0740,97.10052801952801,12.0,16.0,0.0,76.41860938276335,100.0,5.0,11.0,1.0,85.3619247532919,100.0,6.0,14.0,0.0,89.94068745733465,100.0,9.0,11.0,0.0,86.4441309093195,98.5362160599294,7.0,20.0,0.0,83.8681135312219,100.0,9.0,21.0,1.0,94.78555947622873,0
S0741,55.68537980164735,4.0,2.0,3.0,38.82366595417152,69.50390696108147,5.0,13.0,5.0,36.05593123059825,74.83535410855227,2.0,14.0,2.0,55.04858894045822,68.45790884859487,5.0,6.0,2.0,59.40322872431988,75.61647080919423,5.0,1.0,1.0,49.90389840604068,63.44198884558034,3.0,13.0,3.0,54.05143978129361,1
S0742,70.0729462908832,10.0,14.0,3.0,76.74788990633323,74.87842463277369,6.0,7.0,4.0,74.09565364029721,77.42980617608843,4.0,8.0,2.0,47.570563812279914,73.97331005612507,4.0,15.0,2.0,65.42214905733395,73.16369411195853,1.0,7.0,1.0,82.73600371319506,70.79612412402406,4.0,10.0,3.0,33.347878170683245,0
S0743,78.49186660634459,6.0,14.0,1.0,67.31179021524325,100.0,3.0,21.0,2.0,97.83234898199852,78.63715176423361,9.0,14.0,1.0,77.52006196743145,92.08925087521527,4.0,18.0,-0.0,73.51180118269338,84.50351379433276,8.0,18.0,2.0,100.0,79.95015877447777,8.0,14.0,2.0,100.0,0
S0744,76.29379496714365,8.0,14.0,0.0,100.0,100.0,9.0,10.0,1.0,73.91364006171813,88.13451140345633,11.0,20.0,0.0,94.38142272393613,97.07499561110113,3.0,21.0,-0.0,91.95514136511369,76.2256512417359,11.0,13.0,0.0,73.70187868388477,100.0,6.0,17.0,0.0,61.17416120675128,0
S0745,76.35449931874271,5.0,10.0,2.0,74.36066036199692,78.79871960974923,8.0,11.0,2.0,62.366520057563676,64.51887721697987,4.0,9.0,5.0,72.8880256502159,81.14619495819117,8.0,6.0,1.0,70.52023231557652,76.34871410760648,3.0,8.0,4.0,46.58017823531145,93.24290133868062,6.0,12.0,3.0,69.97912278594742,1
S0746,50.126505153129585,5.0,11.0,5.0,63.31025807881015,54.01724013137061,5.0,7.0,3.0,46.010474624641,69.6635784479055,4.0,4.0,3.0,86.50406074017204,70.07356228747466,3.0,6.0,5.0,42.86028734096983,52.76710291747431,2.0,9.0,2.0,69.51329520121786,73.41509572324831,5.0,5.0,2.0,49.62524983973841,0
S0747,53.2005298364123,5.0,4.0,6.0,45.72789839981267,69.0165501345824,2.0,4.0,4.0,48.33668105324878,57.42665554268337,3.0,2.0,5.0,51.427898416892575,42.77845136403897,0.0,9.0,7.0,43.523639251935265,61.570076483942984,6.0,8.0,4.0,57.639320057486366,72.19105059942137,2.0,6.0,4.0,64.13691326586876,1
S0748,65.41149204364378,5.0,2.0,4.0,72.086445061017,76.42681109657785,3.0,9.0,3.0,64.34663234315745,58.292679167341184,4.0,13.0,1.0,41.993424420155065,78.27700656567113,6.0,14.0,1.0,67.80122286205989,71.6418643043242,2.0,9.0,3.0,80.25293329568234,68.4200372085477,3.0,11.0,5.0,74.68027774539325,1
S0749,75.63429079813287,10.0,14.0,2.0,71.50057628614172,80.72549343423414,6.0,20.0,-0.0,66.79780413824095,87.08118239482677,7.0,14.0,2.0,94.73751566298478,84.3813691922909,7.0,10.0,2.0,89.66785532505894,77.43294510388407,8.0,20.0,0.0,56.890122960005066,70.79338656801318,5.0,18.0,1.0,58.01377911344115,1
S0750,100.0,7.0,16.0,0.0,71.76232013528528,100.0,7.0,15.0,2.0,51.466826680376684,89.87700983683439,7.0,11.0,1.0,59.837946320211856,94.37084231703594,8.0,12.0,2.0,94.86895030746311,74.67768947132001,7.0,15.0,1.0,87.06088050260068,63.26539614935234,5.0,17.0,-0.0,65.86953011794678,0
S0751,82.55097459765766,6.0,11.0,3.0,77.62955409636825,64.340032196663,6.0,9.0,4.0,59.75317667203314,95.26091783254672,6.0,7.0,3.0,60.05401412621752,79.74382245844902,8.0,7.0,1.0,97.22230550936004,94.51550594000956,5.0,8.0,2.0,57.640857985023224,80.87071692841842,7.0,18.0,1.0,46.18336754607108,1
S0752,88.23636385068181,4.0,8.0,1.0,68.97703750975674,100.0,6.0,5.0,1.0,80.84190972860915,100.0,7.0,12.0,1.0,74.79705101776521,79.76783938099527,4.0,19.0,-0.0,77.789047222215,78.2477242035995,9.0,7.0,3.0,79.71693599694629,80.79405865773992,4.0,7.0,0.0,73.71986413276592,0
S0753,71.84896740690944,8.0,15.0,1.0,66.97399215494458,92.49846761940337,5.0,7.0,-0.0,75.22608546094533,97.84315104798776,8.0,19.0,3.0,83.9911302089733,100.0,5.0,12.0,3.0,72.36427529170693,100.0,9.0,16.0,0.0,77.6310083858675,97.39721833613484,7.0,13.0,4.0,88.10296098783103,0
S0754,51.61613023686078,3.0,2.0,3.0,55.910018347816255,62.87390598253862,4.0,5.0,4.0,42.928274705503256,50.304121584109026,4.0,4.0,2.0,27.276307026339406,64.66130068500472,2.0,8.0,5.0,46.61711084507059,58.28284315398195,3.0,4.0,3.0,74.12109553293139,57.62056024584327,2.0,16.0,4.0,41.32914607050385,0
S0755,64.9467791365047,2.0,4.0,3.0,49.25251680047878,57.222618202843314,4.0,6.0,2.0,37.11744434884798,69.32384010537139,2.0,5.0,5.0,39.69770467004801,77.91571517643483,5.0,8.0,4.0,48.55560852312149,64.98221991742423,0.0,17.0,4.0,56.4118277162795,66.04977071211081,2.0,5.0,6.0,46.72105695043526,1
S0756,57.20911752593421,2.0,6.0,3.0,63.48425332905498,49.098589530610326,4.0,9.0,1.0,48.09879399567909,68.81509956073596,6.0,5.0,3.0,35.90855870663023,74.24022165455825,-0.0,14.0,5.0,50.92919017914389,68.37401081345466,5.0,11.0,5.0,52.24359277681096,77.23646528683554,7.0,6.0,2.0,83.34936716052825,0
S0757,100.0,12.0,17.0,1.0,70.85446596113266,90.05403559431105,7.0,5.0,2.0,96.93377747023871,88.44785133052243,7.0,13.0,0.0,85.91248686460712,88.5580757541188,7.0,10.0,2.0,82.5698787865615,94.62821513410252,5.0,16.0,-0.0,79.13957168114516,72.60718113169924,6.0,13.0,1.0,90.31583094032624,0
S0758,58.162428401917566,4.0,9.0,3.0,42.522108491493825,76.21172631544343,8.0,10.0,2.0,43.4929251617977,61.45557397857219,4.0,11.0,5.0,76.01712514286761,78.79600974694316,6.0,15.0,2.0,65.46264570962526,84.10703542946769,4.0,11.0,1.0,58.0425483605474,81.0215839530097,3.0,18.0,4.0,78.31851291037339,1
S0759,71.52771586514096,2.0,9.0,1.0,85.89477138022085,82.6788148523542,3.0,15.0,2.0,71.6952592586142,68.59346902485899,5.0,19.0,5.0,44.49800328556979,49.996751584655414,6.0,5.0,1.0,45.17113094782605,86.6148254644684,5.0,15.0,2.0,45.44162718232622,68.08514645523299,3.0,8.0,1.0,30.215110598079978,0
S0760,70.09937845404872,4.0,19.0,-0.0,85.2271035086495,74.3555997524886,7.0,18.0,1.0,64.23331685060882,74.19850599846949,6.0,12.0,0.0,77.51378310062958,100.0,6.0,16.0,1.0,78.80892442680424,54.33270558788315,9.0,1.0,0.0,90.52303391849514,81.34294438246407,6.0,13.0,2.0,71.2352323267087,1
S0761,70.22552997510144,4.0,11.0,5.0,67.87633678722969,41.543203968065434,2.0,2.0,5.0,58.93069661326186,77.10283876850384,6.0,9.0,3.0,68.5342497501075,70.34624378784925,6.0,2.0,5.0,29.788096858520085,76.91965085788274,3.0,4.0,3.0,77.8854234460172,78.52040396045275,6.0,11.0,4.0,59.022561451774756,1
S0762,67.32503656626083,6.0,12.0,6.0,56.2169389761474,56.11098129353444,7.0,7.0,3.0,51.39330063718258,80.34322439342034,3.0,14.0,3.0,52.41929751262618,100.0,0.0,10.0,3.0,58.531541230455325,79.37659045160191,2.0,15.0,1.0,59.178040074821624,85.36004832077757,7.0,3.0,2.0,44.11849401459944,1
S0763,70.60911987580106,6.0,9.0,3.0,56.39540601270163,98.08407888581183,7.0,7.0,2.0,55.6749745122858,94.96675711579427,7.0,13.0,3.0,32.843751134807064,62.22770268448472,8.0,17.0,2.0,76.69027145974334,72.69054979169859,7.0,16.0,4.0,70.39818788423084,73.40967719658289,4.0,10.0,2.0,45.98528766643212,0
S0764,72.16046978156986,6.0,8.0,0.0,80.98352140882841,61.48359907764031,4.0,11.0,0.0,61.5508546438705,82.28608776906336,5.0,8.0,4.0,46.633352897551696,60.382286291536914,5.0,13.0,5.0,70.1344171414544,93.9446419646143,6.0,6.0,3.0,90.35094794926532,75.13574080299144,4.0,8.0,4.0,58.57283590427723,1
S0765,69.43864142328123,4.0,3.0,1.0,59.63846539403516,94.97588801084733,8.0,6.0,1.0,57.302748415450196,82.54283360672517,4.0,20.0,4.0,56.258479703255844,81.44129402394861,8.0,13.0,2.0,59.59445235630017,97.68449633228406,7.0,4.0,3.0,81.90863439136518,86.95424129626234,5.0,14.0,4.0,45.80414846845065,0
S0766,100.0,8.0,20.0,0.0,76.98032678827965,90.01068157784486,9.0,23.0,0.0,90.47616075365352,97.14495804118513,7.0,16.0,-0.0,100.0,100.0,5.0,12.0,1.0,100.0,100.0,11.0,17.0,0.0,81.53263158868083,81.60560850191601,8.0,23.0,2.0,74.65430798789194,0
S0767,83.94082864653296,4.0,14.0,4.0,93.37507468480479,78.49069723174945,4.0,12.0,2.0,73.56793545161743,67.83061236632334,3.0,13.0,5.0,65.50755317566734,83.9391054417272,2.0,9.0,2.0,61.00276019360795,72.95776029574071,9.0,14.0,0.0,65.93238815011601,67.66121948911979,4.0,10.0,1.0,60.70148650157736,0
S0768,87.05474420430237,5.0,13.0,0.0,72.89443204589703,95.22061066253922,5.0,13.0,1.0,100.0,80.47939024510266,3.0,15.0,2.0,59.466327924626995,89.14802598634614,10.0,19.0,4.0,45.53460602181532,72.20831397583319,4.0,14.0,3.0,49.51643732712306,82.76703081107735,9.0,12.0,0.0,81.59118903303843,1
S0769,90.91275053249673,5.0,14.0,-0.0,100.0,85.83591717506974,9.0,21.0,0.0,84.69306998747341,86.8801865808971,9.0,16.0,-0.0,82.86828934572738,87.34084460292355,5.0,17.0,1.0,87.13676521322229,100.0,4.0,15.0,0.0,91.64521538136192,78.08472160243088,7.0,25.0,0.0,70.90312577839504,0
S0770,73.0585455539309,1.0,11.0,4.0,31.604347057331733,82.20659881679958,5.0,8.0,4.0,24.41043662972804,31.969135372509268,7.0,14.0,3.0,33.04696641487361,44.47574765874867,3.0,12.0,3.0,26.282644030784223,78.21441989030015,5.0,1.0,1.0,68.5816670840082,58.23941601922799,4.0,5.0,4.0,44.92051025455744,1
S0771,60.15104032448709,5.0,2.0,5.0,57.964634950126,63.4897915470782,1.0,10.0,3.0,66.99231372288449,50.07746985936721,0.0,6.0,5.0,57.910807294031855,65.17885793006549,4.0,8.0,3.0,39.06976719296238,37.03715811169838,3.0,7.0,3.0,68.20593291780357,57.06486388463428,4.0,3.0,2.0,65.05074080408103,0
S0772,63.36820594283702,5.0,7.0,2.0,83.4029503860765,72.1787835523443,3.0,6.0,4.0,51.55360501413719,85.47509053313995,2.0,12.0,2.0,40.72049716723919,50.45746939316769,5.0,8.0,3.0,63.12629770792016,78.48411016154667,3.0,8.0,3.0,64.22235775177913,66.09385243548235,5.0,15.0,1.0,29.70816893534618,0
S0773,80.44893277324289,7.0,7.0,0.0,65.86437625666531,75.58136831835587,6.0,6.0,0.0,93.6148209125572,82.8158549700933,7.0,12.0,1.0,53.792533468773186,61.468576841720655,7.0,15.0,1.0,58.99585850886293,74.53426596636123,3.0,9.0,2.0,70.38071841568954,76.51005126530167,3.0,11.0,1.0,68.62987543920443,1
S0774,87.50216386517098,4.0,16.0,4.0,50.79768589872428,74.64776711372586,3.0,7.0,7.0,75.08669112554774,61.824837405379625,4.0,13.0,3.0,59.750637468519926,61.37554208790193,4.0,10.0,1.0,62.622281899014695,43.835089656547645,5.0,1.0,4.0,40.52437728119427,77.97530602241,4.0,10.0,2.0,59.94540077619892,1
S0775,65.78314051712547,7.0,15.0,3.0,51.53094134760387,100.0,10.0,21.0,1.0,60.80572482201982,85.84917287906018,7.0,11.0,2.0,92.38273975321283,85.83532283732052,3.0,11.0,2.0,51.66607754682632,85.90016887613956,6.0,14.0,2.0,72.35540178790163,86.74347134729727,10.0,21.0,3.0,73.7150702163328,0
S0776,89.00751267078869,2.0,3.0,2.0,81.12482999311567,77.79379870264584,6.0,14.0,2.0,76.07866620521867,55.52837564537194,5.0,10.0,1.0,96.74105307432477,100.0,7.0,6.0,1.0,77.9907475706912,89.08186979581076,5.0,15.0,2.0,57.128759340682564,76.91685464887247,8.0,6.0,3.0,58.9530605126446,1
S0777,71.31013114022454,9.0,8.0,1.0,68.1529205476502,100.0,7.0,16.0,1.0,70.6193416361494,96.6133576726309,6.0,17.0,0.0,64.37659662370623,100.0,8.0,18.0,0.0,55.26146282695485,88.21200118547257,4.0,11.0,2.0,86.28722568944075,88.0290368128674,7.0,14.0,-0.0,64.02663262884006,0
S0778,80.24037354925625,5.0,11.0,1.0,62.70276712355176,69.89394594996334,7.0,7.0,1.0,64.06775852481731,92.16300280828256,5.0,13.0,4.0,55.677598380997125,93.63170669606173,1.0,13.0,2.0,82.49092946643086,63.34484007127508,7.0,10.0,2.0,53.33596025502405,75.06239833158698,4.0,6.0,2.0,85.30329391527599,0
S0779,100.0,7.0,10.0,0.0,50.11310879865927,90.10490725955192,5.0,16.0,2.0,76.85992811671119,79.08236342225885,1.0,9.0,1.0,74.61359270627887,87.97969503784827,8.0,9.0,2.0,60.74115339803283,100.0,6.0,10.0,2.0,74.65956512119467,78.9774222724277,1.0,13.0,0.0,55.405204712747235,1
S0780,100.0,8.0,10.0,2.0,100.0,100.0,9.0,9.0,0.0,96.60852405299579,74.2652989701963,5.0,20.0,3.0,97.38957204466652,99.53141791250388,2.0,20.0,0.0,100.0,86.7055294494123,9.0,13.0,1.0,99.55024895387001,100.0,6.0,13.0,0.0,65.38810661682396,0
S0781,84.61066917246008,4.0,20.0,2.0,84.68036546832553,69.34018335779413,2.0,6.0,0.0,81.04485272257334,76.7958818126622,7.0,15.0,2.0,38.21479946393785,100.0,8.0,13.0,4.0,56.74479907263156,94.87683603900297,1.0,14.0,2.0,73.79209432180633,63.07284167696827,5.0,7.0,3.0,68.79478836799869,1
S0782,76.15163157678798,3.0,13.0,2.0,68.35510914958425,85.04274165807287,5.0,10.0,2.0,69.84715048534768,97.42816914222233,8.0,12.0,3.0,70.02001110325628,65.80275783571618,4.0,13.0,2.0,95.7440095826262,63.12042130017661,6.0,14.0,0.0,73.3957180031271,69.76172468524503,5.0,15.0,1.0,58.44958215000788,0
S0783,62.59939357277161,2.0,10.0,6.0,33.86630323533661,61.91521842111344,5.0,16.0,1.0,84.79232293469063,64.53038304968099,6.0,6.0,4.0,43.204386661659065,56.068063370178024,5.0,12.0,7.0,36.61713273717314,65.61888773875401,2.0,12.0,3.0,62.806764889162864,47.35171595056903,3.0,8.0,2.0,64.73564309824813,1
S0784,69.13889960151222,5.0,7.0,1.0,80.56056540426276,61.525347271030356,7.0,18.0,5.0,53.947581023486656,54.3439322488297,5.0,11.0,4.0,32.12156992844156,66.94149615136355,5.0,13.0,2.0,33.94258519480029,75.21373927825441,4.0,14.0,3.0,83.84255186840075,73.39491359227566,6.0,5.0,5.0,55.34541897988279,0
S0785,72.44238087481762,7.0,15.0,1.0,62.76250143042528,85.7701293803234,4.0,10.0,3.0,45.38473676529517,100.0,1.0,15.0,2.0,49.16519668919216,91.39678442629373,5.0,13.0,3.0,68.48899147475476,90.75509224810077,7.0,11.0,1.0,66.38356814967307,82.63018032958031,3.0,7.0,-0.0,84.41217517140888,1
S0786,75.78483220648965,2.0,10.0,2.0,50.03925913054392,80.61881414549029,3.0,9.0,3.0,45.70633676905863,63.417637397246494,4.0,5.0,2.0,57.56328446701592,66.31801849995503,6.0,11.0,1.0,82.78797344933344,95.57914031099702,6.0,23.0,1.0,72.80643502401601,70.38647807026025,6.0,12.0,4.0,71.79497227020192,1
S0787,83.8942377683711,3.0,11.0,1.0,42.8882240443424,80.24262047316722,7.0,5.0,0.0,88.19398444067082,77.79856886149526,8.0,13.0,3.0,68.38128649871238,89.47481913177303,5.0,20.0,1.0,78.62891539575836,70.15010730122901,5.0,18.0,0.0,88.71513232521843,90.26707584630515,5.0,5.0,6.0,62.1229289441777,1
S0788,75.02544901038334,4.0,15.0,2.0,60.98562800144263,83.0091242040468,5.0,13.0,0.0,68.95599897010021,70.98342182492458,9.0,15.0,5.0,84.1425798916535,89.98785181398385,7.0,10.0,4.0,86.3107376162493,88.88135109537234,6.0,10.0,0.0,79.39918383754654,86.66793620610602,4.0,13.0,1.0,85.62537418893844,0
S0789,84.23131732305495,6.0,8.0,0.0,58.45933825846372,92.42657606418771,6.0,15.0,2.0,81.05107694664017,80.67467499230794,10.0,5.0,-0.0,83.78514558503178,100.0,11.0,17.0,0.0,90.17155474422474,75.90789055356916,4.0,15.0,-0.0,50.79099003751997,100.0,10.0,20.0,2.0,69.712553490394,0
S0790,67.33864940257013,3.0,19.0,-0.0,60.79102706474974,78.84917519872029,7.0,15.0,8.0,61.915184457128575,77.43575726485435,5.0,13.0,3.0,82.77607089641643,92.00424721581739,3.0,12.0,0.0,58.02676833068993,65.52659124800475,4.0,4.0,2.0,59.491859131139506,96.10302288860723,7.0,15.0,0.0,65.02851486643002,0
S0791,94.8957811362444,4.0,14.0,1.0,85.88270483829315,91.48508996335742,5.0,17.0,2.0,69.12314785633647,97.04088274133058,4.0,16.0,1.0,75.83512326838681,100.0,0.0,15.0,-0.0,86.19081909771896,81.66706584444805,9.0,14.0,0.0,85.97557197283123,62.634542191890176,5.0,11.0,0.0,82.86921016133708,0
S0792,100.0,5.0,20.0,0.0,75.2475530935782,87.62650037978923,3.0,14.0,2.0,69.48381333594133,100.0,7.0,17.0,1.0,70.6339121321135,93.9629573729061,6.0,20.0,0.0,81.80283072216604,99.06539819942897,6.0,21.0,2.0,74.90073821039024,100.0,8.0,16.0,0.0,83.67590300648104,1
S0793,79.15648537081533,5.0,7.0,3.0,67.86748920411661,100.0,2.0,13.0,3.0,69.48389324114589,70.9425419755876,5.0,14.0,2.0,60.31528250033662,81.53845495387586,4.0,10.0,1.0,52.95154337163575,94.8989738817179,7.0,22.0,0.0,83.0527473235388,58.89583437121422,2.0,6.0,3.0,53.456169965618734,0
S0794,89.2781346534784,3.0,7.0,3.0,53.960668167216404,60.38408979515062,5.0,8.0,1.0,62.72403455514824,64.77436609051531,8.0,10.0,0.0,73.82459626523661,67.6574973139795,4.0,14.0,1.0,66.5983106248172,98.40343581874131,7.0,11.0,3.0,90.09828959163511,78.68904023634998,4.0,12.0,2.0,42.5784506656029,1
S0795,100.0,8.0,11.0,0.0,86.77944204278002,94.23694969823535,4.0,18.0,1.0,91.9571504029284,100.0,8.0,12.0,0.0,100.0,88.87624250183805,6.0,17.0,-0.0,85.07851387006299,95.7950866761418,10.0,17.0,0.0,77.60364278850679,98.7790305635201,10.0,15.0,0.0,85.60606606510684,0
S0796,88.05366226083548,8.0,13.0,2.0,96.11945788415557,76.8806257575231,5.0,10.0,-0.0,73.97898376939604,88.64509395959665,6.0,5.0,3.0,67.15660079273742,100.0,7.0,10.0,0.0,89.0507415894155,85.41594451556037,6.0,15.0,5.0,54.77180898911708,80.98696599590987,6.0,8.0,0.0,59.04719123064254,1
S0797,74.6933338627516,2.0,10.0,2.0,53.164181048624215,95.1332057269953,1.0,12.0,1.0,52.08068387014022,73.13180078174226,4.0,14.0,1.0,45.035372467638226,60.10185930681594,1.0,15.0,4.0,50.83470264246607,80.76335033858678,3.0,18.0,3.0,52.98643325015604,54.59182875091401,5.0,12.0,2.0,58.45802673833752,0
S0798,69.25005863912197,4.0,8.0,2.0,62.78977473771201,54.106923072410474,7.0,11.0,1.0,36.985533856797765,72.85741662702127,5.0,12.0,4.0,62.10697684385809,76.84428379557512,5.0,13.0,-0.0,49.54511585542334,77.933131133848,4.0,6.0,0.0,51.542921084883204,80.71437730878166,6.0,2.0,2.0,51.514130037420195,1
S0799,64.34593279070661,6.0,6.0,3.0,35.824250386589476,75.42686230409569,8.0,10.0,4.0,36.100437227156604,68.56499737213821,5.0,14.0,3.0,64.4333650649387,75.88830832235217,5.0,8.0,2.0,47.96069060581489,67.08231380538862,5.0,20.0,4.0,79.24686760144488,53.229854999932286,5.0,5.0,1.0,47.69568192667444,1
S0800,100.0,5.0,7.0,1.0,88.8923536448216,84.15268350464241,3.0,15.0,1.0,100.0,81.94976497875452,4.0,9.0,1.0,84.86893513572906,94.4717254561312,6.0,16.0,1.0,94.16674650598047,80.88521517954659,1.0,11.0,4.0,53.11618607505327,88.5783580605551,5.0,8.0,0.0,63.85668149024774,1
S0801,85.87208684941857,5.0,14.0,3.0,69.7695604744634,94.89872626375524,7.0,8.0,1.0,97.14488150161785,88.31568506417781,4.0,17.0,2.0,66.94777305825706,70.19709082447172,8.0,11.0,2.0,67.45284333903741,88.3733275473148,9.0,9.0,0.0,86.84447615353942,72.11281394360601,8.0,12.0,1.0,75.42251110913251,0
S0802,85.93015456749343,9.0,13.0,2.0,93.54445937227162,100.0,5.0,10.0,0.0,97.5995442100576,100.0,10.0,8.0,1.0,69.48782671386098,100.0,9.0,14.0,1.0,96.99272352781068,89.82019974682902,6.0,13.0,1.0,98.26671943844124,91.70641450685002,4.0,20.0,0.0,88.56712256007124,0
S0803,83.41746392914735,4.0,8.0,3.0,62.82942681187175,92.39929836471111,4.0,10.0,0.0,55.10945565467989,100.0,2.0,8.0,3.0,75.14019371805048,76.31296197076371,5.0,10.0,4.0,50.11452595023542,72.51242092583308,5.0,8.0,3.0,76.02303697178948,97.862041306612,4.0,14.0,2.0,70.47859605525717,0
S0804,80.85017260552327,7.0,17.0,2.0,72.76931076663965,72.0164377037418,9.0,5.0,1.0,64.34033592903205,79.18375744246953,8.0,12.0,3.0,58.50312966222084,69.42901020043436,4.0,14.0,1.0,71.29993316705591,74.79201774184291,5.0,13.0,2.0,70.31757345102896,100.0,5.0,12.0,0.0,93.52912343779718,0
S0805,50.981859201020356,5.0,9.0,3.0,64.52086286490335,69.76756716627217,3.0,8.0,2.0,43.71160979058495,66.96049079668796,0.0,12.0,3.0,48.83111032644188,63.629547631219594,5.0,7.0,2.0,58.8018204647759,61.36958879344598,4.0,3.0,0.0,52.85573225596391,46.4147314767129,5.0,9.0,4.0,57.10679230748756,0
S0806,83.37236290100195,3.0,15.0,1.0,50.666038743401124,47.13099946041135,3.0,8.0,1.0,38.631054164256696,72.17056023451791,3.0,16.0,0.0,74.55816167854258,81.14147329072912,5.0,13.0,3.0,74.26736191215366,54.675211921420996,1.0,10.0,2.0,82.8858763426418,59.445765012037185,3.0,10.0,3.0,47.579169367972014,1
S0807,82.3241803176329,7.0,10.0,1.0,84.60897666597764,84.24363132410603,4.0,18.0,1.0,61.0794572800519,74.7594536100434,8.0,11.0,1.0,50.1282080773753,91.02940142974377,7.0,15.0,3.0,84.55959010957822,92.20547861841516,6.0,15.0,0.0,65.88870734811263,75.18257954691528,2.0,18.0,1.0,66.9941546170918,0
S0808,82.35509152488092,8.0,16.0,0.0,69.8162706927053,85.75839153348653,9.0,15.0,0.0,99.0086482766228,100.0,7.0,11.0,0.0,100.0,92.95118317140354,4.0,13.0,1.0,81.58851940101415,100.0,8.0,21.0,2.0,93.71803923322398,100.0,3.0,7.0,0.0,88.39858450365233,0
S0809,99.77558193936636,8.0,12.0,1.0,82.08214505049457,82.87358345559367,0.0,17.0,2.0,82.96150110704455,90.00428947609343,3.0,9.0,2.0,62.6141701865994,70.64088299828852,6.0,20.0,2.0,63.672002958048495,100.0,2.0,15.0,1.0,68.96877315526832,82.69025298090533,6.0,16.0,3.0,85.23902510029708,0
S0810,87.11856371623807,4.0,5.0,2.0,60.36481393356332,58.985994479283896,4.0,13.0,3.0,52.247016029186454,73.76481436057195,6.0,9.0,3.0,77.96188569110473,65.58792169414455,3.0,9.0,2.0,88.57715099932167,82.44467310031584,3.0,17.0,1.0,40.04384488892933,90.50642589177389,4.0,9.0,-0.0,84.60826889751043,1
S0811,69.04841179590848,6.0,18.0,3.0,74.91464373474288,88.68138313991234,6.0,10.0,0.0,65.6134077516894,94.24771752779318,6.0,21.0,3.0,68.4976371869388,92.05927761837938,7.0,7.0,1.0,61.103568130511796,77.61939391481216,8.0,10.0,0.0,66.2458345023694,85.8194013092733,4.0,14.0,1.0,55.782772337455995,1
S0812,100.0,6.0,13.0,-0.0,67.3110390478169,67.59801084194692,5.0,14.0,0.0,84.2666654878887,87.78471240899887,6.0,16.0,2.0,77.57801306898646,71.82392608100149,8.0,17.0,1.0,42.03080823253512,79.23961062852969,8.0,15.0,1.0,71.5909674657854,71.96628515285278,4.0,15.0,0.0,91.70837662534588,0
S0813,87.12383545572543,7.0,14.0,1.0,66.17081549619336,80.59768231683015,7.0,14.0,5.0,57.47755231767829,66.77758737363861,4.0,16.0,3.0,61.79214085363634,76.6004131763994,5.0,3.0,5.0,39.45123545918798,78.18665984352548,6.0,3.0,2.0,63.463619756233925,54.90064179871131,5.0,14.0,2.0,64.82686227046557,1
S0814,87.42118176801615,4.0,10.0,3.0,57.993865590421365,72.42546803924611,9.0,18.0,0.0,74.15378484176433,90.96278850059223,6.0,12.0,0.0,85.03165054256775,100.0,5.0,19.0,1.0,50.428718526516164,92.57803711602386,5.0,13.0,-0.0,63.79523626588502,78.18643416128029,9.0,19.0,1.0,60.06226463787678,0
S0815,100.0,8.0,13.0,2.0,77.74645862289685,78.3130344993485,3.0,13.0,1.0,79.9065250961611,90.95263696177103,5.0,13.0,1.0,69.4181266009798,93.22345698142027,8.0,14.0,0.0,82.62039847005296,84.372199670697,8.0,15.0,1.0,83.04144576357807,100.0,7.0,8.0,1.0,71.427769651003,1
S0816,80.48559222861786,6.0,8.0,1.0,65.5041013463998,92.03080405320412,9.0,5.0,2.0,70.35849938278344,89.29903657598967,10.0,14.0,-0.0,56.86422105113419,86.28100927060221,5.0,6.0,1.0,95.88801807998891,59.33092920021441,3.0,13.0,1.0,75.20472440976827,79.66537794325414,8.0,15.0,3.0,81.83604409237934,0
S0817,86.08492148017287,3.0,18.0,1.0,64.45777604427744,93.0769337323847,3.0,6.0,3.0,75.57796178895605,95.60048178231943,6.0,11.0,1.0,97.40671136347193,72.4894951190253,9.0,9.0,2.0,43.46047639676412,75.95379463072389,6.0,7.0,0.0,67.73846106808213,97.07440589825006,5.0,13.0,2.0,78.42178357372208,1
S0818,71.39125032897427,8.0,13.0,2.0,64.78856458075234,92.70528937328464,8.0,10.0,2.0,56.40719567726134,77.204135753693,4.0,10.0,4.0,65.97031386840817,63.38723184716879,9.0,5.0,0.0,54.60318774591271,77.93115191098077,3.0,10.0,3.0,61.159938854028546,60.295940980920705,6.0,10.0,3.0,48.590347374654925,1
S0819,85.97696102031159,10.0,13.0,2.0,67.1440224378295,97.31148133864212,5.0,2.0,1.0,57.554315546215356,72.52971251166429,4.0,9.0,3.0,55.8082219172052,87.34462019308326,7.0,13.0,2.0,66.51432089851369,86.27815966645987,5.0,10.0,3.0,50.55832409478634,73.0920927616737,8.0,20.0,1.0,48.40435205161371,0
S0820,100.0,9.0,20.0,1.0,70.76529126520417,84.85965452633013,6.0,22.0,0.0,63.52319208962699,93.75464401270092,11.0,13.0,1.0,58.53027775214916,89.94549514526902,7.0,9.0,2.0,100.0,75.10383387146706,5.0,13.0,1.0,82.95536269443251,100.0,7.0,17.0,1.0,62.142154969960814,0
S0821,87.46981404119607,9.0,18.0,5.0,71.00979117843875,100.0,5.0,15.0,1.0,50.953698929622306,90.85335891854342,3.0,13.0,1.0,98.93050367315784,100.0,10.0,15.0,0.0,61.78128597052234,88.87465376997957,8.0,16.0,0.0,92.10328277142355,72.19964886067555,6.0,11.0,2.0,62.57087701082605,0
S0822,56.70461741450768,4.0,12.0,3.0,39.544503428306484,48.1983857867721,4.0,6.0,3.0,52.015748217172174,71.18950619409951,4.0,6.0,2.0,45.89527533046186,66.70205251241315,4.0,8.0,3.0,61.89342811560638,67.23788802401118,4.0,8.0,3.0,72.92287045233336,63.416844964925005,3.0,13.0,3.0,54.70652570626142,1
S0823,96.34203289007004,4.0,9.0,1.0,100.0,100.0,7.0,10.0,0.0,91.04842973156356,97.59982113771058,7.0,16.0,1.0,100.0,100.0,6.0,13.0,3.0,76.11954564955569,87.76395669654931,6.0,15.0,1.0,71.23270742309946,82.22568123694094,8.0,14.0,0.0,63.85425891605924,0
S0824,100.0,5.0,14.0,0.0,100.0,98.96314636347617,6.0,21.0,1.0,69.84259097155004,100.0,5.0,18.0,1.0,94.75050540948565,98.41536115491566,7.0,19.0,-0.0,100.0,96.64013230766255,10.0,15.0,0.0,100.0,100.0,10.0,15.0,0.0,83.16997658262235,0
S0825,86.47860486085722,8.0,12.0,0.0,90.44176901126683,90.91669497399582,7.0,12.0,1.0,90.44007695016471,100.0,6.0,15.0,0.0,88.61884433665944,100.0,7.0,19.0,0.0,88.64201555929101,92.0444117891322,6.0,20.0,1.0,81.54805191995715,100.0,9.0,14.0,2.0,100.0,0
S0826,64.01804237176641,4.0,15.0,3.0,84.11848151890703,88.65342899530995,4.0,8.0,-0.0,78.69373752160084,72.78816785853732,6.0,9.0,0.0,70.08671390682528,70.95004263660701,5.0,17.0,0.0,72.68854335826789,81.76946622804063,5.0,16.0,0.0,53.485744755657606,87.88041561247024,5.0,13.0,3.0,90.35821524660213,1
S0827,88.44175048735754,4.0,13.0,2.0,39.98129254610012,92.59932824367085,3.0,9.0,1.0,41.97655445617417,100.0,4.0,12.0,2.0,98.71414036954673,94.04487006946947,6.0,9.0,1.0,68.87042464937832,93.58173389461368,4.0,11.0,2.0,48.62497887102121,90.11281037124755,2.0,9.0,1.0,89.39745332991573,1
S0828,52.07105962905606,6.0,7.0,0.0,33.36859222457513,93.87694004943486,4.0,13.0,1.0,65.38797315234416,91.65056397152144,6.0,10.0,0.0,38.485048582359155,88.57986813616776,3.0,12.0,0.0,63.37049660654053,96.06713328356796,7.0,24.0,1.0,54.10835972967028,78.56162177120953,6.0,13.0,1.0,44.047455791114146,1
S0829,71.1088382053216,5.0,9.0,4.0,50.268026846216294,70.82223054852398,2.0,12.0,1.0,78.90504451713221,54.314087043746355,7.0,10.0,4.0,58.85888298382005,57.10963364081455,3.0,7.0,3.0,69.1562874353438,53.55614771516478,5.0,6.0,4.0,60.53059914109446,78.68269254479361,4.0,13.0,4.0,79.29021251202084,1
S0830,100.0,6.0,12.0,1.0,75.42844632059985,100.0,8.0,23.0,0.0,100.0,100.0,9.0,22.0,0.0,91.01549382560857,100.0,9.0,19.0,0.0,78.50195858537833,100.0,12.0,22.0,0.0,91.12384658428223,100.0,9.0,18.0,1.0,96.01210686741038,0
S0831,93.34368666381985,4.0,11.0,0.0,60.72818391341515,83.56712640965976,6.0,15.0,1.0,37.854261168819725,86.11692959764652,2.0,6.0,0.0,61.05735386452888,94.10674466326725,6.0,8.0,4.0,36.013187649938686,49.722609753445525,5.0,7.0,1.0,55.192551034654116,83.15336859849256,5.0,19.0,2.0,65.13223694671048,0
S0832,58.90256127031418,6.0,2.0,5.0,55.26481095029285,68.06934868636698,4.0,9.0,3.0,61.60237045572681,59.83175051392418,2.0,17.0,4.0,54.47598391195092,79.84468904463014,3.0,7.0,2.0,50.28289323863489,64.53439151241474,0.0,12.0,1.0,40.52208713749247,39.17274041900707,7.0,9.0,4.0,66.79026252272892,1
S0833,100.0,5.0,17.0,0.0,92.16361062568569,100.0,11.0,19.0,0.0,68.80949252972053,75.66385984288839,6.0,14.0,1.0,75.55024955597136,77.43284074262111,7.0,13.0,-0.0,90.69569973819186,99.97736345538254,6.0,17.0,0.0,64.07216325436012,83.44931414233832,6.0,20.0,2.0,89.12623550957167,0
S0834,81.41490553483536,8.0,14.0,2.0,55.862369338045966,88.22586516301742,2.0,10.0,1.0,81.47636213919759,72.9091043305021,5.0,14.0,1.0,74.43189445853524,80.58623590490238,4.0,14.0,1.0,63.66718858510288,100.0,9.0,9.0,1.0,59.33990185312992,100.0,3.0,17.0,1.0,45.636572553396405,1
S0835,91.64678893134855,6.0,21.0,1.0,81.12374877852722,99.99521698359119,7.0,6.0,2.0,65.86777443987538,95.98692642166145,7.0,11.0,4.0,75.19883470211545,100.0,5.0,14.0,1.0,78.13978679281051,67.24432244162094,6.0,13.0,0.0,89.74443057823018,95.61366633028068,4.0,20.0,1.0,66.95439237797748,0
S0836,100.0,8.0,17.0,0.0,77.14491616490653,71.91131282824767,7.0,11.0,2.0,76.20100623900777,69.98240883603236,7.0,19.0,1.0,58.5536459661902,89.83167289851615,7.0,16.0,1.0,59.853711961221094,77.18108744308532,3.0,21.0,-0.0,100.0,97.17396914520845,5.0,22.0,1.0,71.81850115032698,0
S0837,80.03821345935847,8.0,11.0,2.0,76.12775038929358,83.6136003542168,8.0,9.0,1.0,63.737021290349105,67.39674719310118,9.0,12.0,0.0,76.6017445795827,87.78995222984453,7.0,12.0,0.0,86.13990639434857,85.71852367776097,7.0,9.0,2.0,97.37486382770187,73.70213087806114,8.0,6.0,0.0,52.63888965259805,0
S0838,78.2563204934513,5.0,12.0,5.0,46.44833985260456,49.29150395332342,5.0,6.0,0.0,53.769355281494036,71.93967884267757,4.0,7.0,4.0,63.74990948694909,78.62084487939137,4.0,7.0,3.0,62.85188201961628,45.27700148177497,5.0,10.0,3.0,63.344364157876115,51.167136407670256,1.0,10.0,6.0,67.68534335435105,1
S0839,49.86437204435948,5.0,2.0,4.0,68.99002520319448,64.70917078089589,3.0,4.0,5.0,41.68421081037064,58.31815596747532,1.0,6.0,3.0,42.03721460001163,45.80280609405621,1.0,9.0,3.0,49.902329712779746,62.25529237985293,2.0,9.0,4.0,42.73426878045569,56.61642459876812,1.0,8.0,3.0,69.77114775536356,1
S0840,89.23044558614217,4.0,9.0,2.0,69.91027117238531,100.0,6.0,11.0,1.0,68.22985686863878,76.54596680018406,8.0,12.0,3.0,97.50993734553846,74.41896150628884,5.0,9.0,2.0,73.72160928088343,91.57136201628721,5.0,13.0,0.0,62.010003433118335,82.88978965990934,7.0,13.0,1.0,71.21152379807857,0
S0841,72.11601431874506,5.0,9.0,3.0,73.78794898840806,54.955320261927206,2.0,10.0,4.0,32.49092774300581,54.30755187742043,6.0,9.0,4.0,67.64740229865262,57.159948646691134,6.0,10.0,5.0,29.43934417322458,44.06888495785412,1.0,1.0,3.0,59.53535543994675,82.01794389065333,5.0,6.0,6.0,53.12969709228136,1
S0842,89.52910865465314,4.0,3.0,0.0,56.57879407860263,82.7356831167357,7.0,19.0,4.0,74.51346956594963,63.15889299903729,6.0,13.0,2.0,79.45956741855015,96.06414219143211,7.0,11.0,2.0,48.759728697253315,81.59968319375079,6.0,15.0,2.0,64.19522039854577,91.83593181648317,2.0,10.0,0.0,67.48628043622227,1
S0843,85.70673722711304,4.0,8.0,4.0,60.86267249236694,71.38723928534777,0.0,1.0,2.0,52.91708265400414,67.72283987174745,3.0,8.0,1.0,62.10858014938139,74.94658288531568,3.0,9.0,4.0,48.75520980016248,46.562867486107486,3.0,8.0,3.0,56.229921376074316,62.01653316145193,-0.0,4.0,4.0,51.85123703505901,1
S0844,73.86501333846049,6.0,8.0,4.0,68.09762776868752,57.81360996499012,7.0,7.0,0.0,46.30153605907681,72.54776248597908,7.0,9.0,1.0,69.35434383307336,91.66348155243358,4.0,13.0,3.0,76.12527384669089,97.93139557344807,3.0,17.0,2.0,95.95911829635101,81.81483879342754,4.0,13.0,0.0,84.58053409391962,1
S0845,64.00857289730936,6.0,12.0,3.0,62.10102790620387,73.89303812776215,5.0,9.0,0.0,80.59025498236554,73.32933769848597,5.0,9.0,2.0,82.66863120582045,78.88844452944318,4.0,18.0,3.0,74.59072313271635,81.43811702301473,5.0,13.0,1.0,69.72502183931668,87.65605304256204,7.0,15.0,2.0,41.97244200154557,0
S0846,66.04775949898739,6.0,7.0,0.0,73.1976700401173,81.95396871220302,4.0,14.0,3.0,61.8772238384087,81.34120243997496,1.0,9.0,0.0,86.33581984244108,91.53461765308514,5.0,13.0,2.0,59.26419503597589,68.69901245332443,4.0,11.0,1.0,96.23517558822198,60.15423041482828,5.0,9.0,0.0,71.15070124434365,1
S0847,54.95792032553835,-0.0,7.0,3.0,32.023034497670395,11.868672819069813,1.0,4.0,5.0,38.47613675362739,43.15307910150651,2.0,7.0,5.0,47.52379938569193,45.20086675689738,2.0,5.0,8.0,46.646760194404635,30.574912963357257,4.0,6.0,3.0,20.435215773159456,21.97641060535145,-0.0,4.0,4.0,36.377414950871525,1
S0848,78.61093388793986,2.0,10.0,1.0,22.21962953134951,60.51415675980766,4.0,7.0,1.0,70.19100765996072,63.38001896109529,6.0,13.0,3.0,51.503177466179,79.5714748251762,6.0,7.0,1.0,79.37822563534213,75.7056549990703,6.0,6.0,4.0,65.75105795005285,79.55651564735302,6.0,7.0,2.0,49.49854016908006,1
S0849,91.0069897452351,8.0,19.0,0.0,32.19249157507433,100.0,9.0,16.0,0.0,79.66803669255441,65.10664873277896,9.0,17.0,1.0,74.51710516350222,100.0,7.0,17.0,0.0,73.8313014662154,100.0,6.0,20.0,0.0,79.46495658735526,88.64406179572761,7.0,10.0,1.0,68.02570966972858,0
S0850,57.865538837680006,5.0,10.0,3.0,76.1239315412181,82.97698623237426,11.0,14.0,2.0,74.62286551569402,74.95013357737935,3.0,10.0,0.0,66.34140175890667,91.70286423709332,3.0,9.0,3.0,62.6453159898063,60.48297651654326,4.0,8.0,3.0,44.53288349874734,53.595626689993566,4.0,9.0,4.0,83.96320808365144,1
S0851,95.18256542787648,8.0,10.0,2.0,88.84194378115916,90.07197663636896,8.0,13.0,0.0,67.51218805996767,86.12807351922858,6.0,14.0,1.0,83.34675402748944,85.30426289294584,5.0,7.0,1.0,68.70836754616566,79.10442191506482,8.0,11.0,4.0,82.84150300878412,58.84158773396836,3.0,14.0,0.0,53.033314246922416,0
S0852,72.69079468010682,6.0,12.0,0.0,99.32027507659534,97.57362369123143,5.0,10.0,2.0,87.37951323619063,80.37860251971283,7.0,12.0,0.0,71.81282082540237,83.0359293605563,10.0,12.0,0.0,71.12921350345293,76.76156360341503,6.0,18.0,3.0,94.32884175226218,96.11365357398653,5.0,18.0,1.0,70.53770046008694,0
S0853,85.91278002970957,2.0,5.0,4.0,58.668590925128406,74.18663585424433,6.0,11.0,2.0,60.63493105038138,58.756595775584614,4.0,3.0,3.0,50.978666741579886,87.54628939464716,3.0,11.0,2.0,61.287886922495474,89.07129589381253,6.0,11.0,3.0,89.75136384231419,63.74672307876334,8.0,5.0,2.0,81.7268013315159,1
S0854,100.0,7.0,14.0,2.0,49.59225689431799,87.92279742382509,7.0,11.0,1.0,74.79601206538214,81.01120827835962,6.0,11.0,2.0,89.86804194557811,98.12028947870748,3.0,9.0,2.0,91.53484416904257,57.15437290690635,8.0,11.0,2.0,73.44720212337222,84.46118673660668,5.0,12.0,1.0,49.90732772979349,1
S0855,83.33307869922874,4.0,14.0,1.0,59.34006705776792,74.74782043428276,3.0,10.0,1.0,70.8650492740526,83.90132606667936,5.0,10.0,1.0,50.20176485161653,72.41517103168634,2.0,11.0,2.0,78.02811013631964,92.76278361397284,4.0,13.0,2.0,38.61274534668337,73.77054462508728,3.0,16.0,2.0,58.827926510255466,1
S0856,88.8434601873747,6.0,22.0,1.0,68.02009099640546,82.83591475454689,3.0,10.0,2.0,85.23037233568044,82.21926913537344,6.0,8.0,1.0,54.681503202486226,68.5857577771106,5.0,12.0,0.0,79.41272985401761,75.71978549811627,9.0,14.0,0.0,74.53800436527105,79.43529488219417,5.0,7.0,0.0,68.45247916347142,0
S0857,72.3832683805935,4.0,9.0,0.0,50.53563359395413,70.30914097035036,5.0,15.0,2.0,74.73394196377576,97.15437185324606,7.0,9.0,2.0,46.05437940092587,92.92599920133357,7.0,11.0,2.0,58.28176860643068,75.83820416894532,8.0,11.0,1.0,75.02160287485816,69.19057692194883,5.0,16.0,-0.0,70.41141278802208,1
S0858,55.60281527516056,8.0,10.0,1.0,86.83038714727263,92.0871752583901,7.0,12.0,2.0,57.54910430130066,84.9826691594627,7.0,12.0,3.0,50.54062955089797,57.62464664505786,4.0,16.0,2.0,51.17588894255458,71.63775933159621,5.0,15.0,3.0,60.45773705910331,74.40725483575422,7.0,9.0,2.0,62.62596828644259,1
S0859,96.0740039033969,6.0,14.0,0.0,100.0,100.0,5.0,20.0,-0.0,78.39193071105629,100.0,7.0,12.0,-0.0,100.0,82.99301911725975,11.0,11.0,0.0,92.82316550043875,100.0,7.0,11.0,-0.0,90.38133918312238,100.0,9.0,19.0,0.0,74.83457977862096,0
S0860,61.55295775211013,4.0,11.0,2.0,68.03020312412715,90.82665425366,3.0,16.0,2.0,60.637715247577006,82.7270457184539,4.0,8.0,4.0,79.26593190508952,71.44815926759061,5.0,19.0,1.0,78.7467077095514,64.31011558601786,5.0,12.0,3.0,54.56630477022018,69.35895840394844,3.0,10.0,3.0,67.59790836554916,0
S0861,75.43815870115313,7.0,16.0,1.0,77.66810174452826,87.50490847799895,8.0,16.0,0.0,67.17877402319354,92.58616095882626,6.0,20.0,2.0,76.78355671579062,92.83149020688316,9.0,14.0,2.0,100.0,100.0,6.0,17.0,2.0,75.94845568783833,86.80833088886922,9.0,16.0,0.0,76.41175513379254,0
S0862,100.0,5.0,15.0,0.0,64.29345365695205,86.02000201877247,7.0,13.0,0.0,67.69230053702525,97.60760354542538,6.0,9.0,2.0,89.37139289338903,83.94586449582714,6.0,17.0,0.0,48.08607070587428,100.0,6.0,18.0,-0.0,96.66780914997085,100.0,9.0,22.0,1.0,91.21157615436962,1
S0863,85.91687389875477,6.0,16.0,1.0,90.23418698477155,97.56620761144745,8.0,16.0,1.0,38.791377868414244,97.39888925017777,2.0,11.0,3.0,68.437048351852,84.10489574297165,4.0,13.0,1.0,100.0,69.24161520512457,7.0,3.0,2.0,88.03044480140974,88.73268246801403,5.0,12.0,1.0,81.51582944923342,0
S0864,85.63245993090881,9.0,9.0,2.0,68.2284853187421,87.20309539463796,3.0,14.0,5.0,45.470511357253514,69.49951442585478,5.0,7.0,4.0,50.47251440351408,83.07385002717876,6.0,5.0,4.0,72.99800724232306,87.48581254994947,3.0,11.0,0.0,49.37026505977592,65.42632639700479,5.0,16.0,2.0,46.35283632375512,0
S0865,85.92029942794011,5.0,17.0,2.0,70.88676006797424,93.17157990857879,11.0,24.0,0.0,100.0,89.1082835869546,7.0,11.0,0.0,100.0,82.66391308164374,7.0,9.0,0.0,87.66008674401591,83.75064148749766,6.0,9.0,4.0,67.77654826368439,87.28166170808227,8.0,15.0,0.0,89.39887886591545,1
S0866,70.78419657633106,5.0,12.0,2.0,66.42611866476378,64.85506454631053,1.0,11.0,2.0,50.49867792850337,86.33516959744755,4.0,9.0,3.0,78.93604093429992,96.06021971566656,4.0,8.0,1.0,35.33046389178239,71.87825144638941,4.0,15.0,2.0,37.451318537510296,64.57349584765095,7.0,7.0,2.0,56.12487277837743,1
S0867,100.0,2.0,15.0,0.0,73.22179025786048,100.0,3.0,18.0,0.0,100.0,99.67181352817867,7.0,11.0,2.0,86.383623338325,100.0,8.0,19.0,0.0,78.1050699490039,100.0,5.0,13.0,1.0,100.0,94.92854254157604,4.0,14.0,-0.0,92.9747029186174,0
S0868,86.08833581215556,6.0,12.0,1.0,74.12568991143105,73.05304452055492,6.0,14.0,1.0,77.71360190390371,81.2477454120728,7.0,15.0,3.0,60.08697857423382,98.81824967475956,7.0,7.0,-0.0,83.58930832428652,76.7879712211184,7.0,18.0,0.0,84.26035076057326,100.0,6.0,12.0,3.0,78.98365199760782,0
S0869,94.8019427405598,6.0,23.0,-0.0,53.65420543749077,95.64236375721138,4.0,13.0,2.0,73.15212904642455,67.15969829977297,9.0,19.0,-0.0,70.6996600689531,69.75905962023113,3.0,10.0,1.0,57.40227272727152,97.95220876221805,6.0,8.0,0.0,45.83469375046149,90.74122316841994,6.0,8.0,0.0,99.8058929871116,0
S0870,80.16040839959254,4.0,9.0,2.0,83.68509335292747,98.65910036900725,5.0,11.0,1.0,47.457401067896114,54.468296667408225,5.0,15.0,2.0,58.771914983513824,63.734358224326186,5.0,13.0,3.0,28.029513523847776,86.39796212116038,8.0,14.0,1.0,67.56238602896093,100.0,4.0,14.0,0.0,68.55342974786768,0
S0871,74.8266581800958,7.0,13.0,1.0,63.74960257762819,98.1050393957758,5.0,13.0,1.0,65.2767216915923,100.0,3.0,15.0,2.0,66.57750852652619,83.25324419666748,4.0,13.0,2.0,69.90843208577309,75.0041551954698,5.0,11.0,-0.0,61.242930143425234,79.56762722570184,4.0,14.0,3.0,59.56493948417744,0
S0872,76.20385245863665,6.0,11.0,1.0,94.30214154511161,100.0,6.0,16.0,2.0,100.0,95.98896430086873,7.0,9.0,3.0,82.41785394062633,100.0,6.0,16.0,-0.0,77.38197221195601,95.89566525620488,6.0,25.0,0.0,67.49578427747032,89.08932033969225,9.0,17.0,2.0,70.89740330698689,0
S0873,50.299901799575956,4.0,18.0,2.0,57.94126673565505,57.048631952528034,3.0,15.0,5.0,82.56408764167206,66.22401287894635,8.0,9.0,0.0,55.98141631209265,60.71366120031291,5.0,6.0,0.0,80.93589245571346,75.41383362778417,3.0,15.0,4.0,75.26505566394728,71.79670095525579,6.0,16.0,4.0,46.23785671109542,1
S0874,78.16823113552148,5.0,15.0,1.0,65.4631803936773,83.27493551967055,6.0,13.0,4.0,71.20931745441911,84.7004566178764,3.0,14.0,0.0,47.00819777595498,81.82749370633368,4.0,5.0,0.0,65.1311176542684,65.806734203062,5.0,16.0,2.0,81.55739211128532,81.0185321452974,10.0,16.0,1.0,78.68340384308206,1
S0875,100.0,4.0,13.0,0.0,69.9470185370317,100.0,7.0,14.0,0.0,70.83810541044888,90.63931912679082,9.0,20.0,0.0,100.0,86.7902538500752,4.0,18.0,0.0,85.70539942996417,93.93072266299478,8.0,24.0,0.0,90.69178506866287,100.0,7.0,14.0,0.0,71.49959000668535,0
S0876,88.11094540386185,6.0,18.0,0.0,98.22251202622431,92.72116675905991,10.0,15.0,0.0,74.18559957048217,98.77009051561215,10.0,23.0,-0.0,90.91128885960921,93.7210346537915,8.0,22.0,0.0,97.35339948288595,89.40147722485841,10.0,17.0,0.0,78.60278022269328,89.64089759157343,8.0,15.0,0.0,98.77650929819507,0
S0877,81.72181384180682,7.0,13.0,0.0,55.86143357296983,81.0253333472998,5.0,7.0,2.0,56.18690712179867,70.04422750630684,1.0,16.0,5.0,74.5154809320151,83.25284804792093,3.0,11.0,3.0,82.59247902764385,77.2160869643581,6.0,12.0,3.0,59.25772051956037,77.3375899246075,6.0,15.0,1.0,64.99423023984544,1
S0878,85.07567125153592,2.0,10.0,2.0,63.39975995307434,100.0,4.0,19.0,1.0,88.10384216094134,66.67135748087584,7.0,16.0,1.0,64.29594177281373,77.31930593529675,7.0,8.0,1.0,60.28719512063134,98.9710640484685,10.0,12.0,0.0,70.82464768769015,73.73788717282162,8.0,14.0,2.0,45.52451923644701,0
S0879,57.26552517660842,4.0,15.0,2.0,69.04886174090184,90.143228314204,2.0,10.0,0.0,91.87828724126896,57.07780189926591,7.0,23.0,2.0,47.166045521137335,66.27133441128485,7.0,11.0,2.0,82.25718376982462,88.50995486883832,7.0,14.0,2.0,62.63429213215164,93.49308585504498,8.0,12.0,1.0,89.8700028362329,0
S0880,71.32631110807839,5.0,14.0,3.0,69.97696313695317,100.0,5.0,16.0,3.0,71.02232425484837,62.335918315086396,5.0,12.0,2.0,67.11361713273247,65.17279473445737,1.0,14.0,3.0,60.97555098828756,63.51673809182916,4.0,1.0,3.0,68.19832420766308,57.19978352403426,6.0,9.0,1.0,21.018353764511488,1
S0881,84.40600849021364,9.0,12.0,1.0,41.85904444184956,70.32440916664495,3.0,13.0,2.0,61.501275507574036,90.97429493263753,4.0,10.0,2.0,61.21929347908158,55.686744571817144,4.0,11.0,2.0,65.97570405707029,74.63842952043618,3.0,12.0,-0.0,73.55753695146896,79.40167798283956,3.0,9.0,2.0,64.59977855064291,1
S0882,76.22055904441763,6.0,10.0,5.0,55.29222178468477,59.298784862778845,2.0,11.0,2.0,80.20545085477077,58.93327075714833,3.0,11.0,3.0,68.45698523159109,76.09485993024379,5.0,16.0,5.0,67.91428030082001,72.77935262270036,5.0,11.0,3.0,37.05410541624658,51.35781684211917,3.0,12.0,3.0,61.7989257382457,0
S0883,80.37805491329601,6.0,16.0,-0.0,90.24427207018758,100.0,8.0,14.0,0.0,65.41101943706622,99.8408592517277,6.0,11.0,1.0,91.79613503644197,100.0,4.0,18.0,0.0,90.94295782346758,100.0,5.0,14.0,1.0,68.49646903057992,97.40900997280399,7.0,7.0,-0.0,46.82637690325976,0
S0884,96.79306412790557,10.0,15.0,0.0,74.42298344567331,80.1411439826503,3.0,11.0,0.0,80.44524251541307,100.0,6.0,15.0,0.0,90.43012864493913,100.0,9.0,15.0,-0.0,84.1761246186741,85.48248306689254,8.0,8.0,3.0,79.24801447754572,88.10482867217081,9.0,5.0,0.0,85.8972684827311,0
S0885,100.0,5.0,15.0,0.0,75.78699401988733,91.26534657095077,10.0,11.0,0.0,85.41476257251965,93.42551865925071,6.0,7.0,0.0,92.76905128171391,81.9164528623783,9.0,7.0,-0.0,63.80546400040903,77.57738055159047,9.0,14.0,1.0,100.0,70.22502764158068,4.0,17.0,2.0,69.556207600659,0
S0886,88.14679216903501,7.0,9.0,0.0,67.3845180401111,77.6341581228293,5.0,18.0,1.0,53.031624827843345,74.43911011329138,4.0,9.0,3.0,90.36215463298531,89.69333214803441,5.0,9.0,3.0,38.927267399019414,76.54580181585123,7.0,5.0,1.0,76.94550302841446,88.12868333609624,3.0,9.0,3.0,61.63157108468812,1
S0887,67.1621493907219,1.0,16.0,5.0,53.78708015787756,80.33745251552017,4.0,10.0,2.0,46.64772711405725,69.10185388122107,6.0,9.0,4.0,61.00845056703333,75.5869228450194,2.0,7.0,1.0,52.91914237839322,73.53393488726603,2.0,16.0,2.0,55.500349855361264,36.10893252173195,5.0,11.0,1.0,74.35267482138758,0
S0888,81.1290180607431,8.0,9.0,3.0,57.886177348968644,93.71594943693758,4.0,17.0,1.0,62.32106827376866,80.94528942234525,4.0,17.0,3.0,87.70241587373279,85.6322667003746,1.0,10.0,3.0,85.91138240433179,87.962891660233,8.0,12.0,4.0,77.94571628200408,84.3676999958259,3.0,19.0,0.0,74.3114760831315,0
S0889,100.0,8.0,19.0,-0.0,92.50815271025988,100.0,10.0,23.0,2.0,100.0,100.0,5.0,22.0,0.0,99.93104647529674,100.0,10.0,18.0,-0.0,99.31276262116494,97.30256851925738,9.0,9.0,0.0,91.59594429358339,100.0,7.0,13.0,-0.0,88.10911250210744,0
S0890,100.0,6.0,14.0,0.0,98.95695300618631,95.51475095389412,8.0,14.0,0.0,100.0,100.0,10.0,12.0,0.0,58.439433026412914,91.7545358602825,12.0,17.0,2.0,88.42839072942428,100.0,6.0,15.0,1.0,100.0,100.0,10.0,9.0,0.0,82.65349435567256,0
S0891,93.5046516284708,6.0,21.0,3.0,61.613903966220846,100.0,5.0,16.0,3.0,77.93746265127196,100.0,6.0,22.0,2.0,74.16708327033218,92.26934595790082,10.0,7.0,1.0,76.23199543742935,88.37761747203388,6.0,17.0,0.0,82.40291134748448,69.84152237971898,6.0,13.0,1.0,100.0,1
S0892,95.68786583567376,7.0,10.0,0.0,68.33454242215069,100.0,7.0,13.0,2.0,69.82222865635312,61.51625894516455,5.0,14.0,-0.0,61.429327778299175,100.0,6.0,16.0,0.0,77.90471468355575,88.85954104327156,7.0,14.0,3.0,91.4804922963179,79.94273151331332,6.0,10.0,0.0,79.24187397197484,0
S0893,88.07476065725581,5.0,10.0,1.0,52.74104773745618,94.38766008687696,3.0,8.0,3.0,63.68611122264112,80.44795379348062,6.0,14.0,0.0,75.32395290240831,98.94655428720014,4.0,13.0,2.0,58.1666097951924,76.94866607913599,5.0,9.0,3.0,53.109144718880344,97.49611123149451,9.0,13.0,0.0,59.711207768590874,0
S0894,91.40077505137921,7.0,8.0,4.0,80.79353607705566,82.37167413777193,2.0,11.0,4.0,67.63863715849544,80.82551731258378,6.0,5.0,1.0,56.54004653979992,77.30108256366097,7.0,13.0,3.0,78.53701423850478,93.25370362758446,6.0,9.0,2.0,56.327521208915044,93.39049608272036,3.0,14.0,4.0,60.77774770185107,1
S0895,86.56432003453932,5.0,14.0,2.0,69.82444841249416,69.45485398714098,4.0,15.0,0.0,63.41435878810942,90.18590516411744,5.0,10.0,0.0,79.59699576864918,90.69266718033923,6.0,16.0,0.0,82.96575372613455,90.69137234965982,9.0,12.0,1.0,74.9614620211207,98.79813188926101,3.0,14.0,1.0,54.456462532394916,1
S0896,79.87352887760277,5.0,4.0,6.0,45.603809024083844,62.40748689221669,5.0,8.0,1.0,56.14818050159284,48.929489831597955,5.0,14.0,3.0,71.24099726852026,56.04010368976143,5.0,7.0,-0.0,52.53288677776002,72.63322543394935,6.0,8.0,2.0,64.41576053592979,99.19624065414962,7.0,10.0,3.0,51.18266195410055,1
S0897,99.88606360689472,7.0,12.0,1.0,76.05189145881816,86.4716675551274,6.0,12.0,2.0,80.54543257886861,67.71486643806747,4.0,14.0,2.0,91.61015370109591,96.99699649135746,7.0,19.0,0.0,80.87827988593662,74.01633248275125,7.0,8.0,0.0,100.0,81.33187579372846,7.0,18.0,0.0,97.27068275116555,0
S0898,81.83117799153321,6.0,5.0,-0.0,59.77277658621909,84.67029467102537,9.0,13.0,1.0,70.94879839569028,100.0,6.0,14.0,0.0,99.29284145609518,80.31521184224663,7.0,13.0,1.0,52.59148709357535,100.0,7.0,14.0,1.0,51.314726695171274,93.95408047547761,8.0,17.0,3.0,74.29450776103911,0
S0899,55.03464051382597,4.0,12.0,1.0,48.74230717434969,76.13943506195274,3.0,19.0,2.0,60.55701173819802,69.22293725295758,0.0,12.0,3.0,39.74690743780289,83.815435811607,7.0,17.0,4.0,65.73191543839404,84.21520475199834,4.0,6.0,2.0,62.74819108170196,70.58199507306283,4.0,10.0,5.0,44.493064460420214,0
S0900,100.0,8.0,13.0,0.0,62.914551281336266,100.0,9.0,8.0,0.0,80.76005790824892,80.24318670774852,10.0,10.0,0.0,66.57042021000574,100.0,10.0,12.0,0.0,81.49266704607786,100.0,6.0,19.0,0.0,82.26551285095489,73.19069770911707,7.0,18.0,0.0,89.38940476301424,0
S0901,80.79329601002712,6.0,5.0,2.0,49.16817362099637,92.27939424991078,5.0,13.0,1.0,59.65719486063403,63.669701548804454,5.0,11.0,0.0,100.0,69.67324205355443,4.0,17.0,2.0,81.7323436429867,76.55774353376182,2.0,15.0,0.0,67.43282352068562,74.63335628124878,4.0,5.0,2.0,58.60699041659071,0
S0902,60.29808423305761,9.0,16.0,3.0,85.97719433873462,78.56592238139201,3.0,11.0,4.0,60.79419788451038,84.75761069875765,7.0,17.0,5.0,81.10780024077096,100.0,4.0,8.0,1.0,64.19346956214649,78.37358101273145,6.0,8.0,2.0,91.24011686077647,54.93954111534081,6.0,16.0,4.0,74.83420889002261,1
S0903,75.05603342247531,8.0,7.0,2.0,59.210768261225326,68.72250805310952,6.0,10.0,-0.0,80.14517734029695,72.95129515153789,7.0,17.0,-0.0,72.61669649383984,88.30949324249558,1.0,23.0,4.0,81.63572808651492,79.83675280813428,7.0,9.0,2.0,81.74228349992022,75.37192509683534,7.0,12.0,1.0,66.08084215108424,1
S0904,73.79145432979605,5.0,12.0,3.0,58.64439064562808,80.17737453618706,3.0,7.0,4.0,27.32693452283718,66.6284705275667,5.0,8.0,1.0,52.56576407287391,54.3334552222147,3.0,5.0,7.0,46.64082377195236,90.2769381530884,3.0,7.0,4.0,29.66103842705429,44.911065405042976,4.0,4.0,4.0,72.35102349001446,1
S0905,85.48815992464719,12.0,11.0,0.0,62.51385457356428,87.85563061670553,5.0,16.0,2.0,96.26199247896487,76.29955354528386,6.0,20.0,1.0,73.42603239361831,78.09880789742893,4.0,18.0,1.0,42.216664448895756,80.73492668317542,5.0,13.0,0.0,95.69470671482343,92.11056751534008,8.0,12.0,0.0,61.473030433407274,0
S0906,53.19198309240562,4.0,14.0,4.0,58.03049073544429,38.21871501700688,3.0,10.0,1.0,49.29443077960118,37.6063185956269,4.0,2.0,4.0,20.32456648926334,86.51618741841584,4.0,6.0,5.0,44.239509803415956,43.50178200315418,3.0,8.0,4.0,68.47910063651088,47.99440469770294,4.0,12.0,3.0,31.084747083266727,1
S0907,100.0,7.0,15.0,3.0,55.889166479242576,92.62890736342553,6.0,13.0,0.0,78.79456055609221,100.0,4.0,9.0,2.0,59.441707027552106,89.19561015794628,5.0,15.0,3.0,73.00891606386912,78.40067195056677,8.0,14.0,1.0,73.93735843306516,61.05724953522555,4.0,9.0,2.0,83.38071997077988,0
S0908,83.47973513806679,9.0,11.0,1.0,81.31935543836687,100.0,7.0,19.0,0.0,90.92125341378653,100.0,5.0,22.0,3.0,79.20429812663706,88.05334662068245,7.0,15.0,0.0,82.88188950134139,88.04965694894804,9.0,17.0,1.0,58.12145097940795,100.0,7.0,16.0,0.0,52.72038362235975,1
S0909,71.65304431599891,3.0,8.0,2.0,68.04072252821703,51.719983749840885,5.0,17.0,2.0,57.38797594962375,76.42587427419953,5.0,14.0,0.0,57.27876593360634,77.58935727654206,7.0,7.0,3.0,69.62411126388044,94.74904664672796,5.0,18.0,0.0,65.17813853090084,71.98586634790468,5.0,15.0,1.0,64.89374368054438,1
S0910,96.37533490408566,6.0,17.0,0.0,100.0,83.5440414979116,4.0,18.0,-0.0,65.96143221667829,86.78235654332714,6.0,13.0,0.0,70.57054813549587,97.80800653601389,8.0,3.0,0.0,71.67209317006974,75.96678842010974,11.0,15.0,2.0,85.32464383392846,86.65347185430252,8.0,14.0,0.0,89.9710509050286,0
S0911,94.95477351059509,5.0,13.0,2.0,84.3435125098573,88.54386619025593,7.0,11.0,1.0,61.065788492981426,100.0,9.0,13.0,3.0,100.0,88.96466622339211,6.0,24.0,0.0,70.98537241770467,81.93382414955589,12.0,8.0,3.0,89.46927266579291,76.53622716290702,7.0,10.0,2.0,44.7960099928756,0
S0912,83.58875011191837,6.0,10.0,0.0,55.72901079923526,86.04676463553301,3.0,13.0,-0.0,60.570714582244854,83.93099424617431,6.0,8.0,3.0,60.50652441791548,80.58342345511963,8.0,11.0,4.0,48.26085317571763,78.31891167069597,4.0,5.0,2.0,39.243397922360586,89.42154794362295,5.0,11.0,-0.0,64.93467007016399,1
S0913,86.82345355967598,4.0,16.0,3.0,72.03486460460594,69.29963800935856,3.0,13.0,6.0,72.23304479521315,88.85035340447773,3.0,12.0,3.0,66.33785922923299,95.97192778469993,6.0,0.0,2.0,34.491699796370604,89.50811128046622,4.0,17.0,3.0,51.67671544615142,77.13482503088078,7.0,5.0,4.0,41.50089931012536,1
S0914,91.22678815097504,7.0,10.0,5.0,100.0,78.4581418791096,6.0,10.0,1.0,66.04900864945104,81.03953257292645,6.0,14.0,-0.0,77.61718499259469,74.10819672804473,5.0,15.0,2.0,72.7312509552241,95.80143238196258,8.0,15.0,2.0,89.5939067627218,79.48678312895461,3.0,11.0,-0.0,48.393856476712465,0
S0915,77.0111506717505,6.0,10.0,0.0,35.31104328275586,79.46457440065298,6.0,4.0,3.0,66.63699151203225,70.94654188664454,4.0,10.0,4.0,66.37838153025916,77.67410733765652,3.0,13.0,5.0,47.69310539456238,88.96675161187619,2.0,11.0,1.0,79.15065953902173,46.1701167822731,3.0,5.0,4.0,43.202772766318475,0
S0916,66.15690354998654,6.0,13.0,2.0,44.63017382382648,63.24754618199763,4.0,1.0,2.0,23.274025355731872,73.29380165372592,4.0,5.0,4.0,49.74296369760723,67.19264340558196,6.0,7.0,0.0,71.54262052578417,71.81692947122141,6.0,11.0,2.0,62.452306477072604,97.39502508933303,3.0,9.0,4.0,53.85742769770401,1
S0917,66.95306031664437,3.0,12.0,3.0,50.32041660678098,72.30533648438816,3.0,9.0,2.0,48.2390416067136,58.799851366037714,4.0,10.0,3.0,71.09471990690864,59.012136525099216,4.0,6.0,-0.0,23.089210825511053,62.15724691686743,4.0,9.0,3.0,69.7161534250509,87.95308967686367,4.0,4.0,2.0,43.754724867214875,1
S0918,77.46686268226067,3.0,10.0,1.0,56.86663074875547,62.43826466192197,4.0,12.0,5.0,79.04578907530465,74.23006721357338,5.0,9.0,1.0,68.91573663923708,87.84254253509636,3.0,11.0,4.0,66.78012911676288,84.8431308596834,6.0,13.0,5.0,69.07980372283126,91.49367669565078,6.0,11.0,1.0,78.20480040617294,0
S0919,69.58346179688574,6.0,8.0,5.0,49.707119102524764,50.37428793622053,5.0,4.0,0.0,51.97211483268191,59.198960088458314,1.0,5.0,3.0,36.34541164699768,48.26517655084079,6.0,14.0,5.0,84.06653458737827,48.99635297680034,3.0,8.0,1.0,67.84889949273838,56.56422384465142,4.0,14.0,2.0,55.51912164436939,1
S0920,100.0,9.0,9.0,0.0,68.54873256143517,100.0,3.0,20.0,-0.0,75.19997337341425,100.0,4.0,21.0,2.0,85.30292829052578,73.09158240993544,10.0,17.0,-0.0,84.2481342384955,80.57016241678315,6.0,20.0,2.0,88.83969613159502,94.67741620872329,5.0,21.0,0.0,79.96259884730442,0
S0921,92.15872021825106,3.0,8.0,1.0,90.8344502359848,88.12721095871964,8.0,13.0,0.0,61.983260376358274,68.84024206870612,5.0,21.0,-0.0,68.76898899687956,86.99136821205889,8.0,19.0,2.0,71.14059221673604,95.61213516988906,2.0,11.0,1.0,77.89834509133966,88.30495682480316,7.0,8.0,0.0,52.84041113321223,1
S0922,92.06766185435988,6.0,15.0,2.0,56.75353218456159,100.0,3.0,19.0,-0.0,34.27773668027927,97.60069805052238,8.0,22.0,0.0,73.61573618860555,88.67890094108293,10.0,18.0,2.0,82.63890734283514,92.46385973124431,10.0,10.0,0.0,59.565152255870586,78.81081422718813,7.0,11.0,1.0,79.80757981166242,1
S0923,70.97900370830621,6.0,11.0,2.0,64.0047620540111,73.89739951654137,3.0,13.0,1.0,52.64251380295919,83.61707394851362,5.0,14.0,1.0,73.93789661984927,63.25434852183919,9.0,11.0,3.0,73.87101378960627,90.65656126493266,7.0,5.0,3.0,76.9176631123421,66.81572494147392,2.0,15.0,1.0,95.6323264568644,0
S0924,89.09799650791663,8.0,14.0,6.0,88.35612047661714,78.34467778140717,5.0,9.0,0.0,88.51587140714352,85.04623906907625,9.0,12.0,0.0,82.60064484047646,66.55931145694372,10.0,7.0,0.0,67.99538948011832,76.45747215499046,8.0,12.0,4.0,56.18155232157412,100.0,6.0,16.0,1.0,63.873661228382275,1
S0925,83.49152284269813,8.0,17.0,2.0,69.23899041945538,99.75636291193798,10.0,14.0,1.0,61.50513968295007,88.42194200927206,6.0,12.0,1.0,76.89472157889313,100.0,6.0,11.0,3.0,55.5454314788231,97.6451419107403,6.0,17.0,2.0,79.75580334322554,81.16605193815654,6.0,10.0,3.0,61.46385329756685,0
S0926,63.614255275513834,4.0,3.0,4.0,35.466732861320736,42.62057114982182,6.0,11.0,-0.0,42.674630129942344,56.11679075295973,6.0,9.0,5.0,53.92306621104539,65.65225449327161,3.0,10.0,3.0,58.31634236366691,67.74038284431026,0.0,6.0,5.0,43.03248868021657,45.85764847209329,6.0,6.0,4.0,34.32824672105889,1
S0927,100.0,7.0,11.0,0.0,50.81573877496837,98.48444627079165,7.0,10.0,1.0,37.05182734569407,75.02534886469672,8.0,11.0,2.0,70.89612587139024,82.90266643748552,2.0,13.0,2.0,42.98433854036608,81.8934731824364,4.0,7.0,-0.0,74.87703421969842,93.2989258030758,4.0,13.0,0.0,86.27570900003813,0
S0928,71.16301116841282,5.0,12.0,1.0,60.64208808370891,92.89434100069623,6.0,5.0,2.0,41.03034772452199,83.17299836837178,7.0,16.0,2.0,33.74517877052556,100.0,5.0,14.0,2.0,75.51327330880359,78.33645951241257,4.0,12.0,1.0,50.52292273960004,68.56150468304547,7.0,4.0,4.0,76.840154761941,0
S0929,89.6224308586709,4.0,10.0,3.0,59.72427937733582,94.47603680035948,2.0,13.0,0.0,86.98338179963889,90.79913069101904,3.0,4.0,2.0,81.21319010437676,95.61971254595339,7.0,16.0,-0.0,64.83751396228773,87.1180973564069,4.0,10.0,0.0,63.27217867554503,58.8027079763282,4.0,15.0,2.0,64.07489870743174,0
S0930,93.98869863940641,5.0,18.0,-0.0,70.11610240427336,72.51346362834944,6.0,8.0,4.0,75.88498424969352,74.27991096676642,5.0,11.0,3.0,74.07982445192235,100.0,5.0,14.0,0.0,67.28605927765176,69.28636779451735,2.0,18.0,1.0,72.39445999175781,65.54940385183642,3.0,16.0,1.0,58.85624854559906,0
S0931,83.10983948439582,6.0,16.0,0.0,48.31951712750077,71.7355304744989,4.0,16.0,1.0,49.77568675548724,74.01718900828652,8.0,15.0,0.0,54.15317532224191,66.57436937780496,2.0,11.0,5.0,60.58132299816208,75.71364189858542,4.0,16.0,2.0,78.50047606115348,73.73589535101745,3.0,10.0,1.0,54.72588948280986,0
S0932,100.0,5.0,12.0,2.0,74.89925965669511,74.14776599831684,3.0,9.0,2.0,54.68874585824332,74.07275346916977,5.0,8.0,4.0,67.44491123782139,61.25972419279903,4.0,13.0,1.0,83.54911606957114,79.44190344363734,5.0,6.0,2.0,78.82983582049394,77.70794798988148,6.0,5.0,3.0,59.46639629460454,0
S0933,64.64514560820334,0.0,17.0,5.0,57.96461796883074,53.241140987004265,4.0,16.0,2.0,55.93851184254527,61.75754927521285,5.0,8.0,2.0,65.41806337965136,75.38651993037325,5.0,18.0,3.0,59.83307454847255,62.4800101159942,4.0,9.0,5.0,40.24589335076963,69.24246853223829,4.0,15.0,4.0,70.62523103810163,1
S0934,67.76773669420395,3.0,2.0,3.0,54.18376954490139,51.938338041320215,2.0,-0.0,3.0,34.78027177377212,81.3800953449506,1.0,11.0,3.0,67.92351893711756,67.65265664351284,1.0,2.0,4.0,47.02172821139664,44.645639532103516,5.0,5.0,6.0,30.51020054833363,76.61190852786837,3.0,9.0,1.0,52.10741066726058,1
S0935,69.00851016028338,5.0,11.0,1.0,85.07887407626858,85.93099059710771,7.0,12.0,4.0,36.84578481171792,81.59188766932965,9.0,17.0,2.0,72.04801938534276,92.39012352691766,5.0,13.0,2.0,60.0051586419239,80.53284427346597,9.0,7.0,2.0,51.24951053421776,73.74978451651245,6.0,14.0,0.0,82.93086142504615,1
S0936,71.29668743188886,4.0,12.0,0.0,55.97539416243786,82.90717362429825,1.0,16.0,6.0,59.87558571549188,74.89018705617495,3.0,6.0,2.0,66.60695643507313,54.745517749856454,6.0,18.0,3.0,60.03033125429379,83.94739434073587,6.0,10.0,1.0,47.186016021910774,67.9271473822765,5.0,5.0,3.0,52.02227570173765,1
S0937,97.64671652580112,7.0,11.0,1.0,69.34721136559054,81.66461168262175,7.0,11.0,1.0,87.52516496228104,82.66680991677289,3.0,9.0,1.0,92.76345753686607,100.0,9.0,10.0,1.0,100.0,100.0,7.0,18.0,2.0,100.0,100.0,7.0,9.0,0.0,47.130606044629516,0
S0938,93.12229291426458,7.0,13.0,2.0,61.21007662729998,90.68010739017271,4.0,12.0,3.0,77.16476990037556,91.03451753101152,5.0,8.0,2.0,64.58720714143858,93.63786776761536,9.0,16.0,0.0,50.439530426441316,87.75437092903395,9.0,12.0,3.0,87.64168078188001,92.71104876740365,5.0,14.0,3.0,100.0,1
S0939,75.48595389456342,2.0,6.0,-0.0,55.9017333778385,76.7084555551582,3.0,8.0,5.0,70.85042874875415,63.51755708694755,0.0,4.0,2.0,64.36515042549485,81.69088068801717,4.0,14.0,3.0,73.7574558846845,79.8765028965601,1.0,8.0,3.0,44.64447108658405,67.09532434860397,2.0,14.0,5.0,61.6012698792464,1
S0940,87.58372316942815,1.0,13.0,4.0,58.06680508874987,90.19298003233655,5.0,7.0,3.0,37.59051195091094,63.841377244438846,2.0,4.0,5.0,50.64472889697495,66.39401240292105,5.0,4.0,2.0,67.29378763508785,82.72445381621051,0.0,1.0,4.0,83.2846408209976,73.97869994918507,8.0,6.0,3.0,70.23967933023901,1
S0941,78.5327092121424,5.0,16.0,3.0,54.25413435962468,86.1019302416647,3.0,13.0,4.0,66.69452940962664,88.14366889617348,10.0,8.0,3.0,81.42805657874774,84.69567499840737,6.0,14.0,4.0,87.44126720581858,79.02816274787361,3.0,9.0,3.0,83.8108836812714,71.96842600241875,8.0,11.0,0.0,54.85868830540848,1
S0942,68.26364408668445,6.0,11.0,4.0,30.81286686185765,84.55263908956505,5.0,5.0,4.0,55.37774130511277,76.0975390966553,4.0,15.0,3.0,36.60010480472707,61.741781341168284,6.0,9.0,3.0,67.94299553700178,45.222666256769884,6.0,12.0,1.0,36.32162039211909,56.30372410045001,8.0,4.0,3.0,40.06045645708175,0
S0943,100.0,8.0,4.0,3.0,55.23932689775528,81.92649729223052,4.0,10.0,2.0,61.87124331310112,45.76019489144131,2.0,10.0,3.0,74.52665334816635,71.88621321890243,6.0,11.0,1.0,63.139414915197264,88.91894080116856,5.0,6.0,0.0,48.66908028940269,100.0,4.0,8.0,4.0,65.2588103754687,1
S0944,73.52748295245183,6.0,5.0,4.0,61.03449674542324,80.15578047551372,3.0,11.0,3.0,53.031994546528864,66.10338199397576,4.0,9.0,2.0,56.244862883278884,55.08139508757226,7.0,8.0,3.0,70.2773242180921,56.476811657035384,2.0,14.0,3.0,32.76729948529935,60.29397031849862,3.0,8.0,3.0,28.113272732400983,1
S0945,70.18327072172922,2.0,14.0,3.0,67.01402471797778,62.97164339465848,4.0,11.0,0.0,55.86013390192366,79.52328472004322,3.0,8.0,5.0,78.62183106059699,68.51306052140676,0.0,17.0,0.0,68.323171971319,63.64652668773896,4.0,9.0,2.0,63.894265394776895,80.35696183698407,4.0,13.0,3.0,61.36755077373541,0
S0946,77.58151632430456,5.0,13.0,2.0,88.35074573327192,84.05174798595043,6.0,9.0,2.0,29.30791679669187,81.03752760190747,8.0,15.0,0.0,60.629361970232175,81.82113353073194,7.0,12.0,1.0,82.12636758419869,71.07179203148716,3.0,14.0,2.0,71.80075289250692,65.72851208357363,8.0,4.0,-0.0,85.86934355621804,0
S0947,66.99358719936065,6.0,0.0,0.0,92.0183990461628,77.43795295500637,4.0,15.0,-0.0,80.90719371865919,79.4301101620144,3.0,19.0,2.0,65.9013575340979,71.21450520208226,6.0,9.0,2.0,84.63665992413897,100.0,3.0,10.0,2.0,64.85914529007164,85.1431655486934,5.0,17.0,1.0,70.92017736357678,0
S0948,100.0,10.0,23.0,0.0,100.0,100.0,9.0,21.0,0.0,100.0,91.72028209947241,10.0,15.0,0.0,98.15476501476566,100.0,9.0,17.0,0.0,98.60122339204253,100.0,12.0,14.0,0.0,68.93176025171297,97.76624503810523,8.0,18.0,-0.0,100.0,0
S0949,73.41572938504557,6.0,12.0,1.0,83.52643162986467,82.71489646356517,4.0,7.0,2.0,43.391085610638406,43.016009707675764,3.0,18.0,1.0,70.2455124768559,60.99309227362581,0.0,10.0,1.0,58.229752893026905,63.688860000491864,5.0,13.0,0.0,44.1897975582508,95.92375987722022,6.0,16.0,1.0,88.58349394601436,0
S0950,100.0,8.0,17.0,0.0,100.0,100.0,9.0,15.0,0.0,100.0,100.0,15.0,21.0,0.0,89.8182609430761,100.0,10.0,16.0,1.0,95.47076215266044,100.0,14.0,18.0,0.0,100.0,100.0,9.0,23.0,0.0,100.0,0
S0951,100.0,8.0,20.0,0.0,100.0,100.0,11.0,12.0,-0.0,78.97236677603361,100.0,9.0,16.0,0.0,94.14164530723514,93.7513421627685,6.0,14.0,-0.0,91.5421997804089,99.34939777195162,6.0,12.0,0.0,93.94574888015603,100.0,5.0,19.0,0.0,58.57266981463569,0
S0952,85.8084542849404,6.0,8.0,2.0,89.39426487066791,74.50721881499312,6.0,13.0,2.0,57.61670156074194,37.531070647398494,5.0,13.0,4.0,37.63979619757716,79.79013227202392,8.0,11.0,1.0,51.18795626534592,81.93939072212525,6.0,2.0,2.0,35.2049558433705,76.40912393453694,5.0,19.0,2.0,61.395333113282206,1
S0953,66.58624817545702,7.0,8.0,4.0,76.54101901823702,67.51841633192375,4.0,12.0,2.0,52.466902206485585,65.82462448319117,4.0,13.0,0.0,53.874917827688954,54.439513815133026,6.0,13.0,1.0,58.32743712740281,78.49868534525105,5.0,16.0,1.0,45.288858377673364,72.49819584800703,4.0,8.0,4.0,90.17915798316395,1
S0954,81.87984914782305,5.0,16.0,2.0,89.5136098513435,100.0,7.0,18.0,0.0,87.14131441853101,70.9135849511466,6.0,22.0,2.0,57.74606770145052,100.0,5.0,19.0,1.0,66.07832513756682,82.04343928920504,9.0,15.0,0.0,93.93807176027357,92.21618851182765,7.0,15.0,3.0,75.29217252476928,0
S0955,92.52469014684745,6.0,21.0,0.0,72.24777001166625,93.62991626003434,4.0,12.0,2.0,63.923490417562604,86.12163239029215,5.0,16.0,2.0,86.71609201438815,90.63905026651047,2.0,15.0,-0.0,82.23776807665348,92.03888098480745,7.0,18.0,0.0,57.980075377455464,92.74394395434472,1.0,10.0,1.0,100.0,0
S0956,74.13556054164331,0.0,15.0,3.0,53.71586818036394,54.30068282445165,3.0,5.0,3.0,38.938904508590284,89.61884022071474,2.0,11.0,2.0,59.896420998985185,60.39755461014302,5.0,7.0,1.0,43.764409325753924,57.98979540975301,6.0,11.0,5.0,54.088801792604045,66.00098997903758,2.0,9.0,4.0,68.62560738016572,1
S0957,91.31471920447113,5.0,15.0,-0.0,68.1105786768231,84.60008094750395,5.0,17.0,2.0,88.6847286642107,83.91821951133022,9.0,11.0,2.0,79.22484237230907,80.90263859933206,8.0,9.0,1.0,54.82604054239479,98.28731169586945,7.0,17.0,1.0,54.36669398071669,97.10478925507469,6.0,16.0,1.0,67.12163980471485,0
S0958,47.61443181439924,2.0,9.0,4.0,54.26831942850093,36.00828043107883,0.0,5.0,2.0,43.06645713923599,55.23784241959675,1.0,10.0,4.0,66.19544842344997,66.56079485675981,2.0,8.0,4.0,30.01994095510609,56.403435790984375,0.0,5.0,5.0,57.21154423000997,44.30829905470818,-0.0,12.0,4.0,30.443848299619354,0
S0959,90.15093649003654,3.0,15.0,2.0,57.93432600873258,82.04556575710912,6.0,13.0,1.0,65.95438907187255,91.2918896743986,1.0,8.0,-0.0,63.59601516349823,45.383973240002334,7.0,12.0,1.0,60.023961478823296,71.3091092110757,7.0,7.0,3.0,39.78144268541513,98.35810719786053,3.0,10.0,1.0,72.77771084866478,1
S0960,68.58527092915845,5.0,6.0,0.0,61.2441512942686,74.73104274312291,4.0,5.0,4.0,73.61413591506064,76.96728074803295,3.0,12.0,0.0,72.45383777096458,66.42128198979715,4.0,11.0,1.0,57.195426766632494,84.1790515693901,5.0,14.0,2.0,59.657212150156724,70.43969692099938,5.0,6.0,3.0,81.70663852982071,1
S0961,57.95591787907871,3.0,11.0,7.0,18.858877622517717,56.92077821225126,3.0,6.0,5.0,42.48504220316745,60.83448037424324,5.0,20.0,4.0,52.75556887548457,61.585375565301,6.0,9.0,3.0,55.351593052762915,67.2133212539356,2.0,9.0,4.0,64.99554600951092,53.26383397995467,5.0,9.0,2.0,29.73031743973538,0
S0962,69.23125942520835,1.0,9.0,2.0,90.81298736488094,99.17390399951472,4.0,16.0,0.0,60.135584421009405,90.87845281161243,5.0,2.0,3.0,65.48244507270529,77.79136874709718,7.0,14.0,1.0,64.42700279636186,73.26031332784227,7.0,10.0,2.0,75.23012930772319,82.91003256305183,4.0,8.0,5.0,68.37515365315004,0
S0963,100.0,7.0,15.0,-0.0,74.93679565069955,78.75193435309346,13.0,11.0,-0.0,82.30345358302772,97.88842959374048,7.0,15.0,1.0,96.31620145601255,100.0,4.0,15.0,0.0,83.20779091951589,100.0,9.0,17.0,2.0,71.52586661839084,96.14441374871562,6.0,12.0,0.0,49.44400553425808,0
S0964,90.80806046096538,4.0,11.0,4.0,75.47540063965498,91.28371738882521,4.0,15.0,-0.0,47.51798808245018,85.87051110743462,8.0,13.0,1.0,98.24358560457148,77.9558803232596,3.0,12.0,2.0,75.40584986052704,89.15640729240484,5.0,13.0,3.0,59.31572451831886,60.36696084772097,5.0,15.0,2.0,64.34300060326699,1
S0965,89.65163860623748,7.0,14.0,1.0,88.76512108786055,100.0,1.0,3.0,0.0,71.45149401665591,79.92635626728142,4.0,11.0,1.0,62.31557408181311,93.07444200283085,10.0,9.0,5.0,78.7231005219004,95.2135844790051,5.0,15.0,3.0,65.0955560154162,74.61840065501397,2.0,14.0,2.0,45.189847992840996,1
S0966,100.0,5.0,15.0,0.0,85.85152464619216,100.0,4.0,13.0,0.0,71.06745609347651,92.05938171749246,9.0,14.0,-0.0,93.319490803294,100.0,9.0,13.0,2.0,54.937872446722864,100.0,4.0,11.0,0.0,63.596501362906,68.94755848360742,10.0,18.0,1.0,89.51871784073757,0
S0967,100.0,6.0,0.0,0.0,90.77913254271627,84.03568739957585,7.0,12.0,1.0,82.53493700778031,95.02020340752901,4.0,13.0,0.0,75.02595749046358,91.6615218142102,3.0,16.0,4.0,54.77719351450832,80.64679021992227,2.0,16.0,2.0,69.15821692908318,74.70566774224253,5.0,11.0,0.0,60.91234904347267,0
S0968,69.65339978704993,6.0,14.0,3.0,58.03759156985524,76.15528936089187,9.0,21.0,2.0,83.07520751587309,85.32656159542172,8.0,13.0,1.0,80.05749485428055,80.87832017859574,3.0,12.0,-0.0,83.19033506133576,68.2777549212062,6.0,14.0,0.0,74.26165743403546,80.57239376272038,6.0,18.0,0.0,91.63442875252616,0
S0969,62.971545700412925,5.0,13.0,2.0,92.31969468249349,55.08731855192476,3.0,5.0,1.0,64.56009942577609,85.80709922321039,4.0,11.0,3.0,62.21691063459449,55.21821363909487,5.0,5.0,5.0,61.71619521561086,72.4718238090987,6.0,14.0,5.0,52.905132837988404,73.40159649161637,5.0,10.0,3.0,51.18953829706928,0
S0970,74.2251683738679,6.0,14.0,2.0,82.87342403699017,76.28064904447191,8.0,15.0,1.0,45.156460178383654,68.25351298849081,5.0,10.0,2.0,62.990789377691236,89.36431277653264,3.0,17.0,2.0,81.33094260791074,84.1209200851583,4.0,16.0,1.0,81.65874786069821,70.16572030919335,2.0,11.0,4.0,58.81186986431228,0
S0971,74.90091777203095,5.0,12.0,3.0,73.75679238628868,76.46674443365636,7.0,17.0,1.0,69.38042195904222,100.0,8.0,21.0,4.0,20.63822963857187,100.0,5.0,9.0,3.0,49.21171069221829,84.12511654287994,9.0,15.0,0.0,55.84118675764323,76.49818017789215,8.0,8.0,2.0,48.21564022724643,0
S0972,70.23700226560379,3.0,19.0,2.0,89.01292996298199,74.13343832935075,5.0,9.0,3.0,52.58008746042587,88.03248223390936,7.0,11.0,-0.0,90.5491498506046,88.51955838319778,6.0,12.0,2.0,62.40965528430346,45.43750840978519,5.0,12.0,0.0,45.20039546463008,96.81465375917014,8.0,4.0,3.0,74.53651940120669,0
S0973,75.94982102886779,2.0,13.0,2.0,49.40789141208714,75.22989633187724,5.0,10.0,1.0,65.25268517425998,67.1232387209081,5.0,14.0,1.0,56.04252358852476,93.14703564476598,5.0,13.0,1.0,61.61946070585713,86.09161729778077,5.0,14.0,2.0,58.414308591719355,100.0,5.0,5.0,1.0,72.65819313555986,1
S0974,60.61579921993957,4.0,12.0,4.0,57.79124970032929,73.58807868878418,5.0,11.0,1.0,29.417942526645852,80.52278741804011,4.0,8.0,2.0,58.45005797379368,100.0,7.0,11.0,3.0,64.16375103494262,62.67044070706596,4.0,15.0,2.0,63.56782499042588,62.16419066518877,6.0,12.0,3.0,74.988279034691,1
S0975,97.01734292581214,7.0,18.0,4.0,98.21662783632712,98.41937788710673,9.0,8.0,0.0,56.42547052944041,84.39319973555584,10.0,18.0,1.0,74.91302168644057,100.0,10.0,4.0,1.0,78.49940553018985,99.62550825389422,9.0,17.0,3.0,76.50292669224324,100.0,6.0,11.0,2.0,87.16994089339654,0
S0976,94.07784381597736,6.0,16.0,1.0,52.277033793683216,78.20390932528483,8.0,12.0,0.0,95.06234684997536,93.0586006110037,8.0,17.0,0.0,67.44262882066543,79.04986956930696,6.0,16.0,0.0,84.98296527445467,100.0,5.0,15.0,2.0,76.2996081029875,96.11115147215304,9.0,8.0,-0.0,84.03365258771566,0
S0977,75.62087260773603,5.0,6.0,3.0,64.79961669539797,61.261603076975575,3.0,15.0,4.0,62.11995231006655,63.20900298482917,3.0,11.0,4.0,60.316569833913405,69.26125781662563,2.0,15.0,3.0,55.34805238955015,65.21495765908516,4.0,12.0,2.0,41.18410466375693,46.98306383658023,2.0,8.0,4.0,65.29512408321233,1
S0978,92.62844701391107,5.0,3.0,1.0,79.57383495987946,84.21964060038225,6.0,15.0,1.0,67.16994685733196,84.1407596246551,5.0,9.0,1.0,71.50299462613812,100.0,7.0,16.0,2.0,91.33607651541287,90.19751398403743,5.0,11.0,0.0,58.36780896641593,75.04166251227298,6.0,14.0,0.0,81.87900552114792,1
S0979,100.0,5.0,13.0,2.0,100.0,94.83944069748638,11.0,14.0,0.0,69.44601440836163,100.0,9.0,12.0,0.0,72.13691722235521,93.39990552718946,11.0,7.0,0.0,100.0,96.3785964541057,6.0,21.0,0.0,75.33157439336259,59.25127054972444,7.0,17.0,0.0,94.87561645586305,0
S0980,72.63715295489926,4.0,14.0,1.0,41.400497030057636,98.75514468574691,5.0,11.0,4.0,48.38231805994965,82.54020002254609,5.0,18.0,2.0,65.65210113928792,93.98652733454135,4.0,20.0,3.0,47.911318358578086,81.82506315502668,5.0,4.0,0.0,55.62111034212619,79.00085561185425,5.0,11.0,3.0,42.17586207423384,1
S0981,100.0,5.0,10.0,2.0,85.901136738116,79.28989124632673,7.0,13.0,4.0,66.16848251091248,62.59854743241151,5.0,8.0,1.0,62.903648238256025,74.89968935777975,7.0,6.0,1.0,63.997858883362625,76.54427338950016,5.0,11.0,0.0,78.7394998564957,61.9814401597476,7.0,11.0,5.0,56.900849054310854,0
S0982,100.0,8.0,19.0,0.0,75.47456216848242,79.07479008631068,9.0,18.0,0.0,78.49630023827422,85.22071052992251,8.0,18.0,0.0,96.29689257060049,100.0,6.0,11.0,0.0,94.47907242686652,91.03410409580609,10.0,14.0,0.0,87.0019745213332,98.44499107495142,12.0,13.0,-0.0,60.584349473299156,0
S0983,57.12588409840279,9.0,12.0,-0.0,59.44705040659797,84.0938774689415,6.0,9.0,3.0,87.3582434118058,81.92500845308433,6.0,8.0,-0.0,46.93982381781968,74.06680864577413,5.0,15.0,2.0,73.89977458929413,67.01639451609519,5.0,9.0,2.0,58.249293949183254,100.0,5.0,14.0,0.0,70.35505522513078,0
S0984,61.88007703409328,3.0,16.0,2.0,43.53610765827916,80.05655065621563,5.0,17.0,3.0,58.05747699557136,77.22683150603721,4.0,14.0,3.0,49.3687185832313,74.62302206714078,2.0,12.0,2.0,54.934358335016675,91.3941746251806,6.0,12.0,2.0,75.97435188262364,91.02624205825775,5.0,10.0,5.0,83.46360208023995,1
S0985,56.99571316289732,5.0,10.0,2.0,49.026206958400415,75.98021269229424,7.0,16.0,1.0,65.07822237436083,68.98840927858593,7.0,8.0,5.0,74.41030203466103,79.2311181644656,5.0,11.0,1.0,67.82424387639237,81.54438484790846,5.0,7.0,0.0,70.50403572284505,66.67767317746902,3.0,11.0,2.0,76.80491457168281,1
S0986,75.25621922844033,6.0,12.0,5.0,67.32949802674096,60.08744358571423,6.0,13.0,3.0,42.24113660961085,93.3439894744091,7.0,7.0,3.0,52.72378395411092,54.54570056162403,4.0,8.0,4.0,39.51176875783018,83.41438270194817,7.0,19.0,2.0,42.67457471765353,60.942817053661656,7.0,15.0,3.0,53.18144966877284,0
S0987,95.98529739035824,7.0,17.0,1.0,66.47004417396852,100.0,8.0,12.0,0.0,76.99290182842753,100.0,8.0,12.0,0.0,69.39505930527633,90.94784056802534,9.0,20.0,0.0,81.77470468263431,100.0,7.0,10.0,0.0,36.659271530610226,100.0,6.0,18.0,0.0,89.11848014344703,0
S0988,72.73744992024835,4.0,17.0,0.0,75.05357912117887,65.11995133206675,4.0,7.0,4.0,67.16747812098986,70.05164191042432,8.0,9.0,2.0,56.425525275917494,62.36006125280056,9.0,11.0,2.0,44.24534658700985,88.46777566363554,4.0,7.0,2.0,46.12231424700063,64.30094072566322,11.0,11.0,2.0,69.57476093861676,1
S0989,100.0,3.0,6.0,0.0,61.74467293712792,92.85808383116611,7.0,11.0,2.0,65.80719763771985,75.86175356438301,6.0,14.0,1.0,69.61249556105311,79.2435140655146,5.0,6.0,4.0,78.13790309115693,72.97720996704554,7.0,8.0,2.0,79.35528225223618,95.22229055864396,3.0,11.0,0.0,74.29001278098104,1
S0990,93.89848623489402,5.0,11.0,3.0,55.845428305365374,89.31129809473832,6.0,13.0,-0.0,66.02910211720719,83.77693318141213,8.0,13.0,0.0,71.46739648230786,76.56872650998871,2.0,18.0,2.0,57.2044903138593,86.70886907960677,5.0,14.0,0.0,85.30869235139608,100.0,10.0,12.0,4.0,54.581060032743494,1
S0991,81.13706863373902,2.0,13.0,4.0,51.90511585676421,79.23361488474025,4.0,3.0,2.0,63.87117866441726,67.6416353634931,6.0,6.0,3.0,56.35502580037007,83.36574241120992,4.0,11.0,4.0,61.576908352554774,76.88972167188709,5.0,14.0,3.0,36.051215300076926,78.52890702999895,6.0,2.0,4.0,77.70634220801666,1
S0992,54.55509852727823,0.0,15.0,3.0,57.92115557784598,85.81027547259143,9.0,11.0,1.0,74.41478083511154,80.0018703073648,6.0,9.0,4.0,38.8073428149766,76.8087796276096,4.0,13.0,4.0,57.675993159159574,79.64001553203066,8.0,11.0,0.0,62.42827391404536,77.93614500197775,1.0,13.0,6.0,36.71399047619563,1
S0993,50.2721907034239,2.0,9.0,3.0,46.17335378696214,68.60159586508847,0.0,13.0,3.0,52.08587063830599,73.2762050753347,5.0,3.0,2.0,60.88052443554585,67.78545925139777,4.0,10.0,3.0,51.118393901304245,92.73884259340291,1.0,14.0,0.0,58.74665727224079,73.07828928128087,8.0,5.0,2.0,44.92189001394556,1
S0994,67.97877940259849,2.0,8.0,5.0,55.330862941600124,60.433142688912646,6.0,11.0,2.0,70.87052925356488,67.15794757545173,5.0,12.0,0.0,73.41899795654844,51.125322638857014,3.0,19.0,1.0,46.00458120389618,70.82733687794405,7.0,6.0,3.0,74.38250600221363,58.85193348650611,2.0,13.0,0.0,68.27990608311569,1
S0995,85.28316167375873,7.0,15.0,-0.0,78.844246282007,96.07898329946755,4.0,10.0,0.0,77.79977510156479,90.5419427286026,10.0,16.0,0.0,42.3513402068876,80.82945867136951,9.0,11.0,2.0,66.15218631317113,73.67386711610501,5.0,15.0,3.0,82.40285986042521,84.68936271642856,5.0,12.0,1.0,63.86951464582863,0
S0996,55.84433940133675,6.0,15.0,2.0,79.62669869237385,70.1468848061808,5.0,8.0,3.0,79.65374561508648,87.19578092284482,4.0,11.0,1.0,42.7232297258072,60.75377046534873,5.0,11.0,0.0,81.00780172467266,62.17236116629661,8.0,10.0,2.0,83.39915292177032,64.64285040036705,2.0,17.0,6.0,65.5830202052436,1
S0997,71.40126413617891,3.0,9.0,6.0,55.99043696190553,75.12764454711653,10.0,12.0,4.0,51.79569235530463,73.46407714957174,4.0,11.0,2.0,74.37176892900739,70.59742777896015,4.0,13.0,3.0,54.387253684095434,61.1071716069409,6.0,11.0,6.0,67.16889404471728,87.04408609952053,4.0,12.0,2.0,62.006256362211076,0
S0998,80.83590755218798,5.0,13.0,2.0,52.16911228893916,64.75003926151642,3.0,11.0,2.0,63.89123557722375,84.698466710135,5.0,19.0,1.0,88.76536927576572,87.23609656445716,4.0,11.0,2.0,67.08824200424397,69.77760922563387,7.0,16.0,0.0,73.15712696421109,65.645519082804,5.0,15.0,3.0,67.71100814700489,0
S0999,77.97980394371946,2.0,16.0,0.0,67.7576808257998,67.76221920493198,4.0,13.0,1.0,63.85352813017926,86.8918445820804,5.0,11.0,1.0,36.88385251701825,91.26684580795427,2.0,15.0,1.0,58.89731485846086,44.14860474514713,5.0,5.0,1.0,61.970373899230864,86.97345585235158,7.0,9.0,0.0,68.3031319262212,0
S1000,63.17803060120188,3.0,18.0,3.0,66.35156288669518,73.15535559459623,4.0,13.0,3.0,67.41034999313383,77.98998423314862,0.0,6.0,3.0,71.17857969914185,77.41285290767053,5.0,0.0,2.0,74.04844807477112,63.23085540464404,4.0,18.0,3.0,71.24605776861422,84.51933175165256,9.0,5.0,1.0,62.757330544984924,0
S1001,76.17768692323158,6.0,15.0,1.0,48.14267217665201,86.66914960925571,4.0,16.0,1.0,79.68660597122542,72.50646316457576,8.0,14.0,2.0,91.52314487054224,96.55376787445374,6.0,12.0,-0.0,69.68245731250286,89.65299752234296,4.0,12.0,2.0,49.93913237254974,74.75240058938313,5.0,13.0,1.0,69.63866315739592,0
S1002,87.89984597723674,8.0,14.0,0.0,62.82435320563042,69.19346882781791,8.0,9.0,0.0,77.04365603930309,81.08963921195753,4.0,9.0,1.0,63.21909764207725,91.93923294335978,4.0,13.0,3.0,64.59723324524565,89.32695317036786,6.0,7.0,-0.0,73.35138536102761,79.37020945220422,1.0,6.0,4.0,62.75603751083126,1
S1003,87.64880400751503,5.0,13.0,2.0,62.07611411487741,92.12665214020241,5.0,14.0,0.0,84.41862274162068,82.29606778396185,6.0,12.0,2.0,94.26008023486354,82.55648046007087,6.0,12.0,1.0,72.24448427780314,81.85570852054776,6.0,10.0,0.0,79.70310019490401,82.52288839989733,7.0,11.0,3.0,50.44413984915791,0
S1004,82.28448483553565,7.0,13.0,4.0,58.751385580577306,64.79383812574926,6.0,9.0,2.0,53.774255544923356,65.74701449636616,2.0,8.0,1.0,59.1689762903425,84.31091196132176,4.0,7.0,1.0,58.28644988192183,53.963554036064096,5.0,11.0,3.0,81.37590428033836,62.317806786239856,4.0,6.0,0.0,75.63470132930456,0
S1005,94.93734825621095,2.0,12.0,1.0,57.31559243722545,96.92332998485449,3.0,12.0,2.0,80.3653528285882,63.48986692517266,7.0,9.0,-0.0,72.37498635602412,91.64478699892058,4.0,16.0,2.0,87.46621664055209,92.97199355182408,3.0,9.0,2.0,61.278932603174205,81.8438449311444,9.0,9.0,3.0,82.58296959991814,1
S1006,74.72551757212128,3.0,12.0,1.0,74.49647038267321,73.63411710855418,1.0,15.0,2.0,78.81923242191877,85.56911378583676,3.0,10.0,1.0,54.52863382765737,70.76762987456371,3.0,9.0,2.0,63.972275140232135,82.79944974549304,5.0,3.0,1.0,78.13003496403437,65.25404854520919,5.0,14.0,0.0,69.32252898477772,1
S1007,69.15525398239163,6.0,6.0,1.0,38.82734275756026,60.74566110117609,4.0,14.0,3.0,70.7841564209234,77.98602585820394,2.0,14.0,1.0,75.31360694227754,77.97691543861674,5.0,11.0,2.0,41.94072314064657,72.87394860053446,7.0,11.0,3.0,58.53870721021323,62.494456687782574,3.0,13.0,1.0,65.90692736586303,1
S1008,91.37512417428538,9.0,18.0,1.0,49.632352868254145,86.63291078738472,3.0,18.0,0.0,73.62679159771308,69.25085717636314,6.0,17.0,0.0,83.43074427559263,81.39149559983416,6.0,13.0,0.0,78.72927993926946,58.093025543308215,8.0,10.0,1.0,85.567239737744,90.68609086377398,4.0,12.0,2.0,58.935779906016116,0
S1009,81.01140919700238,6.0,6.0,1.0,55.76307500254147,62.286450187127436,8.0,12.0,3.0,70.42404501737147,69.9902696593417,3.0,14.0,2.0,84.58344934391947,48.37813257366727,3.0,12.0,2.0,85.442742430816,66.19200015665628,5.0,13.0,2.0,49.21858888338737,79.09196823450895,6.0,12.0,4.0,26.297323483107135,0
S1010,72.62232616285102,5.0,9.0,0.0,61.75243470745806,92.66007305915515,2.0,11.0,2.0,51.6955114520772,74.82130155492614,4.0,13.0,4.0,84.3800771329592,81.91400926731748,3.0,17.0,4.0,80.96860641906356,81.43735198224978,10.0,7.0,2.0,74.37517596421958,72.31055943006928,4.0,9.0,4.0,60.72993530403171,1
S1011,100.0,3.0,15.0,3.0,59.98311664910133,95.18930644642346,5.0,14.0,4.0,83.1252025701577,96.96627709814554,7.0,14.0,1.0,80.22003025007349,78.84867777454008,7.0,15.0,1.0,64.90705964612124,93.64013542841661,6.0,24.0,0.0,79.01340207549276,73.82585873862877,10.0,24.0,1.0,53.78520027008269,0
S1012,77.889671390823,-0.0,17.0,4.0,45.08246829107165,63.91452781983187,4.0,2.0,3.0,57.78409876368927,52.35157791317941,5.0,0.0,4.0,97.09425270068411,68.87333780895644,5.0,12.0,3.0,49.814758067586105,66.83790411499541,3.0,11.0,2.0,36.98553548328276,78.18497477815916,3.0,10.0,4.0,56.158547836143754,0
S1013,100.0,6.0,11.0,2.0,67.3928339937019,94.20980440849817,5.0,18.0,1.0,54.39422815344837,70.46026134939314,5.0,15.0,1.0,91.91854451620097,67.8845165553916,7.0,14.0,2.0,72.57788295446218,94.13354612014454,3.0,14.0,0.0,70.86128084471653,80.12737578833486,9.0,11.0,3.0,91.26679592561192,0
S1014,100.0,7.0,13.0,1.0,79.0447821735418,87.74667950463349,5.0,14.0,4.0,91.19513297300513,100.0,6.0,7.0,2.0,92.11817792249103,90.37004385078812,7.0,14.0,-0.0,84.29126941200215,100.0,7.0,18.0,-0.0,100.0,100.0,5.0,19.0,0.0,75.92501355548285,0
S1015,83.09848714153605,5.0,12.0,2.0,80.5767778619131,77.62563694150714,11.0,16.0,1.0,60.96697493631761,74.28793665822585,7.0,7.0,0.0,64.49027552871246,87.09229518462112,7.0,14.0,1.0,83.78390309636677,99.6915812013541,10.0,7.0,0.0,64.18156822077377,89.9067183439546,3.0,19.0,3.0,70.6287014980295,0
S1016,93.39827527945167,7.0,21.0,-0.0,68.94834722485336,97.73171572076117,5.0,17.0,0.0,72.2195954360512,89.63953485080557,8.0,14.0,0.0,56.789993397596334,100.0,10.0,13.0,1.0,73.39303749964216,81.50890768403755,6.0,12.0,2.0,57.43000747650239,92.86082541620722,8.0,11.0,0.0,64.1288649389228,1
S1017,81.56142585419106,6.0,1.0,2.0,88.1679750135405,67.83004499866142,5.0,7.0,0.0,68.03492024329285,76.7131672656684,8.0,13.0,3.0,47.247876814351415,73.823912774936,6.0,14.0,2.0,54.659533185293185,65.15283241793084,2.0,19.0,2.0,73.0606621391407,74.2450763269128,5.0,6.0,2.0,68.09779538193226,0
S1018,83.8354727386185,8.0,9.0,1.0,77.57337001173238,71.41223371601512,5.0,9.0,3.0,60.50819567060308,82.73294374228718,4.0,11.0,1.0,57.66718823851873,70.91270411770411,6.0,13.0,1.0,84.06370976658741,89.14068374828815,8.0,11.0,-0.0,47.24933162356495,85.9332655900185,5.0,8.0,0.0,70.27328052358104,1
S1019,77.91399660872489,6.0,24.0,2.0,60.06873038742742,95.34622401869717,7.0,19.0,0.0,72.52407621709038,87.93776309818075,5.0,19.0,0.0,90.65055685886912,88.87729262796965,7.0,10.0,0.0,55.63839452462461,92.2940531825045,7.0,12.0,4.0,93.25528912897292,100.0,4.0,10.0,0.0,57.10049187841164,0
S1020,57.35653434091988,7.0,13.0,3.0,63.12614125232123,81.0840476995,6.0,12.0,3.0,62.7347782112823,93.56612579342962,7.0,12.0,3.0,68.62222513190054,71.37959531488647,4.0,10.0,4.0,50.573348770602216,79.81096392962402,6.0,9.0,2.0,83.33722545374448,68.99565048605962,3.0,10.0,3.0,74.57902383401908,1
S1021,79.3735243792283,5.0,7.0,1.0,66.33746084855143,62.81541651744532,3.0,9.0,1.0,53.11870343704919,58.26746461978945,9.0,10.0,1.0,56.01402182091455,86.54809775467233,5.0,5.0,4.0,48.78431212093719,78.24040517154017,4.0,17.0,-0.0,79.1371709761033,91.57731324280455,6.0,5.0,2.0,100.0,0
S1022,69.30320550833791,5.0,11.0,-0.0,81.84562193652607,70.69384090761682,4.0,11.0,2.0,72.79116371709777,88.24245241570586,3.0,17.0,1.0,62.93735514100324,65.18091403293845,4.0,11.0,0.0,73.41049538988763,73.03498216651329,3.0,10.0,4.0,64.68227345142911,77.61107803399945,5.0,10.0,2.0,81.4975452160264,0
S1023,78.52380873835588,7.0,11.0,2.0,55.49636142188416,66.24710829802854,5.0,15.0,-0.0,53.20352438042583,46.54599209580786,3.0,17.0,1.0,60.29326578572267,78.82213355506173,2.0,11.0,2.0,65.39231375852071,78.42371905600746,5.0,6.0,4.0,87.20697877579317,89.57740670681667,3.0,10.0,2.0,62.35325632326899,0
S1024,65.69399615158913,3.0,14.0,2.0,72.58139508806565,96.13835022846234,6.0,14.0,4.0,93.87029456626334,91.1470524377832,5.0,13.0,3.0,73.0393627073089,100.0,5.0,18.0,2.0,74.2077039958427,78.17411791596145,6.0,21.0,1.0,80.67491793713111,50.039876547796354,6.0,12.0,4.0,60.12305780901525,0
S1025,91.99158660941978,14.0,24.0,0.0,89.66549607872912,100.0,6.0,11.0,0.0,87.54682989114596,79.873054673106,7.0,14.0,0.0,76.7763647436728,100.0,9.0,22.0,1.0,78.08682559018897,100.0,8.0,11.0,0.0,81.6214695676312,100.0,11.0,19.0,2.0,81.88970443512974,0
S1026,88.82040109943185,7.0,14.0,2.0,92.52631375292734,80.55868262284578,10.0,19.0,0.0,55.24626449278415,100.0,4.0,11.0,3.0,76.539991928272,87.04958569131661,5.0,9.0,1.0,54.10219888415486,100.0,7.0,12.0,0.0,91.78808690077285,88.10112612918081,6.0,14.0,3.0,64.1659614638659,1
S1027,100.0,9.0,15.0,1.0,100.0,100.0,7.0,21.0,1.0,76.02131591790193,100.0,9.0,11.0,0.0,94.00330150814854,84.84982761293277,10.0,18.0,4.0,83.58748726831156,93.33266528335884,7.0,13.0,0.0,77.0386716235558,100.0,10.0,24.0,-0.0,100.0,0
S1028,88.55472446107544,7.0,15.0,5.0,70.39711099631845,64.92910657405429,5.0,11.0,1.0,83.70552723779826,96.28793753450067,9.0,12.0,1.0,55.755248589881276,70.1675893493184,4.0,13.0,1.0,65.08443871737396,100.0,6.0,9.0,2.0,64.88093967285415,90.443059589559,3.0,16.0,0.0,81.66329803228561,0
S1029,100.0,9.0,9.0,1.0,64.37437302801861,73.57920888019387,3.0,7.0,2.0,62.3182066261851,94.26083497539817,3.0,8.0,4.0,90.27841413118834,86.36761111898103,2.0,11.0,4.0,70.97367803102436,65.36910959252833,5.0,8.0,3.0,42.93783422501598,81.77788392762498,7.0,13.0,2.0,51.67291657831059,0
S1030,73.82661935184368,6.0,6.0,2.0,64.63715998761558,71.35750416861615,2.0,14.0,4.0,38.45198394248364,64.46127588166063,7.0,8.0,4.0,53.406680360779404,65.34037206728689,3.0,9.0,5.0,33.991194386075065,73.52716969424075,3.0,8.0,4.0,59.58760995483008,54.72462926396253,4.0,6.0,4.0,62.673093026040554,1
S1031,74.75700288483722,1.0,2.0,1.0,53.59735569300847,73.96279066981862,2.0,11.0,4.0,68.07563453257752,63.81903106181646,3.0,10.0,3.0,42.225154329001484,75.10921720727701,1.0,8.0,4.0,62.825888158760236,52.997910708931286,4.0,13.0,3.0,52.000537120363624,37.85666437253447,2.0,7.0,4.0,71.67941182539207,1
S1032,66.83873852281606,8.0,5.0,2.0,89.49654900117302,78.19996496306263,3.0,6.0,0.0,60.15421508858317,68.92356691163666,6.0,4.0,0.0,77.91256923075903,83.66873869878307,6.0,19.0,2.0,53.45290718142311,81.84439979799191,4.0,4.0,3.0,59.64145033063115,99.68217915211201,9.0,6.0,0.0,61.0697012389509,1
S1033,72.06108256492941,5.0,10.0,1.0,74.10219186844716,90.0801339799366,5.0,12.0,2.0,82.15148392963992,96.15241384869738,9.0,8.0,-0.0,73.766548854134,70.48761862083278,5.0,11.0,1.0,63.93979167232403,97.68944574961093,7.0,18.0,0.0,70.68445259521282,82.82977635763841,7.0,14.0,2.0,70.04213737004315,1
S1034,95.65718112327689,5.0,6.0,1.0,57.4693920193629,77.20326528143438,3.0,23.0,2.0,76.2463132337284,70.78161051137526,6.0,9.0,0.0,68.86638525176939,87.64690315349469,7.0,12.0,2.0,79.58032231052248,75.45421992011316,7.0,15.0,5.0,55.03475538986775,67.30807621757397,4.0,12.0,4.0,72.89214634760961,1
S1035,76.72533665136781,4.0,14.0,1.0,66.84456516820818,85.44416518629964,8.0,13.0,0.0,77.12166591656276,77.17929167395864,6.0,13.0,1.0,56.693659170561574,71.69487468949865,8.0,3.0,3.0,42.71442053689835,97.88405915815,7.0,15.0,-0.0,73.86261436504486,79.3844941705782,6.0,17.0,0.0,83.4210272092413,0
S1036,69.48799030825313,7.0,7.0,0.0,51.03142832165159,78.0615720595861,4.0,9.0,1.0,100.0,87.66263130935066,7.0,10.0,1.0,79.3877540374211,71.63625629618771,4.0,15.0,0.0,72.52895489477082,75.33113262904959,2.0,13.0,1.0,85.98389379635925,97.58895363098378,4.0,13.0,3.0,74.02074312872281,0
S1037,70.68331345883293,3.0,0.0,4.0,65.93046462369884,65.63732204129815,2.0,6.0,0.0,33.99224192932719,59.58638321656258,4.0,9.0,5.0,88.55263393373608,72.70631949984211,3.0,15.0,2.0,62.6008376513371,44.954130821566544,2.0,11.0,2.0,43.272697365263134,63.271163153645574,2.0,14.0,1.0,61.69783940329197,1
S1038,87.053175845355,6.0,9.0,-0.0,62.097556622941205,90.51873490942671,5.0,20.0,1.0,62.126412406088924,83.38769730485963,7.0,10.0,0.0,55.89804124291176,100.0,7.0,9.0,0.0,62.11472378398365,94.0559943963547,5.0,19.0,-0.0,85.6530972396175,93.86787210599485,5.0,18.0,1.0,79.01793977360215,1
S1039,62.30745689101299,4.0,8.0,2.0,75.31728913820345,77.66732203872596,6.0,14.0,0.0,56.35991354311959,73.62280534679881,4.0,4.0,1.0,64.90213689142838,59.8910187428026,6.0,8.0,-0.0,53.68515311475068,71.90519486251452,3.0,3.0,2.0,62.95660460013243,67.12197357591755,4.0,6.0,1.0,56.05517153565561,0
S1040,70.88890631982747,8.0,8.0,0.0,43.12489555705495,76.52889495221068,5.0,16.0,2.0,92.88241571359067,66.03943107324946,6.0,8.0,3.0,50.2316505781768,75.12079838541929,1.0,12.0,4.0,78.32064154319495,67.19321740182458,4.0,13.0,2.0,66.46375637897822,57.490873138667666,3.0,8.0,2.0,45.57796209905943,1
S1041,100.0,11.0,20.0,-0.0,79.32929845693371,77.95954538842632,7.0,15.0,1.0,100.0,85.80412581739982,4.0,13.0,1.0,100.0,93.17495561440312,7.0,14.0,2.0,100.0,85.9759715991362,9.0,11.0,1.0,77.11799409414282,100.0,9.0,14.0,-0.0,55.755315520260886,1
S1042,61.61524128362702,4.0,7.0,2.0,74.36419133679034,58.900030375890346,1.0,15.0,4.0,76.30273086134082,88.90696300328209,2.0,9.0,0.0,75.61591341192948,77.97548432287785,-0.0,12.0,2.0,73.16722085420838,74.566145411752,6.0,13.0,1.0,48.217457219564636,82.52321918358112,3.0,7.0,3.0,66.5989187379503,0
S1043,57.591700388519385,5.0,14.0,2.0,30.882877641554046,78.70235187229025,2.0,7.0,1.0,49.89660137584221,71.0649477974917,2.0,11.0,-0.0,64.96383934870454,87.32413679706251,3.0,9.0,4.0,87.41653989493155,62.94137543477809,4.0,8.0,3.0,67.242428310102,64.16394562759672,3.0,9.0,4.0,62.529095739903994,0
S1044,92.18993868969828,5.0,12.0,2.0,95.23645873936402,98.1388948469513,3.0,12.0,4.0,57.49553476948741,75.76329172149742,5.0,13.0,1.0,49.79059646410154,74.82991207087748,8.0,19.0,0.0,57.302094180927746,83.7817529536419,7.0,15.0,-0.0,74.24449129020269,78.42573044114361,3.0,13.0,3.0,73.35801530262488,1
S1045,96.2931209815606,9.0,14.0,3.0,69.66924181950299,91.81454357700923,9.0,15.0,2.0,64.02339408831016,87.4840563814795,3.0,16.0,3.0,61.8184495334089,100.0,13.0,11.0,1.0,53.50205764984334,100.0,7.0,7.0,2.0,64.41666377529505,89.54966348213809,4.0,13.0,-0.0,64.01892449859683,1
S1046,84.00504275654734,6.0,11.0,2.0,78.56739553602564,86.11124525460734,8.0,19.0,-0.0,65.62408375318502,96.10472606632008,5.0,11.0,3.0,87.03990326530074,100.0,6.0,25.0,0.0,75.85535906713429,100.0,7.0,7.0,2.0,57.852856503780615,94.79276351207164,9.0,14.0,1.0,78.02826339828057,0
S1047,68.92828415241023,5.0,13.0,2.0,81.37691492625905,90.20637381124655,4.0,14.0,0.0,94.27449027089386,74.70792415384689,4.0,7.0,0.0,54.30173500098535,100.0,4.0,18.0,1.0,84.64464667450964,100.0,8.0,13.0,1.0,74.57093721149056,100.0,7.0,9.0,0.0,74.47758613398527,0
S1048,67.09598062652569,7.0,8.0,4.0,72.73986215269815,61.9896038336273,4.0,8.0,-0.0,59.161315639538586,80.35804570928909,8.0,16.0,2.0,43.93846154069145,80.85454050044788,4.0,14.0,2.0,36.60755388144362,76.37240609938769,3.0,17.0,1.0,73.14014718245538,70.14501736097253,6.0,13.0,2.0,80.48015782927142,1
S1049,91.85542359922411,6.0,15.0,1.0,81.39062680964953,100.0,5.0,14.0,1.0,75.99527736899879,94.78171912212626,5.0,16.0,0.0,77.67988938636427,93.20111976564696,7.0,10.0,0.0,64.58585578344344,94.0038580402726,7.0,16.0,1.0,91.62751237600935,86.55134535775278,9.0,16.0,1.0,89.4808207132739,0
S1050,91.17543034378726,5.0,10.0,2.0,77.58826168569044,79.02649499927776,3.0,4.0,1.0,74.46629253072935,54.92350065629202,2.0,7.0,3.0,65.49271088741135,70.29235158180299,4.0,15.0,1.0,52.20934621162107,70.78438293943971,3.0,13.0,1.0,80.47140264037958,73.08358400800789,4.0,8.0,1.0,53.265430863921466,1
S1051,83.22032711922643,4.0,11.0,2.0,87.68454526968931,87.22582425913573,8.0,5.0,2.0,57.12816365230829,100.0,8.0,16.0,2.0,85.73799498950405,76.95147003186703,5.0,17.0,-0.0,85.40944516220223,88.47158909827081,5.0,18.0,0.0,85.61702696647764,82.35273437919298,10.0,10.0,1.0,87.48129648629863,0
S1052,83.23051585068966,7.0,16.0,3.0,94.69302180484074,81.84320883571283,5.0,16.0,0.0,70.77772734215644,100.0,9.0,17.0,3.0,63.887331674948896,79.70931203692535,5.0,4.0,3.0,73.2273597368827,93.1091360103528,3.0,11.0,1.0,66.35570832678874,61.57881438098715,5.0,17.0,1.0,59.58420532307862,0
S1053,88.89561061842468,9.0,13.0,3.0,74.21610805422428,74.06943991492251,10.0,10.0,0.0,51.54731825283902,70.38711950674785,5.0,19.0,2.0,79.7855741000951,80.941927534404,6.0,6.0,1.0,56.051271625199085,75.50375399979464,3.0,14.0,6.0,66.87335957372368,80.39903194495827,3.0,19.0,2.0,30.321804252490722,0
S1054,26.528360322888872,4.0,5.0,2.0,71.05359582777405,70.44360812615392,5.0,6.0,5.0,39.42688966159437,40.834449951984524,2.0,8.0,3.0,31.483292567740854,52.589660775157036,2.0,8.0,8.0,46.066055317081926,57.896764097428196,2.0,4.0,2.0,26.14422369947206,59.430890549341086,3.0,8.0,6.0,67.7120134179391,1
S1055,100.0,10.0,16.0,0.0,94.38826031853085,94.32359113735933,10.0,18.0,0.0,73.5632668397747,99.08709017502696,10.0,19.0,-0.0,90.54617750499385,100.0,6.0,14.0,0.0,65.74588396851698,84.00035812185426,7.0,14.0,0.0,72.2161202490808,95.17990170394482,8.0,14.0,0.0,76.52414000728135,1
S1056,51.61843290213128,2.0,8.0,3.0,27.999352574342986,67.27222872199565,5.0,14.0,3.0,44.348123890661064,47.89748031463308,5.0,4.0,5.0,56.277543836452416,47.15776047573021,2.0,7.0,3.0,47.30990695847962,80.65159156027478,3.0,8.0,2.0,52.534415433132146,63.055362606403634,4.0,13.0,4.0,67.83233798227504,1
S1057,84.33567936762313,6.0,8.0,3.0,100.0,86.83645092595542,4.0,14.0,3.0,69.65972115401631,95.92312889056699,6.0,12.0,1.0,74.91066305892666,76.96804220266225,4.0,16.0,3.0,48.79452632245717,74.88225348233684,5.0,9.0,0.0,62.768631065079305,67.56697361744797,7.0,14.0,4.0,57.24277312615126,1
S1058,80.43730669715333,3.0,11.0,2.0,55.84746330115931,68.1879096566499,6.0,19.0,2.0,66.98526845333552,71.0556640727957,4.0,10.0,0.0,80.4362535467979,100.0,3.0,8.0,2.0,61.78495123071298,88.93285894980394,9.0,11.0,1.0,65.17641092722901,78.5059382047484,5.0,10.0,4.0,52.58540276321676,1
S1059,93.71320965029588,5.0,9.0,3.0,87.75413707894225,82.62268654635163,5.0,14.0,2.0,63.73903261684217,99.35985609243555,6.0,13.0,1.0,60.441868034649616,91.44535806675643,4.0,10.0,4.0,55.609671242114956,70.65229482543658,3.0,11.0,-0.0,47.56879948282194,80.73648320774865,6.0,16.0,1.0,59.164220742336504,1
S1060,83.71909757057492,6.0,7.0,4.0,63.9278400217198,80.00123183258296,8.0,12.0,2.0,68.74231261992385,66.41516455521723,2.0,17.0,2.0,54.29764637257567,83.30228655040509,6.0,8.0,3.0,73.21798209900771,66.42747908830769,2.0,8.0,1.0,47.43216159391265,80.80670706489539,8.0,8.0,1.0,67.0898223612913,0
S1061,55.16305024722243,6.0,6.0,3.0,84.39211465005629,64.64159029573474,7.0,13.0,0.0,57.37624747167049,81.54411112118156,4.0,13.0,0.0,45.899338457498004,87.17872464825207,5.0,14.0,1.0,69.17023205348048,98.02691752427663,4.0,12.0,-0.0,80.39516274096485,85.5746481270936,6.0,10.0,0.0,72.00290298641592,0
S1062,56.58809703809606,1.0,7.0,5.0,43.8207934333043,68.63780586929927,4.0,4.0,4.0,63.001700351977405,80.41199928289635,6.0,5.0,3.0,25.19346884250571,60.42026571518395,0.0,2.0,5.0,50.28509966047052,56.893357827741674,3.0,9.0,5.0,41.79267275630387,68.73124396322059,5.0,10.0,1.0,60.4272519199166,1
S1063,88.67964413871131,3.0,15.0,0.0,81.32513504550147,86.07203780715427,6.0,17.0,1.0,69.67792513204074,82.34230883080599,9.0,8.0,2.0,70.10107322927453,64.77233956539139,8.0,11.0,0.0,97.3184526081717,66.60637958201158,7.0,9.0,1.0,63.09816314306089,100.0,3.0,13.0,2.0,65.61554647232913,0
S1064,67.20566107259083,1.0,7.0,3.0,53.13298664268585,70.70501521142022,8.0,-0.0,4.0,49.90636440827697,72.01052062413716,5.0,16.0,6.0,55.172333946032936,73.83096279097225,5.0,3.0,2.0,62.04368875646845,55.466133265131575,5.0,11.0,4.0,58.00815445107507,74.41178413470955,11.0,12.0,4.0,57.24363329151081,1
S1065,94.8193670794245,7.0,24.0,-0.0,96.54971476438868,89.11559488423005,3.0,11.0,2.0,63.317047838288495,100.0,2.0,15.0,0.0,59.23850746691666,58.506898526867225,4.0,12.0,2.0,69.28951403128323,97.76854249432249,8.0,11.0,1.0,61.40705024121128,92.85535522561987,3.0,18.0,1.0,62.63927501136384,0
S1066,92.13516897845062,10.0,16.0,0.0,74.743872807851,85.37280878581514,9.0,12.0,1.0,65.22295401747932,75.19020090040416,3.0,14.0,3.0,56.407122665854686,77.55609995906084,5.0,15.0,3.0,60.43022360480771,90.19021682943645,5.0,13.0,3.0,84.09113745014352,59.752633511739205,4.0,6.0,0.0,89.17268895923665,0
S1067,100.0,10.0,20.0,-0.0,91.82282250112412,100.0,7.0,11.0,2.0,100.0,77.85071898862012,6.0,13.0,2.0,100.0,92.54767780116443,5.0,17.0,1.0,62.18320903986469,83.0415750795966,6.0,12.0,-0.0,61.12400375156646,100.0,6.0,15.0,-0.0,60.32361655315841,1
S1068,74.4234397655237,1.0,14.0,4.0,33.15268659590182,62.44065013115597,2.0,9.0,2.0,62.563370015088545,58.69021192048635,5.0,12.0,3.0,75.71151972076419,70.42845385129311,6.0,8.0,2.0,62.527388400157754,67.81411466178974,8.0,15.0,4.0,63.47109864371788,71.42047793110532,9.0,19.0,4.0,51.94217392755723,0
S1069,43.947570340362375,6.0,16.0,4.0,52.35072291369391,61.597786447803095,2.0,16.0,3.0,37.527090924726515,72.30480746706263,1.0,5.0,2.0,35.886244184631934,90.9602111954309,3.0,11.0,3.0,57.85533002400756,72.57980438931973,0.0,13.0,4.0,43.068550010805296,65.05414719997724,2.0,6.0,4.0,47.62080136305094,1
S1070,77.38514299177159,7.0,9.0,4.0,74.52128468902468,90.45034152558343,2.0,17.0,1.0,81.6370287331992,86.71625862200082,5.0,14.0,-0.0,62.58068908254388,100.0,5.0,11.0,3.0,41.97229790319551,97.04196452034226,6.0,8.0,0.0,70.96018673480773,65.57609960796245,6.0,9.0,3.0,100.0,1
S1071,89.16216046341046,3.0,2.0,2.0,73.09946567719498,89.53685309847792,7.0,10.0,2.0,63.36185888595453,96.10570076271608,9.0,8.0,1.0,75.65289467022873,95.35948348986416,5.0,18.0,2.0,50.873087609341084,81.74014821208176,7.0,15.0,2.0,63.00435589490279,100.0,5.0,3.0,6.0,80.70449584853473,1
S1072,81.17541956314147,6.0,13.0,4.0,92.60237062272918,99.3736532338522,5.0,13.0,-0.0,83.11879569161385,90.17224996595611,8.0,13.0,0.0,70.37585528963169,81.95686540087867,4.0,14.0,0.0,71.92073058094317,99.31164757898911,11.0,20.0,0.0,78.81504351856398,62.5701980534017,5.0,15.0,1.0,67.19605786790748,0
S1073,92.0975159505343,8.0,15.0,2.0,65.17026710359872,100.0,6.0,7.0,4.0,61.81367882955099,66.55337209786887,6.0,10.0,0.0,58.971192119847025,100.0,9.0,1.0,-0.0,54.918396513013334,93.40341598765126,2.0,9.0,1.0,87.390859356805,100.0,7.0,15.0,0.0,81.80360190898368,0
S1074,100.0,9.0,16.0,-0.0,84.6109620677001,100.0,10.0,18.0,3.0,100.0,70.48770918155789,6.0,2.0,2.0,79.19250162425983,100.0,9.0,19.0,2.0,84.53354740157842,100.0,7.0,12.0,-0.0,74.30369232874271,100.0,6.0,18.0,0.0,91.14956140344135,0
S1075,93.56406156945721,4.0,15.0,0.0,93.66595456899816,100.0,5.0,13.0,2.0,68.85814327414478,100.0,3.0,13.0,-0.0,92.3980322618429,79.53790193687097,5.0,12.0,0.0,79.67890846788467,76.57306607950153,4.0,17.0,2.0,67.387994510971,67.17813235314563,7.0,10.0,1.0,80.96120262911013,0
S1076,42.739995097050766,6.0,17.0,3.0,33.830493490673646,75.42048878656941,5.0,4.0,4.0,85.30215123899416,85.02842971524956,3.0,8.0,0.0,82.271757774171,78.69795642835442,6.0,10.0,2.0,64.01983638784667,69.8806725936339,2.0,6.0,0.0,61.30952706412495,100.0,6.0,11.0,2.0,75.47353651029474,0
S1077,52.153794472303005,-0.0,11.0,2.0,63.06077504552282,55.17590633807726,1.0,10.0,1.0,40.12021983918303,68.33235589783217,0.0,8.0,3.0,44.51361257349426,77.79375306730223,6.0,10.0,5.0,62.51230852196429,59.813174815467455,3.0,6.0,2.0,75.44613935355746,71.65604066321772,8.0,10.0,3.0,55.62286933285718,1
S1078,73.73295042914845,1.0,9.0,4.0,35.233503823795225,46.92687137567186,1.0,8.0,2.0,35.80720198768826,53.64235765024126,2.0,6.0,5.0,46.35560671258533,42.712134438767755,2.0,0.0,5.0,31.7191195017541,59.4289703110524,4.0,2.0,6.0,38.65149382861127,20.79888289436279,0.0,6.0,4.0,42.29905956907315,1
S1079,81.89398241943937,9.0,10.0,3.0,61.09339710695831,96.59595799190075,11.0,17.0,0.0,93.46579185340394,70.47636855699066,7.0,20.0,1.0,73.7760863104205,88.9388265918534,9.0,14.0,-0.0,73.22318280426146,83.82942327116592,9.0,16.0,1.0,91.14468738225285,81.38295620280192,6.0,9.0,-0.0,52.12486660612801,0
S1080,42.40197959935222,4.0,4.0,5.0,58.358617573409326,70.69363253485027,5.0,9.0,3.0,56.00143758048435,55.87323438534361,2.0,10.0,4.0,39.5317015387409,68.80941480306207,9.0,11.0,2.0,39.60060824585075,68.35864834159294,3.0,6.0,1.0,51.170238517402275,70.62587536332029,3.0,9.0,4.0,73.85038349827813,1
S1081,94.14169137530514,4.0,18.0,3.0,82.7467933513047,83.75773916276842,5.0,10.0,1.0,97.36299838126237,99.43868425147677,5.0,13.0,4.0,61.403432010482916,64.90847229710188,5.0,13.0,5.0,69.54715109807876,79.18083815367903,7.0,10.0,0.0,82.21739352200281,97.87757688974548,5.0,8.0,4.0,59.29740398800277,1
S1082,83.82399121273421,7.0,13.0,1.0,84.06049010824229,80.6915914726446,4.0,20.0,0.0,65.74451017813152,90.76389154443676,9.0,14.0,-0.0,51.81319783549681,79.22260994111532,5.0,10.0,-0.0,70.57519064427235,82.08456962489834,5.0,9.0,4.0,75.2159582420609,76.75274633941959,11.0,5.0,4.0,52.191315829181946,1
S1083,90.50074689850503,7.0,9.0,2.0,61.78247305004568,72.35582960525662,5.0,11.0,4.0,67.27265542418792,67.27828913947708,9.0,15.0,1.0,79.95682880288183,63.73591013049405,3.0,15.0,1.0,46.89456564450591,76.93021992364869,6.0,16.0,2.0,71.43798568764487,43.47853123824878,5.0,14.0,5.0,56.613524740729346,0
S1084,84.64242278215283,8.0,9.0,1.0,79.64120865585369,78.76063174800112,6.0,15.0,5.0,94.05292497188385,65.79713474252158,7.0,14.0,4.0,89.11544376037465,90.54293486800107,1.0,8.0,2.0,65.21000391033382,92.07772725866559,8.0,8.0,4.0,47.280081084352105,96.82716609766325,0.0,12.0,0.0,60.88407412768644,0
S1085,86.28835665281161,7.0,9.0,3.0,79.04899332211963,89.07935242024814,5.0,10.0,4.0,45.701117709486056,73.7973177109308,5.0,13.0,0.0,61.14801960184055,68.68898191133901,8.0,9.0,1.0,66.3665365181394,67.5386192309969,5.0,6.0,3.0,44.71797787803132,84.76407292266046,5.0,14.0,2.0,55.67874717110929,1
S1086,90.84777576366756,8.0,10.0,3.0,70.86013384136236,96.18039392913838,7.0,16.0,3.0,49.15483116372516,81.90649702441881,8.0,16.0,1.0,62.99622125264631,88.79330924067003,5.0,12.0,2.0,76.01749827334838,83.1101904999225,8.0,7.0,-0.0,87.0661527966615,57.701017671056164,6.0,11.0,1.0,82.97043022766827,0
S1087,100.0,9.0,10.0,1.0,72.2779688701536,84.90430646173262,5.0,9.0,0.0,70.8439821170568,100.0,10.0,5.0,2.0,96.74541872506857,79.49733643706419,9.0,16.0,0.0,86.43475568998463,81.19587330819321,5.0,18.0,0.0,96.78989639420277,99.49155999379704,7.0,18.0,1.0,95.61980028264686,0
S1088,100.0,8.0,9.0,3.0,74.54297558950819,100.0,6.0,14.0,0.0,94.82346967784737,95.92066871615143,3.0,24.0,2.0,100.0,84.17863463004717,10.0,14.0,0.0,73.33964888000932,100.0,9.0,18.0,0.0,100.0,100.0,6.0,19.0,-0.0,56.00746004084665,0
S1089,86.46638231541677,5.0,10.0,4.0,73.19749805134165,66.60565151483175,5.0,6.0,2.0,38.92963460054058,59.739684874310356,8.0,17.0,3.0,45.86579154069251,59.43173177385832,2.0,15.0,3.0,72.15857637824573,70.86795995502122,7.0,16.0,2.0,40.66420900652086,68.91771052307305,2.0,18.0,2.0,54.26068842902149,0
S1090,66.07962917679643,5.0,10.0,1.0,70.17694550887947,90.27076081303548,4.0,10.0,4.0,79.12568769272542,83.54047262762184,5.0,13.0,2.0,68.69437553832003,80.36879914438188,4.0,14.0,2.0,78.08978040460674,96.27461858175761,8.0,8.0,2.0,77.56819276461889,73.11630786853074,10.0,16.0,3.0,64.5635350632346,0
S1091,93.91691607956467,4.0,18.0,2.0,59.31433792033343,85.85338898666797,8.0,18.0,0.0,81.33478271940618,90.92903951675385,5.0,8.0,0.0,73.13575156636439,89.52155733586336,10.0,14.0,-0.0,63.816774733685016,86.89909924962508,4.0,12.0,0.0,59.62739539297131,79.24020198025573,7.0,15.0,1.0,71.5508539625912,0
S1092,95.60420732328393,4.0,13.0,4.0,44.32686403564072,100.0,5.0,10.0,1.0,96.11640699759586,65.73987917499686,5.0,17.0,4.0,57.124075901599596,85.08350164834488,5.0,13.0,-0.0,51.91718510256726,74.98036850520924,5.0,22.0,2.0,57.5465279571246,76.00219254216219,5.0,6.0,2.0,91.80338188092229,1
S1093,87.68815489636185,4.0,11.0,5.0,71.69631780019304,67.83884967015435,1.0,13.0,4.0,74.68746642801693,77.28173163135946,5.0,7.0,1.0,65.454421188068,50.788923637404565,3.0,13.0,3.0,50.976554436724314,68.69522464105543,5.0,9.0,3.0,53.01923112680344,75.51239021036099,9.0,10.0,3.0,48.66057635560439,0
S1094,74.89673683000044,6.0,9.0,3.0,58.541462658036885,81.75933871744702,5.0,18.0,3.0,71.29306389470487,93.72298805396846,3.0,14.0,-0.0,56.3971258785607,76.79232401835361,3.0,13.0,-0.0,45.59328930290695,99.09708718999573,6.0,9.0,3.0,71.54933114263608,87.4763157654764,4.0,6.0,3.0,88.07013051135561,1
S1095,100.0,9.0,13.0,1.0,79.18597794559342,96.09572219376378,3.0,13.0,-0.0,93.58841045855112,90.0806597020598,6.0,8.0,1.0,66.99689893142042,79.00973898652941,6.0,6.0,3.0,77.47264053544819,68.77563697178604,7.0,13.0,0.0,65.2641843431455,61.44262651800659,8.0,10.0,2.0,72.51361486892799,1
S1096,79.64368628247603,4.0,11.0,3.0,73.09296714247823,57.623271286386974,5.0,13.0,2.0,63.28172561911864,58.14599566566541,5.0,18.0,2.0,54.31827222581993,73.72091940110465,7.0,14.0,3.0,72.306909366572,59.38058428047447,7.0,11.0,4.0,56.20825713249621,69.5824393137274,1.0,17.0,5.0,77.7412582555488,0
S1097,95.49916871083882,5.0,11.0,4.0,33.88320229423489,63.35467480207871,3.0,11.0,2.0,45.76716420540285,57.48251421636025,4.0,3.0,4.0,31.361273019028655,60.217323494250905,5.0,9.0,2.0,72.10978978114696,63.46105599520286,1.0,11.0,4.0,63.85662429513099,68.4843172318862,5.0,4.0,1.0,47.854747619164144,1
S1098,67.55985595646648,7.0,11.0,5.0,62.42251011959164,72.96085817597097,9.0,11.0,2.0,47.02995256808741,55.85384507150627,6.0,11.0,3.0,34.26408766709847,74.38990472402678,5.0,14.0,0.0,47.8036535993043,67.32275943248781,4.0,8.0,3.0,78.84605988067472,76.58957336021251,3.0,2.0,3.0,57.061289627449604,1
S1099,65.2008944584099,4.0,14.0,3.0,55.873646839494924,64.72393957434332,6.0,13.0,4.0,50.29224643485597,68.88367856598458,4.0,1.0,5.0,71.11917801949568,61.15031411317828,7.0,8.0,2.0,69.27862453188274,75.57788144838251,1.0,8.0,1.0,67.95961535881199,64.43143273944372,5.0,13.0,2.0,57.94644220295016,0
S1100,64.66501145352863,5.0,9.0,4.0,60.89680029065333,62.661764017249205,2.0,17.0,2.0,55.019365788202236,71.26779951700703,5.0,9.0,4.0,45.21587678429603,87.83421255013407,7.0,2.0,1.0,56.763412322114476,66.0606147777171,5.0,8.0,0.0,61.90655317350427,83.37616471757408,8.0,7.0,2.0,73.67191005992564,1
S1101,63.68624171908505,4.0,13.0,3.0,74.04724681384094,82.51308269719188,-0.0,7.0,4.0,59.149264510849314,58.00931650116462,6.0,8.0,2.0,86.58710399830541,52.96595444075193,5.0,0.0,3.0,23.15584199055396,71.0407263511145,5.0,7.0,2.0,54.71613532523734,83.70173866905128,4.0,13.0,4.0,58.9154356535588,1
S1102,64.56466005459791,7.0,9.0,2.0,43.246682823600054,67.66230023463714,3.0,7.0,2.0,31.96626985565914,97.72131086409269,7.0,15.0,3.0,89.46473918004502,69.24810116709439,10.0,7.0,1.0,57.20544814774202,75.05884667510055,11.0,6.0,2.0,53.89396172764269,68.85035784850511,0.0,6.0,4.0,64.78854305095403,1
S1103,42.26607641409137,6.0,3.0,2.0,69.99370081113192,81.81507707423556,2.0,7.0,6.0,58.94268484031525,84.12553642759006,6.0,9.0,1.0,54.9258288251844,75.50936392145191,4.0,13.0,3.0,55.804966644545026,72.5816377674085,7.0,18.0,0.0,69.56269096323715,72.42124661699475,5.0,9.0,1.0,70.93029720931251,1
S1104,71.06734000851085,2.0,12.0,2.0,77.2447271164468,79.65887371756219,8.0,15.0,3.0,63.2035390402272,53.97040562580716,7.0,15.0,3.0,95.55013620469174,72.0674081466057,7.0,16.0,3.0,79.75484481018081,59.193848870506606,5.0,9.0,-0.0,48.090667477530296,83.54581662469583,6.0,16.0,5.0,50.487268109102544,1
S1105,98.50301113641633,7.0,17.0,3.0,76.36409785007547,76.90695303071536,7.0,19.0,0.0,86.6389009737882,72.0035637179268,9.0,10.0,0.0,92.0994201568965,83.70348262753501,6.0,16.0,2.0,66.78001361976364,94.58382357034117,7.0,13.0,0.0,80.64117885969769,100.0,9.0,9.0,0.0,83.68701026442828,0
S1106,68.37338312847363,8.0,13.0,2.0,59.06851053090041,80.12207853566186,6.0,8.0,3.0,83.76798078649306,61.68375964209874,10.0,9.0,3.0,51.958375190201075,51.35184283760768,6.0,6.0,3.0,68.87566929209585,51.5311392438157,4.0,9.0,2.0,45.93328624850102,62.50576315580426,8.0,10.0,3.0,52.19869544341442,1
S1107,100.0,7.0,17.0,0.0,87.41643087705445,79.55179516529975,7.0,6.0,-0.0,84.15728920749932,100.0,10.0,14.0,0.0,45.412383353893695,87.415846271691,7.0,12.0,2.0,80.05890302144765,87.25042190283398,8.0,15.0,0.0,80.98024509758007,82.3595644904492,10.0,16.0,0.0,100.0,1
S1108,90.90110375896596,7.0,12.0,0.0,80.77343364170758,97.87769594435751,6.0,11.0,0.0,63.2121142837825,100.0,6.0,16.0,0.0,85.58016647765513,78.02797590836123,7.0,19.0,3.0,55.704668505247085,95.01105743864747,7.0,15.0,0.0,61.194050960365516,92.03053641944996,6.0,11.0,-0.0,81.80726367476059,0
S1109,83.15313291632066,5.0,6.0,4.0,63.11728582505884,61.17448453654086,4.0,11.0,3.0,29.51123795149852,86.34533060081048,2.0,11.0,1.0,55.402491570255165,86.61147936666745,9.0,4.0,3.0,47.23375500210659,80.3370346826122,-0.0,7.0,0.0,49.35645978712009,52.17783249218564,2.0,10.0,3.0,64.66252003005543,0
S1110,75.89462316312346,2.0,12.0,4.0,67.45572574267506,72.45798524944125,7.0,10.0,2.0,69.21595178663136,72.08008964911689,4.0,13.0,5.0,65.63686057346982,98.73392935354046,6.0,19.0,3.0,81.04063881383787,99.35057171374588,5.0,15.0,4.0,50.13445617725205,47.41760828977145,2.0,10.0,2.0,31.047221232829408,0
S1111,75.5555065321746,5.0,10.0,6.0,39.378404824522256,49.70725941793945,4.0,9.0,1.0,40.958794070457586,62.324746877908176,3.0,10.0,1.0,49.92231063207908,63.829118677508276,5.0,16.0,2.0,50.69882942132662,58.89957107260682,4.0,11.0,3.0,41.97420469191293,53.794107531397046,2.0,11.0,0.0,63.020264059730316,1
S1112,88.33931686776296,3.0,10.0,2.0,84.58047480474212,86.05700610381801,4.0,11.0,1.0,82.85246151713179,69.21830438783273,7.0,15.0,2.0,54.702746808488826,66.93133973697074,4.0,21.0,-0.0,83.39888266964304,73.00692265791892,9.0,12.0,1.0,69.49374558378457,87.99438162605121,7.0,20.0,2.0,68.23117356856235,1
S1113,100.0,6.0,19.0,1.0,95.857452683431,100.0,10.0,19.0,0.0,99.08637054304363,98.070944353046,6.0,11.0,0.0,73.54411511087125,100.0,7.0,16.0,2.0,91.43724844092017,99.34213986436671,7.0,12.0,0.0,45.58926737712273,100.0,4.0,25.0,1.0,59.402275159161405,0
S1114,85.31608136936258,8.0,9.0,1.0,73.0095324823676,74.56122403150232,5.0,14.0,1.0,48.78732524699498,81.49079116476953,8.0,14.0,1.0,80.29729397393398,71.67189127195898,4.0,11.0,2.0,64.12867805364813,100.0,4.0,17.0,1.0,45.16966881833387,74.139633210015,4.0,14.0,1.0,71.7340827679848,0
S1115,86.8311042274191,6.0,9.0,2.0,46.061512735898916,73.19165069662554,4.0,14.0,2.0,74.73418285021972,77.26158944457134,3.0,18.0,2.0,62.0184318843553,73.08760308721769,7.0,13.0,3.0,49.01177236135446,97.67059324348457,6.0,11.0,1.0,78.23166397347687,77.38645839493556,6.0,11.0,1.0,45.72365768198573,0
S1116,85.52711932406042,5.0,18.0,2.0,65.60367295259864,86.18657640306976,-0.0,12.0,2.0,85.30682658135072,99.74773421289396,2.0,5.0,4.0,62.1642628338034,72.38492938606042,7.0,15.0,1.0,51.08465622980242,67.11017365735732,6.0,7.0,1.0,69.27481593172534,80.99766477147276,4.0,14.0,1.0,75.76451296076077,1
S1117,66.07008923614845,5.0,13.0,3.0,59.38487748960094,74.88493461743954,5.0,12.0,2.0,70.92974576635693,67.21336749930155,4.0,11.0,4.0,35.39177597962593,62.32344681122877,4.0,7.0,5.0,76.98653380777012,66.24340448412867,4.0,14.0,1.0,46.53606267047439,59.74632227285399,5.0,9.0,0.0,76.73878973775598,0
S1118,90.83376250213402,6.0,11.0,1.0,55.58830092101901,56.36382309413582,6.0,15.0,1.0,42.26339213328808,100.0,4.0,16.0,2.0,72.8895109949303,80.51733165714889,9.0,8.0,1.0,73.73702801688943,94.57838207278299,3.0,10.0,-0.0,85.24735133305997,75.24800834698169,4.0,6.0,0.0,46.544736190374266,0
S1119,100.0,5.0,12.0,3.0,59.43772239189258,100.0,5.0,8.0,1.0,52.5285266548589,58.27072487645647,3.0,17.0,4.0,48.91260810114535,61.16559741821664,8.0,10.0,1.0,40.20615944825671,87.56415463940417,5.0,15.0,5.0,55.53117070259628,80.1474402180417,6.0,11.0,3.0,64.05991177941685,1
S1120,89.63013533863537,8.0,15.0,-0.0,58.15510006852648,98.81754044636064,6.0,16.0,0.0,59.96374441384013,100.0,6.0,17.0,0.0,90.74563829011964,83.25073470386354,7.0,11.0,-0.0,89.56171888327404,98.3772417299292,6.0,4.0,-0.0,69.77056507745615,76.50571931858023,5.0,19.0,2.0,75.57780125054761,0
S1121,82.08008865575704,3.0,0.0,2.0,71.99891836937209,85.00953389095359,4.0,14.0,2.0,70.82544579162058,71.76726440045363,3.0,11.0,4.0,53.21941461633933,88.08584091587927,6.0,16.0,4.0,38.48090947207185,70.0615269334086,4.0,10.0,3.0,52.52943336817123,65.83754503879345,1.0,5.0,3.0,35.64283365152138,1
S1122,97.0591533583913,6.0,8.0,4.0,70.29228890677236,79.84332058801378,5.0,17.0,0.0,73.7554872269406,89.6520142272463,6.0,14.0,3.0,63.82905723120304,80.36312266346812,4.0,10.0,-0.0,56.40317508802418,87.36138856284593,7.0,17.0,1.0,94.66157728828884,77.5347513910444,7.0,8.0,2.0,80.799970577906,0
S1123,100.0,6.0,13.0,5.0,52.45716907544575,67.58370461850275,7.0,15.0,1.0,37.72764709167642,99.84322166448784,5.0,11.0,2.0,100.0,90.55171281899494,6.0,14.0,-0.0,76.63625459887474,99.80015637965361,5.0,14.0,0.0,78.78955766685546,92.11748066604528,5.0,11.0,2.0,84.25807947149387,1
S1124,84.73471999655577,3.0,11.0,0.0,75.27880168389626,92.29078771892625,7.0,9.0,2.0,66.14665092315875,77.82584221941816,5.0,11.0,1.0,66.0662545039403,56.60714541970782,4.0,16.0,6.0,100.0,71.80988207611696,5.0,15.0,0.0,73.09824586029909,64.4111640495295,5.0,14.0,2.0,98.72353191898397,1
S1125,55.425268776179095,4.0,13.0,0.0,69.05063220168813,76.8436768728968,5.0,9.0,1.0,81.0518350899277,93.05429429237608,6.0,7.0,1.0,63.67371003928915,94.19933711395355,5.0,18.0,3.0,81.26577256210169,98.38876400099407,7.0,9.0,3.0,76.37137126384744,80.45613095799337,4.0,22.0,0.0,76.7881013742922,0
S1126,91.17214024648965,9.0,17.0,-0.0,77.93135125193263,91.09888675290813,8.0,11.0,5.0,72.77321517050866,94.62374454168291,8.0,19.0,-0.0,78.90025909595599,75.54546774075062,6.0,13.0,0.0,63.948095008737816,95.27522059028409,5.0,14.0,2.0,44.763618417766516,67.48143763126323,7.0,9.0,2.0,58.3955549000111,0
S1127,35.881555231578844,4.0,7.0,3.0,44.805133504747175,59.48963349190274,3.0,9.0,3.0,52.33432445032122,53.157512322506264,6.0,10.0,2.0,25.29292234616402,74.80286898746782,-0.0,10.0,2.0,50.682987721466375,52.01170834067521,8.0,8.0,2.0,41.97046902174816,52.304836765416155,4.0,8.0,3.0,57.487290725222614,1
S1128,100.0,3.0,8.0,3.0,57.763748412676456,85.5393785747832,5.0,12.0,1.0,63.874548409016846,73.86730333520397,6.0,9.0,0.0,86.49579052797816,83.73420367575903,7.0,8.0,0.0,81.8603890555106,92.58182396570005,6.0,13.0,1.0,75.35427608467468,90.54642595970873,7.0,12.0,1.0,86.97175941166718,0
S1129,86.71654366626984,3.0,14.0,2.0,59.64713633136408,74.98290063503978,6.0,8.0,1.0,55.61378792672787,84.42653909376763,6.0,14.0,2.0,84.3541217101517,76.73821606340681,8.0,17.0,1.0,90.34504717343532,92.84022107776413,3.0,21.0,3.0,70.38144232524199,81.79671100092077,5.0,11.0,3.0,63.93078308603431,1
S1130,100.0,8.0,15.0,0.0,81.44012654442375,100.0,6.0,12.0,0.0,88.73572804163463,100.0,8.0,21.0,0.0,96.31683400434757,83.7384853870974,8.0,22.0,0.0,85.5075566214762,100.0,7.0,22.0,0.0,100.0,100.0,8.0,16.0,2.0,100.0,0
S1131,81.01094721360164,10.0,13.0,1.0,77.20562487192943,77.17573239828218,7.0,6.0,2.0,77.67138183708651,100.0,8.0,18.0,1.0,29.66270861112644,100.0,1.0,6.0,3.0,73.88143644855332,100.0,5.0,17.0,1.0,69.44939146891369,88.96991060283088,7.0,12.0,0.0,43.97334488836712,0
S1132,66.26371798941923,5.0,11.0,0.0,72.70215276051061,100.0,3.0,0.0,0.0,79.24429752922491,92.52582588836083,7.0,9.0,2.0,66.99897046590266,93.33277494558848,5.0,20.0,0.0,59.01005516631486,83.16826632018181,4.0,16.0,2.0,83.8352969013104,94.50996154228781,9.0,24.0,1.0,91.28167236110922,0
S1133,92.67343204763706,9.0,22.0,0.0,72.18844847245299,100.0,4.0,13.0,-0.0,84.6095257019029,87.89929660438598,9.0,1.0,0.0,57.038399597691765,98.70127223421112,4.0,11.0,0.0,84.17074829032909,91.92263522781796,7.0,10.0,-0.0,86.14258682751733,97.0816759392554,7.0,17.0,0.0,86.06395870365961,0
S1134,66.39797519337053,4.0,-0.0,3.0,48.25645038027076,85.99361149844235,-0.0,18.0,2.0,55.3849839345074,73.27415197733632,-0.0,11.0,1.0,69.92041904165559,87.42714893827574,2.0,11.0,3.0,68.54653196488896,33.536477410922025,1.0,7.0,3.0,56.182416682517385,64.64257313466581,2.0,7.0,5.0,18.561751541832393,1
S1135,77.91582561547241,7.0,11.0,0.0,64.72973200188544,98.72006335865252,5.0,20.0,-0.0,84.97809485814983,58.454478595798115,5.0,9.0,1.0,84.38523297554634,85.30335967610475,9.0,13.0,6.0,42.507788914145635,95.60418788825093,5.0,6.0,2.0,74.1910259411356,66.02648367481544,6.0,17.0,0.0,75.006562446411,0
S1136,68.84304862629239,1.0,9.0,1.0,90.22370450391453,66.41253295869552,7.0,5.0,0.0,49.86661215291668,59.643381573918326,5.0,12.0,2.0,60.5476959644483,82.85591387408026,0.0,9.0,4.0,49.560273312684785,78.46215026858148,6.0,4.0,1.0,51.05275191694254,64.56559863344248,3.0,10.0,0.0,27.30451061363697,0
S1137,100.0,7.0,9.0,-0.0,56.5928015385214,94.91980949441245,5.0,12.0,1.0,47.166609681180056,83.9751011252726,5.0,16.0,0.0,50.53939689953614,74.37834593248401,4.0,11.0,2.0,50.39470935470143,95.99366068286267,4.0,8.0,3.0,39.75859611867978,72.92800082990112,1.0,12.0,3.0,58.82776357171453,0
S1138,91.60480036779136,5.0,16.0,3.0,59.81611351613755,80.03637582004913,7.0,6.0,3.0,74.30647300763911,94.17487982207207,4.0,16.0,4.0,88.54784058313327,89.24143619336114,7.0,8.0,-0.0,69.7404190327485,68.75032891332832,7.0,12.0,2.0,72.51629206065638,72.73346644152143,2.0,11.0,3.0,77.13187451426393,0
S1139,95.57074419519734,7.0,15.0,2.0,100.0,63.934550417893824,10.0,7.0,2.0,70.65727823857458,84.57399294070703,3.0,19.0,0.0,65.21630853085217,74.21560043574102,4.0,14.0,0.0,51.55671733478958,92.9213055543789,2.0,7.0,1.0,74.88596179359276,82.84661280860458,5.0,11.0,0.0,66.98359913515415,0
S1140,92.08548393080423,4.0,12.0,2.0,73.85622371823314,99.5966582005322,6.0,7.0,4.0,74.9190787033035,98.65710923189583,7.0,17.0,5.0,93.23723242039333,74.71193568635219,4.0,11.0,2.0,49.480062776046765,92.58323278941943,5.0,12.0,2.0,76.16107594234619,62.563389987271634,6.0,7.0,1.0,85.55461664974132,0
S1141,80.84680069267786,4.0,7.0,1.0,31.492320646849663,76.2391485215216,2.0,7.0,5.0,33.10973109354041,72.70853326275471,2.0,15.0,4.0,54.52746890557848,63.05726187190285,7.0,3.0,3.0,66.54131989945468,53.682255613576714,1.0,8.0,4.0,51.695398586238056,50.60712679695577,3.0,2.0,6.0,51.7043345945793,1
S1142,100.0,9.0,17.0,0.0,100.0,100.0,7.0,16.0,-0.0,100.0,100.0,5.0,23.0,0.0,98.29141953234526,91.10693107474671,9.0,13.0,0.0,88.87778937256758,100.0,9.0,13.0,2.0,100.0,93.37094358259164,10.0,19.0,0.0,90.67181170881666,0
S1143,79.35986749672195,8.0,16.0,0.0,75.27491299557072,88.91479210085166,8.0,17.0,2.0,97.96249123567776,100.0,10.0,22.0,1.0,81.57119606051135,100.0,10.0,11.0,0.0,87.17677117498576,100.0,6.0,23.0,0.0,75.89159746590177,98.96630831561635,6.0,16.0,0.0,100.0,1
S1144,85.71184554554513,7.0,13.0,0.0,86.15856941983249,80.54047102266956,5.0,16.0,1.0,69.39975183657337,92.07593937648011,7.0,13.0,2.0,93.12908639950646,83.03138062312603,7.0,11.0,-0.0,79.47530008835118,65.99873785686884,10.0,8.0,2.0,93.9891348268567,76.75694332391907,3.0,17.0,2.0,68.70535580741173,0
S1145,91.58102181864476,5.0,11.0,3.0,64.90124926943477,59.586446280036625,4.0,11.0,2.0,54.758377137119275,75.65656666441038,5.0,7.0,4.0,76.37279556073483,56.78946570523457,6.0,14.0,0.0,81.44618664846973,87.25396314432557,2.0,16.0,2.0,54.02391011802263,71.41104807472823,4.0,8.0,0.0,67.50239296438335,0
S1146,62.771246586214986,3.0,11.0,-0.0,54.94181385950817,85.34982155901159,7.0,11.0,2.0,76.17910349841137,91.98433346259499,3.0,20.0,1.0,81.29943944756458,67.71690869848878,7.0,8.0,4.0,55.23865609630733,63.60236896645589,7.0,1.0,5.0,59.5892070178942,74.03441229833386,3.0,6.0,1.0,62.59232211220452,0
S1147,74.6796494158258,8.0,14.0,3.0,85.7974375833114,57.156333219327614,7.0,7.0,4.0,47.844351070831266,62.69132721019031,5.0,11.0,2.0,65.7547047993838,71.45538438385705,9.0,15.0,1.0,57.720723568384344,55.084857846359085,7.0,10.0,-0.0,72.80136057140997,69.44782235365919,5.0,14.0,0.0,62.324109471134136,1
S1148,77.92546812565851,8.0,8.0,-0.0,79.77207806603514,89.26867548344639,3.0,7.0,1.0,100.0,89.21998244677891,8.0,18.0,-0.0,71.18391789922451,95.26074261974517,3.0,12.0,1.0,66.3535277483681,89.02534434848599,7.0,8.0,0.0,64.6331158018603,84.28438048426955,4.0,12.0,1.0,88.0855104284446,0
S1149,88.81487039645819,3.0,6.0,4.0,71.43141519187128,60.26619920098436,3.0,4.0,2.0,49.22469390899174,78.81588113760131,1.0,8.0,0.0,66.14138534816573,73.01289480426594,4.0,9.0,3.0,72.95068760219016,68.40655093717109,4.0,7.0,3.0,68.29563453162905,55.40214199111105,-0.0,13.0,1.0,48.47433821115183,1
S1150,79.66133475019872,5.0,3.0,7.0,63.78692148175194,53.147409225326236,3.0,12.0,4.0,81.78511897295124,66.10648669178673,1.0,14.0,2.0,77.8936130957496,86.83751896959772,4.0,10.0,4.0,56.744154154108216,85.91361341769084,8.0,17.0,4.0,52.89904980050202,58.726783132543005,0.0,10.0,3.0,46.073757305385975,0
S1151,87.79385130374028,4.0,15.0,0.0,59.93719835418097,82.43562497535564,6.0,10.0,0.0,63.57678869626633,72.70977186422179,4.0,2.0,5.0,80.39370198863276,85.01667900351069,4.0,17.0,0.0,62.08404532058154,80.55599330849864,10.0,10.0,0.0,67.81328406141627,100.0,6.0,19.0,3.0,51.295896285754566,1
S1152,78.86998246009641,2.0,11.0,4.0,66.9323861587465,67.00517407890037,7.0,2.0,3.0,80.5038781986159,69.69779114524476,4.0,8.0,2.0,60.3085575752914,63.56323385983332,6.0,4.0,4.0,63.845974321286384,79.152998623489,4.0,5.0,3.0,55.83762450545951,61.04190969076642,2.0,13.0,5.0,28.387775272985742,1
S1153,78.55391107162106,7.0,13.0,0.0,82.20256286326116,88.659171367351,11.0,11.0,2.0,54.985388270107485,87.94488425566868,4.0,11.0,5.0,39.27248825888811,77.10058977652822,6.0,18.0,1.0,90.91110616258092,83.50661449484839,5.0,13.0,2.0,57.19812441154309,51.723761195084506,1.0,13.0,5.0,86.04593646328627,0
S1154,90.54698868494177,3.0,8.0,2.0,75.50116287707458,72.56505006986723,5.0,8.0,1.0,73.87853956748263,81.37813732427747,8.0,15.0,4.0,84.96023481902736,82.7997368516732,10.0,17.0,1.0,74.65479428749549,98.82780155092526,5.0,12.0,2.0,100.0,90.28185184859072,7.0,16.0,1.0,61.00381704611798,0
S1155,60.10179980461214,6.0,18.0,2.0,86.24482807085104,64.83623902531409,4.0,17.0,3.0,72.28832223238788,60.69696052808845,7.0,15.0,7.0,40.87996444564406,78.97968904435798,7.0,10.0,5.0,57.24957046449837,62.08712663051701,2.0,11.0,3.0,49.265365183048495,63.82838670713174,8.0,9.0,2.0,57.681497983609226,1
S1156,54.545951906627735,5.0,9.0,2.0,78.80068961903994,51.731549149743856,7.0,9.0,0.0,76.16294868795474,93.79027297555086,6.0,7.0,4.0,67.38394936034595,80.30112142119327,8.0,16.0,0.0,94.09584802607736,81.56569521298675,6.0,8.0,0.0,34.88829887658528,81.70941845419401,5.0,5.0,1.0,88.70567414215975,0
S1157,83.78623524984094,5.0,13.0,0.0,70.9543572292577,55.37310149776558,4.0,15.0,2.0,83.39726720366549,85.9768193609277,7.0,15.0,5.0,66.36587490926708,73.24254607819358,3.0,11.0,3.0,86.60382452397249,78.69643084883428,6.0,9.0,-0.0,56.73569390591704,78.91084177421452,6.0,13.0,0.0,66.00018303197062,0
S1158,69.68539378118041,4.0,12.0,4.0,56.79127571235371,86.97581962565683,3.0,13.0,2.0,46.445854670882355,77.0917998717889,4.0,14.0,4.0,33.42170551518567,64.70071635866485,2.0,10.0,5.0,69.85801436907651,72.04171131197992,0.0,6.0,2.0,55.10860671818462,70.396025587071,4.0,17.0,4.0,60.47212620021629,1
S1159,100.0,10.0,13.0,0.0,94.43004109094761,100.0,8.0,14.0,3.0,93.69603850529822,100.0,9.0,27.0,0.0,97.72376454363453,100.0,7.0,15.0,0.0,85.49910672635595,100.0,10.0,21.0,-0.0,87.23277787307634,100.0,4.0,8.0,0.0,72.62042508734956,0
S1160,100.0,6.0,13.0,2.0,64.65949870326581,98.3072403344427,2.0,15.0,0.0,99.6542817655687,100.0,5.0,18.0,0.0,100.0,84.31746741213392,10.0,19.0,-0.0,73.77925272428013,88.62607147992529,8.0,14.0,1.0,96.43690092099283,92.87589871133515,9.0,17.0,1.0,100.0,0
S1161,100.0,8.0,15.0,-0.0,78.60969352242323,84.77182949923991,7.0,17.0,0.0,69.99712723967838,100.0,5.0,13.0,0.0,75.49422682722482,97.66187982985451,5.0,12.0,3.0,54.19254191660842,89.40257221109589,6.0,10.0,0.0,93.62127746619466,100.0,10.0,8.0,0.0,78.16833163458597,0
S1162,74.01958400373033,6.0,24.0,0.0,74.72921727046439,82.01448001737558,6.0,13.0,0.0,79.64818133134568,76.506912380759,3.0,8.0,1.0,82.35492174947187,65.85166996943495,4.0,13.0,1.0,85.14144290564752,100.0,5.0,13.0,1.0,67.17513083996525,57.37816106104585,10.0,13.0,0.0,57.376485574966075,1
S1163,80.5735094480291,3.0,14.0,4.0,64.7208899999289,94.88358029726268,8.0,14.0,3.0,67.4778383407718,89.64390547420533,6.0,20.0,2.0,100.0,96.86754598512563,4.0,15.0,2.0,71.62404180286276,62.868476448890924,7.0,13.0,-0.0,46.994890918258946,66.89483724853227,5.0,13.0,2.0,56.27974588453813,0
S1164,100.0,7.0,22.0,-0.0,87.8007347395962,92.00791388763896,7.0,10.0,0.0,85.95549396988694,91.09071747298098,8.0,18.0,0.0,95.1498415438547,100.0,13.0,20.0,0.0,57.8608261992891,100.0,11.0,18.0,3.0,65.10916999816911,86.67944305058839,5.0,18.0,-0.0,100.0,0
S1165,100.0,10.0,19.0,3.0,78.14988518807982,95.28834475991935,4.0,16.0,0.0,79.03528335291054,86.58722438936509,4.0,14.0,0.0,68.82377401590007,100.0,6.0,11.0,1.0,94.6774467522111,100.0,8.0,12.0,1.0,77.4007469936574,70.52261145452148,9.0,15.0,0.0,69.64510130153442,0
S1166,100.0,10.0,15.0,2.0,87.44010326061846,90.91618585798427,6.0,12.0,1.0,65.57245267424621,73.7192536563757,7.0,7.0,1.0,79.92662393095418,76.87010118645416,8.0,17.0,2.0,71.88550342592843,96.81530429378792,8.0,14.0,2.0,54.705282645277265,83.71661653268092,8.0,19.0,1.0,62.656094117166546,0
S1167,68.40110093114575,4.0,3.0,3.0,52.70933241416132,47.7425829461709,0.0,8.0,5.0,39.77605438952681,50.73497680476673,1.0,3.0,3.0,50.156681642771495,67.3697557329627,0.0,3.0,4.0,40.428632909392604,77.02043400274114,1.0,8.0,6.0,38.27672450628514,46.031377000246756,4.0,11.0,3.0,37.362786627259126,1
S1168,57.5273831081899,1.0,12.0,3.0,52.32272654871631,55.46652562287894,1.0,12.0,4.0,52.01163205160242,67.9212500371978,1.0,11.0,3.0,70.055964388364,72.21019933759895,5.0,0.0,0.0,28.80101036451356,71.84302633968406,2.0,4.0,5.0,69.88081953730423,71.87724063624557,2.0,7.0,5.0,50.61779413430789,1
S1169,75.93084802066964,7.0,7.0,1.0,52.97651369861852,89.64909405475723,7.0,16.0,1.0,70.67935819487668,84.93698313292626,5.0,14.0,1.0,89.11419894577969,83.14245902803646,2.0,10.0,2.0,79.00827234533641,89.53872815938351,7.0,16.0,1.0,76.91715815764724,83.4699796000702,7.0,17.0,3.0,74.24296635529822,1
S1170,95.46631079397366,8.0,19.0,3.0,96.70595124460438,73.87675855672548,5.0,14.0,1.0,93.65413620018734,72.0069953543905,4.0,5.0,1.0,32.857462244284044,80.2796959567159,4.0,16.0,0.0,78.66061326394365,78.79866149236013,3.0,13.0,1.0,72.27518393191008,81.44328065936112,4.0,12.0,0.0,77.85683928583542,1
S1171,81.43330879825892,8.0,15.0,1.0,77.50556599188694,99.66199611655342,9.0,17.0,1.0,93.631417767312,75.56501197945147,8.0,17.0,2.0,67.50517624113647,80.4194912911908,6.0,14.0,1.0,78.82021422909905,97.87325333524247,7.0,10.0,2.0,64.92122330304682,88.08318164839646,7.0,13.0,1.0,82.77869452216893,0
S1172,100.0,10.0,6.0,-0.0,85.94889378052082,96.93048702968774,4.0,19.0,-0.0,91.14103111116162,100.0,8.0,10.0,0.0,86.10093001566224,85.63971817280802,8.0,14.0,0.0,81.22597305785817,100.0,9.0,12.0,0.0,89.62563136228073,88.36548430444157,7.0,11.0,-0.0,96.14124614408335,0
S1173,81.90834666247069,6.0,11.0,1.0,64.37350998229381,84.41408970627252,5.0,18.0,2.0,58.484755306012204,86.38761108699175,7.0,18.0,3.0,54.954782988557504,73.07087021681741,4.0,12.0,3.0,100.0,81.7276871428171,6.0,12.0,0.0,65.54946399961716,91.97520878660306,10.0,18.0,0.0,65.35035021397812,0
S1174,100.0,7.0,17.0,0.0,71.14075664752275,100.0,6.0,14.0,2.0,66.44219654586891,82.28754178048565,6.0,15.0,1.0,26.17723800517127,76.70706410684882,10.0,14.0,0.0,61.131371528924916,82.46245250474948,7.0,12.0,3.0,81.3194340335367,100.0,8.0,13.0,2.0,100.0,0
S1175,78.67698821276598,4.0,11.0,3.0,90.46531798862742,80.51505130555867,8.0,13.0,1.0,96.48185981054584,87.67475736471663,5.0,10.0,1.0,58.689846488110604,100.0,7.0,15.0,1.0,58.74838742586615,66.88268385620476,6.0,15.0,0.0,79.02787490514302,66.38736384031822,1.0,3.0,0.0,62.01034324622249,1
S1176,70.33126867660687,4.0,18.0,-0.0,100.0,100.0,9.0,19.0,0.0,69.86366238542405,100.0,11.0,19.0,-0.0,83.95150998560752,80.37764126025095,6.0,9.0,0.0,93.91765282024231,100.0,6.0,14.0,0.0,96.5757897078628,100.0,8.0,18.0,1.0,100.0,0
S1177,96.43505481336246,7.0,10.0,0.0,81.84125223318996,68.47732477080689,8.0,12.0,0.0,77.2137792372099,97.02726735716358,3.0,15.0,0.0,68.26575902374242,90.96846477868597,8.0,13.0,0.0,61.417585469818704,71.01792454803399,4.0,15.0,2.0,77.42421314347715,80.32992806385269,7.0,12.0,-0.0,67.23357135250167,0
S1178,71.97683971442174,6.0,6.0,1.0,65.00872688494154,74.32074578798172,8.0,6.0,3.0,71.5670110478532,46.120287523326475,8.0,17.0,2.0,52.55652347590292,84.39356347429012,5.0,12.0,3.0,51.27883221523237,73.10658967817868,5.0,8.0,1.0,73.68065005257786,69.33490252135991,4.0,10.0,0.0,46.524986923752635,1
S1179,78.48326671762966,6.0,11.0,1.0,73.00555581235318,77.90395787728956,4.0,13.0,0.0,59.97937290139434,100.0,8.0,12.0,3.0,64.91840876914823,81.06168520775212,4.0,6.0,0.0,80.1791650721713,47.19080877385435,8.0,11.0,3.0,57.17017479289667,81.64521848478161,3.0,10.0,5.0,40.99866291872006,1
S1180,76.36735204373237,2.0,11.0,-0.0,64.85843815735107,100.0,8.0,10.0,0.0,49.794427708496826,54.416850690353314,6.0,12.0,3.0,68.62851486610968,81.5512717786256,7.0,6.0,4.0,72.29796456175232,85.80403080929281,7.0,16.0,5.0,79.68125002268943,82.15233813425108,6.0,10.0,-0.0,68.08059091117984,1
S1181,93.2409308759142,9.0,14.0,0.0,78.541768985047,72.60595382660873,5.0,10.0,1.0,70.21633689547956,93.25323548120544,7.0,14.0,0.0,74.64453024605378,100.0,2.0,13.0,1.0,87.98282152089027,100.0,7.0,14.0,0.0,68.78515707780228,93.67020932358776,5.0,26.0,0.0,97.47231572454416,0
S1182,82.08254394992528,8.0,15.0,5.0,64.186625599733,71.0439386257955,2.0,12.0,5.0,51.802072666387986,58.19760536811462,7.0,11.0,0.0,78.6575562132758,66.04739101926877,6.0,10.0,2.0,61.99869058517033,71.94583369165811,4.0,8.0,2.0,56.548585810196215,66.44304004869034,6.0,17.0,2.0,43.33884302575785,1
S1183,72.40795012238786,7.0,10.0,0.0,69.82590850878228,100.0,8.0,19.0,0.0,66.06921679864959,81.12230334294179,6.0,21.0,-0.0,76.81011878833117,90.6529364109029,5.0,14.0,1.0,66.31196941660244,100.0,6.0,10.0,3.0,93.31476496202218,100.0,4.0,17.0,-0.0,63.71719442032911,0
S1184,68.83439223986731,5.0,12.0,3.0,65.20312054997498,65.21831807611716,2.0,4.0,2.0,80.25950635845996,77.65147915911129,3.0,9.0,4.0,49.47022947903861,70.31582478373086,3.0,8.0,3.0,58.134025400930305,89.6072039659149,4.0,11.0,3.0,54.92814692295623,65.5589716650353,4.0,12.0,3.0,67.0772158068732,0
S1185,90.3254804002087,6.0,12.0,0.0,70.96547972488483,79.16295971769208,7.0,16.0,1.0,67.97862285756513,56.46474333721682,5.0,15.0,2.0,52.36286425328424,96.5473325378023,9.0,10.0,1.0,66.99933935250223,86.27445402456665,6.0,18.0,1.0,49.33538742151126,79.29179667484341,7.0,17.0,2.0,68.07079883613378,1
S1186,89.77124518572502,11.0,9.0,1.0,90.20497928839043,100.0,7.0,5.0,-0.0,74.43065957471292,95.25731546398237,6.0,12.0,0.0,78.78229774515822,100.0,6.0,13.0,0.0,93.61090393495493,94.18169015891084,9.0,10.0,4.0,76.01337150891442,100.0,8.0,16.0,1.0,73.56481296774447,0
S1187,66.17249423915341,4.0,7.0,1.0,62.494059641153356,87.29227739506642,8.0,11.0,2.0,72.65938965995275,98.44628382328939,4.0,4.0,0.0,86.74986619533625,69.95096962845656,8.0,14.0,2.0,77.12398016402359,79.68539732379409,10.0,12.0,1.0,90.64625694778775,67.43317554686676,6.0,16.0,2.0,53.25230482828343,0
S1188,86.00366295637939,5.0,11.0,1.0,74.2882715196339,96.37024454275152,5.0,19.0,-0.0,73.69774525349112,67.06211494224794,7.0,12.0,1.0,52.81472065135845,52.40778872604666,6.0,16.0,0.0,51.35655406177939,83.13089172961843,3.0,4.0,2.0,32.55605492988429,70.47720451241193,5.0,13.0,0.0,68.67342103542275,0
S1189,88.73451638007788,3.0,19.0,2.0,49.18198529394694,80.23906653565818,5.0,9.0,1.0,57.04567031044789,57.77396009547354,3.0,12.0,1.0,70.21265897120783,80.88695964300766,5.0,2.0,3.0,72.92393738387821,71.96265872404797,6.0,9.0,5.0,63.30385070174227,85.55900395668581,5.0,11.0,3.0,71.01138652323979,0
S1190,83.01092438017253,5.0,15.0,1.0,61.39394585174684,99.08414161805922,7.0,13.0,1.0,82.03761710690699,81.0792056460197,6.0,12.0,3.0,70.73367571464456,95.1953414827171,5.0,15.0,0.0,45.910794275351876,88.52962929177801,7.0,13.0,3.0,60.53382959084326,87.88686737018878,4.0,16.0,2.0,76.2943714619042,0
S1191,41.62028502175403,3.0,2.0,-0.0,45.27726026594905,60.430331915669484,2.0,12.0,3.0,34.88615625299765,60.29033432277191,1.0,3.0,5.0,80.58747266705495,87.43415996236988,3.0,8.0,0.0,48.196305208908896,71.01987556938258,3.0,2.0,5.0,50.33533367099818,73.87864328225604,0.0,7.0,2.0,53.05340138204304,0
S1192,79.38901847953365,7.0,0.0,4.0,42.91616747690291,61.631076584144296,3.0,3.0,1.0,74.3231431397642,62.97464947513423,4.0,11.0,1.0,63.388412781382385,78.57206573374772,7.0,12.0,3.0,41.9362150109633,66.56243054542611,2.0,8.0,1.0,53.04527605603026,53.04276977189174,5.0,10.0,6.0,43.14502447579468,1
S1193,64.90454070336102,9.0,15.0,2.0,84.78581313139681,81.71451696416166,7.0,13.0,2.0,70.44120840718644,69.76304236698593,4.0,14.0,2.0,60.791373812035495,100.0,8.0,17.0,1.0,58.56709294140741,96.37262506787316,6.0,14.0,3.0,84.01330668806901,86.67657550252821,9.0,9.0,2.0,74.97030585857688,1
S1194,77.45425138867161,5.0,10.0,2.0,46.93204721197339,59.439422946082395,4.0,11.0,2.0,59.826608954106355,79.17887504072708,2.0,7.0,3.0,70.80795528133616,92.46938886100934,4.0,7.0,1.0,87.47098977118446,69.40604498282465,9.0,11.0,3.0,61.25209463183089,68.32617977462708,6.0,7.0,4.0,63.85637603785575,1
S1195,50.07870576602402,2.0,12.0,2.0,38.87723642442472,66.13041201745108,2.0,15.0,3.0,38.95986460561019,67.07143380023071,3.0,2.0,2.0,59.44237302066171,77.10560492250035,1.0,12.0,4.0,28.072627098218632,59.38433424667384,4.0,9.0,3.0,62.809551895246834,85.9972752989505,3.0,0.0,5.0,30.277053052737813,0
S1196,46.51659796218313,8.0,4.0,1.0,65.97086193898272,55.40413203832376,3.0,3.0,4.0,31.205252164981943,46.84690857790886,5.0,7.0,4.0,42.836999820028325,69.80859551334449,2.0,3.0,3.0,36.926437208268,47.1043741874943,1.0,4.0,4.0,66.37299459100416,68.14720306440697,1.0,10.0,3.0,44.16237235338011,0
S1197,90.20507848409119,6.0,16.0,0.0,72.29184098227387,87.04653188931776,10.0,13.0,-0.0,56.9465917068095,83.58095495380235,8.0,17.0,1.0,63.98405894760484,78.9214839337252,9.0,15.0,0.0,87.4256236066799,90.66059786913236,7.0,16.0,0.0,80.6985568865042,93.24017534900695,9.0,18.0,1.0,85.41002355410917,0
S1198,89.99229354560154,6.0,17.0,3.0,74.63133351963815,97.77576513818067,6.0,10.0,2.0,66.58645774627449,93.02976815079737,8.0,16.0,1.0,84.7698237887435,90.89152195266837,9.0,13.0,0.0,70.68529247289517,100.0,4.0,12.0,3.0,72.23236131937823,93.6226461817682,8.0,18.0,1.0,76.16996601417617,0
S1199,57.93539434129026,0.0,7.0,3.0,38.98240611982999,51.54130401023618,3.0,5.0,2.0,61.37823722109442,53.28623344887564,3.0,5.0,1.0,54.04002460737152,68.06635677463765,5.0,9.0,0.0,55.328620363413144,53.26125451948501,4.0,12.0,4.0,58.431386714064125,64.3173463970979,5.0,4.0,2.0,25.70333213394941,1
S1200,100.0,10.0,13.0,0.0,90.24412741509396,100.0,3.0,19.0,0.0,65.1249125961111,94.98503535157546,6.0,15.0,1.0,57.35110922405062,91.24337596089056,4.0,10.0,1.0,98.59650536597026,97.29363988370324,8.0,5.0,0.0,86.56542784875585,100.0,9.0,16.0,0.0,69.61785709681082,0
